k_star,persistence,replication,reference,k,gap,se,log_w,argmax_is_1
2,0.9,0,uniform,1,1.3721947840254636,0.015926516558252106,5.263461332325127,1
2,0.9,0,uniform,2,0.9465461858110578,0.018950434355669576,4.302716431437934,1
2,0.9,0,uniform,3,0.7919234675335707,0.016801649523159892,3.6428439189015736,1
2,0.9,0,uniform,4,0.719130787361216,0.019197795461771743,3.1436537091942385,1
2,0.9,0,uniform,5,0.6934839271568447,0.02144442681064059,2.719481499471778,1
2,0.9,0,uniform,6,0.6803726835457766,0.02164219903346431,2.3645600103322835,1
2,0.9,0,gaussian,1,0.003075494941861656,0.026002121656370364,5.263461332325127,0
2,0.9,0,gaussian,2,-0.06855049608202712,0.051551310769808935,4.302716431437934,0
2,0.9,0,gaussian,3,-0.033577464900666154,0.037978111821928354,3.6428439189015736,0
2,0.9,0,gaussian,4,-0.030865279251947708,0.040280967049532865,3.1436537091942385,0
2,0.9,0,gaussian,5,-0.006400893173771571,0.05420551782984336,2.719481499471778,0
2,0.9,0,gaussian,6,0.05187976496406943,0.05588106008348862,2.3645600103322835,0
2,0.9,0,lognormal,1,-0.054767048010827324,0.040240823514562575,5.263461332325127,0
2,0.9,0,lognormal,2,-0.10283947881853983,0.07280212218209363,4.302716431437934,0
2,0.9,0,lognormal,3,-0.053618414046140206,0.07060263822395389,3.6428439189015736,0
2,0.9,0,lognormal,4,-0.05525304813394838,0.06233463215684333,3.1436537091942385,0
2,0.9,0,lognormal,5,-0.03721077139435236,0.09137603412983798,2.719481499471778,0
2,0.9,0,lognormal,6,0.03998890711830194,0.0954398022133845,2.3645600103322835,0
2,0.9,1,uniform,1,1.2540949101297274,0.01965502216524885,4.930006447948607,1
2,0.9,1,uniform,2,0.8715331536521238,0.01800818531937618,3.9289240589837724,1
2,0.9,1,uniform,3,0.7462406681817249,0.014587555668041916,3.236803532754167,1
2,0.9,1,uniform,4,0.6737840917067035,0.02074355458557861,2.7291683591844658,1
2,0.9,1,uniform,5,0.6422060816308681,0.021674284953529674,2.320084751035364,1
2,0.9,1,uniform,6,0.5538747073499874,0.019675981147000005,2.032136687046433,1
2,0.9,1,gaussian,1,-0.009766733052273935,0.037850777603358664,4.930006447948607,0
2,0.9,1,gaussian,2,0.00017474411489093455,0.04076277199612011,3.9289240589837724,0
2,0.9,1,gaussian,3,0.03780081591856321,0.04426521289840573,3.236803532754167,0
2,0.9,1,gaussian,4,0.04200376188237609,0.04325960520908964,2.7291683591844658,0
2,0.9,1,gaussian,5,0.07456999802364495,0.0699345836689463,2.320084751035364,0
2,0.9,1,gaussian,6,0.024110610212914718,0.050272273402172454,2.032136687046433,0
2,0.9,1,lognormal,1,0.014768507639734807,0.04155127464616897,4.930006447948607,0
2,0.9,1,lognormal,2,0.0702391710318353,0.05716451192810778,3.9289240589837724,0
2,0.9,1,lognormal,3,0.09914970687356872,0.07549117455332012,3.236803532754167,0
2,0.9,1,lognormal,4,0.11621531166179944,0.07416264059580385,2.7291683591844658,0
2,0.9,1,lognormal,5,0.13164156405800176,0.08329010852286076,2.320084751035364,0
2,0.9,1,lognormal,6,0.12453139391674162,0.10850488030403722,2.032136687046433,0
2,0.9,2,uniform,1,0.9082703518247639,0.02055118672584321,4.850121450739052,1
2,0.9,2,uniform,2,0.5823673806814944,0.01841631044014543,3.7812321751963656,1
2,0.9,2,uniform,3,0.5225745146301191,0.01913941134375205,3.0279143291357653,1
2,0.9,2,uniform,4,0.37233678169557427,0.019193270081248298,2.5981660035474117,1
2,0.9,2,uniform,5,0.34677903286890155,0.019470723866264486,2.1804340763443153,1
2,0.9,2,uniform,6,0.34363538799518056,0.023791228119446083,1.8131259213970348,1
2,0.9,2,gaussian,1,-0.006883805433339774,0.033699583995992294,4.850121450739052,0
2,0.9,2,gaussian,2,0.05464724212516936,0.04149346314503708,3.7812321751963656,0
2,0.9,2,gaussian,3,0.13867304229666688,0.04794741145965695,3.0279143291357653,0
2,0.9,2,gaussian,4,0.08808698245656243,0.04021711031661966,2.5981660035474117,0
2,0.9,2,gaussian,5,0.13360548325277488,0.041852512069481804,2.1804340763443153,0
2,0.9,2,gaussian,6,0.18413092342832837,0.03536780060632985,1.8131259213970348,0
2,0.9,2,lognormal,1,0.05541096543773261,0.04521384720842602,4.850121450739052,0
2,0.9,2,lognormal,2,0.14214364009037128,0.05718976126475186,3.7812321751963656,0
2,0.9,2,lognormal,3,0.22307205166527533,0.07896348231169724,3.0279143291357653,0
2,0.9,2,lognormal,4,0.19801418180076746,0.05570649786563211,2.5981660035474117,0
2,0.9,2,lognormal,5,0.24884893837421096,0.1018827970036361,2.1804340763443153,0
2,0.9,2,lognormal,6,0.28094324274004934,0.07202231095515436,1.8131259213970348,0
2,0.9,3,uniform,1,1.7175150675394306,0.016915267172305175,5.6949991383123315,1
2,0.9,3,uniform,2,1.2085942409107364,0.022812772349347397,4.806675458009821,1
2,0.9,3,uniform,3,1.0367126016678947,0.02610484483779483,4.16946295719503,1
2,0.9,3,uniform,4,0.9510396507283709,0.01796730818493729,3.685597366499923,1
2,0.9,3,uniform,5,1.045287125495769,0.019758611188952953,3.139099043582513,1
2,0.9,3,uniform,6,1.0011316314580605,0.019509491073447727,2.8122855820839616,1
2,0.9,3,gaussian,1,0.010201397401423229,0.034140043777319454,5.6949991383123315,0
2,0.9,3,gaussian,2,-0.14114478934950636,0.038743445279422924,4.806675458009821,0
2,0.9,3,gaussian,3,-0.13761729561949476,0.04386118955520708,4.16946295719503,0
2,0.9,3,gaussian,4,-0.14311583662130767,0.04312822302600863,3.685597366499923,0
2,0.9,3,gaussian,5,0.010988693992270093,0.04222734493841083,3.139099043582513,0
2,0.9,3,gaussian,6,0.01321749947271389,0.038986344872669804,2.8122855820839616,0
2,0.9,3,lognormal,1,-0.3088988367759189,0.055639873735572776,5.6949991383123315,0
2,0.9,3,lognormal,2,-0.4297003370871195,0.05054582461829055,4.806675458009821,0
2,0.9,3,lognormal,3,-0.42249877895541843,0.06390772003732091,4.16946295719503,0
2,0.9,3,lognormal,4,-0.43268921941933725,0.0827965370288577,3.685597366499923,0
2,0.9,3,lognormal,5,-0.2817280701651783,0.08225986210854713,3.139099043582513,0
2,0.9,3,lognormal,6,-0.2921467877683681,0.0799419190037593,2.8122855820839616,0
2,0.9,4,uniform,1,1.7813697747882609,0.014418575234887439,6.497877535373678,1
2,0.9,4,uniform,2,1.3385390505254273,0.019631305227284502,5.555342574130965,1
2,0.9,4,uniform,3,1.2071178143503323,0.013709180156921234,4.880420534020174,1
2,0.9,4,uniform,4,1.1884051432858396,0.024305326508791858,4.324077867791218,1
2,0.9,4,uniform,5,1.2491426067570681,0.023237247422407258,3.8068641852392386,1
2,0.9,4,uniform,6,1.2890489707275425,0.014033677386843718,3.3967976751653537,1
2,0.9,4,gaussian,1,0.006848286862132902,0.030084331310909485,6.497877535373678,0
2,0.9,4,gaussian,2,-0.06846506977770517,0.04038470551360409,5.555342574130965,0
2,0.9,4,gaussian,3,-0.05015631996250214,0.044731546597943796,4.880420534020174,0
2,0.9,4,gaussian,4,0.030934776989075985,0.03566288869362691,4.324077867791218,0
2,0.9,4,gaussian,5,0.16299042013661058,0.04979230540284627,3.8068641852392386,0
2,0.9,4,gaussian,6,0.24992853867266573,0.05668123600383428,3.3967976751653537,0
2,0.9,4,lognormal,1,-0.5022303231189031,0.05115801322005943,6.497877535373678,0
2,0.9,4,lognormal,2,-0.5219053991725495,0.0792910903738139,5.555342574130965,0
2,0.9,4,lognormal,3,-0.5336729874564474,0.08304440311128992,4.880420534020174,0
2,0.9,4,lognormal,4,-0.42936290745713723,0.07365281176655576,4.324077867791218,0
2,0.9,4,lognormal,5,-0.29795565799897794,0.12284721738292276,3.8068641852392386,0
2,0.9,4,lognormal,6,-0.153161030645109,0.101852632174634,3.3967976751653537,0
2,0.9,5,uniform,1,1.2600896830469495,0.021187996562958486,6.66196795232055,1
2,0.9,5,uniform,2,1.0565469527033686,0.023567552854847462,5.469872228424323,1
2,0.9,5,uniform,3,1.118200939024721,0.018335517430363768,4.599269600139679,1
2,0.9,5,uniform,4,1.065419432389703,0.016490459134113747,4.086101352845695,1
2,0.9,5,uniform,5,1.0141425387361926,0.015493777642553788,3.682596210556403,1
2,0.9,5,uniform,6,1.0463829813502108,0.020602440206854953,3.2835626186252678,1
2,0.9,5,gaussian,1,0.009144965791257675,0.02785399259734878,6.66196795232055,0
2,0.9,5,gaussian,2,0.18804017956231167,0.039002779776308685,5.469872228424323,0
2,0.9,5,gaussian,3,0.4052941241482504,0.03955054653622121,4.599269600139679,0
2,0.9,5,gaussian,4,0.4466633272451421,0.04385666033611358,4.086101352845695,0
2,0.9,5,gaussian,5,0.44467367729072427,0.04566872158634077,3.682596210556403,0
2,0.9,5,gaussian,6,0.49792826047823757,0.04927614598396651,3.2835626186252678,0
2,0.9,5,lognormal,1,-0.6167119994171157,0.036853901868661186,6.66196795232055,0
2,0.9,5,lognormal,2,-0.3652475106581745,0.06728410160314581,5.469872228424323,0
2,0.9,5,lognormal,3,-0.1499694196236403,0.08530100459963277,4.599269600139679,0
2,0.9,5,lognormal,4,-0.10929787242974953,0.1015261587904478,4.086101352845695,0
2,0.9,5,lognormal,5,-0.07634153310616298,0.09672860223021497,3.682596210556403,0
2,0.9,5,lognormal,6,-0.1111304662254069,0.14196375860967517,3.2835626186252678,0
2,0.9,6,uniform,1,1.8305408193475738,0.0250744703678031,5.81917004573247,1
2,0.9,6,uniform,2,1.2079364235331296,0.01767023828565532,5.053552724933186,1
2,0.9,6,uniform,3,1.2644459895529474,0.02040822489450578,4.1909908240414255,1
2,0.9,6,uniform,4,1.2008460682241302,0.023729429490314303,3.6722543302104094,1
2,0.9,6,uniform,5,1.27414156883115,0.01862163896589827,3.14945351989842,1
2,0.9,6,uniform,6,1.2031590068145896,0.01928869722524393,2.8508982523763495,1
2,0.9,6,gaussian,1,0.006962506190060225,0.027368654622159684,5.81917004573247,0
2,0.9,6,gaussian,2,-0.2477289231287001,0.052622296284114266,5.053552724933186,0
2,0.9,6,gaussian,3,-0.029073324835799497,0.035156347861217956,4.1909908240414255,0
2,0.9,6,gaussian,4,0.005424660230659573,0.04114054627526685,3.6722543302104094,0
2,0.9,6,gaussian,5,0.1351821516893401,0.054277401262564286,3.14945351989842,0
2,0.9,6,gaussian,6,0.0906719347861813,0.05406446402035648,2.8508982523763495,0
2,0.9,6,lognormal,1,-0.40714821472865204,0.053975586089235174,5.81917004573247,0
2,0.9,6,lognormal,2,-0.625490413337606,0.07460671471271241,5.053552724933186,0
2,0.9,6,lognormal,3,-0.39258523527270084,0.06406845383991457,4.1909908240414255,0
2,0.9,6,lognormal,4,-0.362251656212361,0.08655527295055941,3.6722543302104094,0
2,0.9,6,lognormal,5,-0.22286700488710132,0.07456661560230664,3.14945351989842,0
2,0.9,6,lognormal,6,-0.28267631790787107,0.09819465114977198,2.8508982523763495,0
2,0.9,7,uniform,1,1.4593928404848562,0.01767579247613167,6.030672251525984,1
2,0.9,7,uniform,2,0.9096089988446696,0.020935760245021376,5.192308722730673,1
2,0.9,7,uniform,3,0.8866503292657599,0.02527243916420952,4.410449577883637,1
2,0.9,7,uniform,4,0.9472660875803891,0.02093259929769731,3.7724837814892087,1
2,0.9,7,uniform,5,0.9202955234900454,0.022559792618577997,3.348043873919117,1
2,0.9,7,uniform,6,0.8525233304049045,0.02293186499987554,3.0475022223826977,1
2,0.9,7,gaussian,1,0.004293771053309747,0.030167818687951015,6.030672251525984,0
2,0.9,7,gaussian,2,-0.17444961568283102,0.04302141416323543,5.192308722730673,0
2,0.9,7,gaussian,3,-0.04842706523150753,0.04825315235659292,4.410449577883637,0
2,0.9,7,gaussian,4,0.11655965672095503,0.04204631419730984,3.7724837814892087,0
2,0.9,7,gaussian,5,0.13873494959423605,0.06191676569827294,3.348043873919117,0
2,0.9,7,gaussian,6,0.11209348110821926,0.06610374202895174,3.0475022223826977,0
2,0.9,7,lognormal,1,-0.1826514439142528,0.061146667666112556,6.030672251525984,0
2,0.9,7,lognormal,2,-0.3269819254825279,0.07983443555273383,5.192308722730673,0
2,0.9,7,lognormal,3,-0.18195963924139225,0.09921733380675522,4.410449577883637,0
2,0.9,7,lognormal,4,-0.05778611200075856,0.08880093385604182,3.7724837814892087,0
2,0.9,7,lognormal,5,0.025877101235844968,0.09251462620940225,3.348043873919117,0
2,0.9,7,lognormal,6,-0.021362771540776926,0.09867796283363617,3.0475022223826977,0
2,0.9,8,uniform,1,1.60021526689939,0.02255391044663615,6.38562334773161,1
2,0.9,8,uniform,2,1.3217572322162061,0.020955908983987408,5.2624782481200025,1
2,0.9,8,uniform,3,1.1895894609323525,0.02498166406773299,4.595184835216811,1
2,0.9,8,uniform,4,1.085584813027995,0.01776377402080708,4.1257037129149365,1
2,0.9,8,uniform,5,1.0362974288496098,0.023347808196365883,3.71496510239966,1
2,0.9,8,uniform,6,1.0116956780970412,0.022045685780603584,3.377855937978799,1
2,0.9,8,gaussian,1,-0.0031049010913966058,0.03661228209229547,6.38562334773161,0
2,0.9,8,gaussian,2,0.10435513795059492,0.03575733323159538,5.2624782481200025,0
2,0.9,8,gaussian,3,0.12202524811271331,0.03858104927174734,4.595184835216811,0
2,0.9,8,gaussian,4,0.1145143039304024,0.04301458912078431,4.1257037129149365,0
2,0.9,8,gaussian,5,0.1511162912695121,0.04482681834782026,3.71496510239966,0
2,0.9,8,gaussian,6,0.14345384170073494,0.058416393723786826,3.377855937978799,0
2,0.9,8,lognormal,1,-0.47852414227168794,0.056240279127473286,6.38562334773161,0
2,0.9,8,lognormal,2,-0.3392469386386514,0.10060068355397579,5.2624782481200025,0
2,0.9,8,lognormal,3,-0.3051581722512564,0.08724739720485793,4.595184835216811,0
2,0.9,8,lognormal,4,-0.292857421556016,0.12046520312223713,4.1257037129149365,0
2,0.9,8,lognormal,5,-0.2924637826081966,0.12777992409804106,3.71496510239966,0
2,0.9,8,lognormal,6,-0.28340548613966954,0.10287092499350621,3.377855937978799,0
2,0.9,9,uniform,1,1.8209421574235733,0.02052382050949391,5.5126617942806835,1
2,0.9,9,uniform,2,1.2814583491377558,0.024173243304721145,4.666534222298587,1
2,0.9,9,uniform,3,1.0835070333206964,0.019596156561748374,4.055627656246897,1
2,0.9,9,uniform,4,1.2250634113207215,0.01782210412970763,3.331059933968701,1
2,0.9,9,uniform,5,1.1990323848989775,0.01860291235243698,2.906720256693835,1
2,0.9,9,uniform,6,1.1895064229725771,0.020176886966043736,2.5559260683960137,1
2,0.9,9,gaussian,1,-0.003468132328166007,0.03517059770976587,5.5126617942806835,0
2,0.9,9,gaussian,2,-0.16888089222814529,0.05184325360530671,4.666534222298587,0
2,0.9,9,gaussian,3,-0.20960266127952742,0.037902117695061625,4.055627656246897,0
2,0.9,9,gaussian,4,0.03958110863277842,0.0500695424972314,3.331059933968701,0
2,0.9,9,gaussian,5,0.08721292646891454,0.06024840561616298,2.906720256693835,0
2,0.9,9,gaussian,6,0.09120147205551588,0.05372703355314772,2.5559260683960137,0
2,0.9,9,lognormal,1,-0.3680374601060947,0.04117852456391159,5.5126617942806835,0
2,0.9,9,lognormal,2,-0.5106466751186858,0.08191221603233578,4.666534222298587,0
2,0.9,9,lognormal,3,-0.5454662602579274,0.08707408282678665,4.055627656246897,0
2,0.9,9,lognormal,4,-0.3017305840032285,0.08385612473069042,3.331059933968701,0
2,0.9,9,lognormal,5,-0.2538600092101082,0.09050365539348879,2.906720256693835,0
2,0.9,9,lognormal,6,-0.2658728808664135,0.0776497263432919,2.5559260683960137,0
2,0.95,0,uniform,1,1.4325167821541482,0.02110354530019892,5.508127884791904,1
2,0.95,0,uniform,2,0.9499649977284763,0.021312930648829286,4.605896861164939,1
2,0.95,0,uniform,3,0.866442118475518,0.022580754066172132,3.8739701652192493,1
2,0.95,0,uniform,4,0.7924271064081507,0.023220082881974177,3.3698683701698746,1
2,0.95,0,uniform,5,0.7653537674467241,0.02163975226141332,2.942285007747038,1
2,0.95,0,uniform,6,0.8629003351239657,0.02405387848256453,2.48417556943123,1
2,0.95,0,gaussian,1,-0.005695990230855763,0.03466623461063364,5.508127884791904,0
2,0.95,0,gaussian,2,-0.10238694341656895,0.03972887783434412,4.605896861164939,0
2,0.95,0,gaussian,3,-0.022823933944920327,0.03782511102040699,3.8739701652192493,0
2,0.95,0,gaussian,4,0.00266454217006018,0.055493339530962894,3.3698683701698746,0
2,0.95,0,gaussian,5,0.03093648385541936,0.04497652755693919,2.942285007747038,0
2,0.95,0,gaussian,6,0.1770801757672733,0.053239171748801675,2.48417556943123,0
2,0.95,0,lognormal,1,-0.05857335712036171,0.05041174852923983,5.508127884791904,0
2,0.95,0,lognormal,2,-0.11917864619848917,0.061669649162019106,4.605896861164939,0
2,0.95,0,lognormal,3,-0.06676146316709364,0.06824764178054527,3.8739701652192493,0
2,0.95,0,lognormal,4,-0.010304710248842941,0.08494089286139651,3.3698683701698746,0
2,0.95,0,lognormal,5,0.014137263399829347,0.09091274821370587,2.942285007747038,0
2,0.95,0,lognormal,6,0.1359086448450353,0.07651484771931509,2.48417556943123,0
2,0.95,1,uniform,1,1.108191620321243,0.024338377726642445,4.911203861681905,1
2,0.95,1,uniform,2,0.7452435730816216,0.0202483804828949,3.89465713938214,1
2,0.95,1,uniform,3,0.5572332096332566,0.017602820235432443,3.2687560513404015,1
2,0.95,1,uniform,4,0.5862344838696618,0.01866625812062426,2.6595754296286853,1
2,0.95,1,uniform,5,0.6271762332370519,0.017679442908353188,2.172821644688042,1
2,0.95,1,uniform,6,0.5303869270887602,0.020015385051701095,1.9040214338021075,1
2,0.95,1,gaussian,1,0.012396916799145785,0.03624498162221628,4.911203861681905,0
2,0.95,1,gaussian,2,-0.0024302450079112248,0.05348893516225058,3.89465713938214,0
2,0.95,1,gaussian,3,-0.04494495219754091,0.03640406465171942,3.2687560513404015,0
2,0.95,1,gaussian,4,0.10302965896471905,0.03326123984047453,2.6595754296286853,0
2,0.95,1,gaussian,5,0.20827022150752894,0.05314577342583152,2.172821644688042,0
2,0.95,1,gaussian,6,0.12625427959540336,0.05398959356544627,1.9040214338021075,0
2,0.95,1,lognormal,1,0.08988098575605896,0.05190838693523247,4.911203861681905,0
2,0.95,1,lognormal,2,0.09318097002307457,0.07310874073394978,3.89465713938214,0
2,0.95,1,lognormal,3,0.06103238881276374,0.04256961955684427,3.2687560513404015,0
2,0.95,1,lognormal,4,0.20416658069716354,0.08892973725097249,2.6595754296286853,0
2,0.95,1,lognormal,5,0.3231277043798255,0.10932606032638371,2.172821644688042,0
2,0.95,1,lognormal,6,0.2258131334980813,0.08880761939978875,1.9040214338021075,0
2,0.95,2,uniform,1,1.0077853989809782,0.021540612519441317,5.447895603041779,1
2,0.95,2,uniform,2,0.7531631717519218,0.01889492455964323,4.318514431491196,1
2,0.95,2,uniform,3,0.5294165733446339,0.021308958902594335,3.7312978124423117,1
2,0.95,2,uniform,4,0.5615828263876708,0.01699135857039414,3.1151685605685153,1
2,0.95,2,uniform,5,0.5877442262281947,0.0194288514330446,2.638726742899947,1
2,0.95,2,uniform,6,0.5349040698088192,0.01702114240137337,2.3293227277720234,1
2,0.95,2,gaussian,1,0.0034676357077660924,0.03493709378553916,5.447895603041779,0
2,0.95,2,gaussian,2,0.11772721510815476,0.031867632079728474,4.318514431491196,0
2,0.95,2,gaussian,3,0.0678086674320042,0.03758962292802512,3.7312978124423117,0
2,0.95,2,gaussian,4,0.19093317593120007,0.039841245828154306,3.1151685605685153,0
2,0.95,2,gaussian,5,0.26631877573585827,0.05577366473129346,2.638726742899947,0
2,0.95,2,gaussian,6,0.22884829535209805,0.05116747499260527,2.3293227277720234,0
2,0.95,2,lognormal,1,-0.039804432416596924,0.0515317140344651,5.447895603041779,0
2,0.95,2,lognormal,2,0.09340461617613993,0.06520474526015548,4.318514431491196,0
2,0.95,2,lognormal,3,0.09382579460120288,0.07631072916347587,3.7312978124423117,0
2,0.95,2,lognormal,4,0.2003053189802757,0.09149118646072311,3.1151685605685153,0
2,0.95,2,lognormal,5,0.2472022890518728,0.09308925605979684,2.638726742899947,0
2,0.95,2,lognormal,6,0.22074168062627342,0.08899156118661841,2.3293227277720234,0
2,0.95,3,uniform,1,1.6385342571504848,0.02032864747312518,6.072585752120818,1
2,0.95,3,uniform,2,1.1376143346940086,0.018335485732494935,5.184891166986135,1
2,0.95,3,uniform,3,1.2337511158930248,0.018362892769528582,4.290528290037134,1
2,0.95,3,uniform,4,1.052561724789261,0.02436499811848498,3.8798799967486715,1
2,0.95,3,uniform,5,1.0568621264616298,0.01941777273923127,3.419787079536309,1
2,0.95,3,uniform,6,1.093951989050836,0.019239615405646934,3.018839634164659,1
2,0.95,3,gaussian,1,0.011656886538765399,0.027754096561867458,6.072585752120818,0
2,0.95,3,gaussian,2,-0.1433879114296559,0.040123332500714176,5.184891166986135,0
2,0.95,3,gaussian,3,0.10740811503336545,0.04615520746542362,4.290528290037134,0
2,0.95,3,gaussian,4,0.04965942117908506,0.04424068773844854,3.8798799967486715,0
2,0.95,3,gaussian,5,0.09346378915395581,0.06044198661442147,3.419787079536309,0
2,0.95,3,gaussian,6,0.2183341680536257,0.06743775466186445,3.018839634164659,0
2,0.95,3,lognormal,1,-0.4454451128511181,0.04818114038484046,6.072585752120818,0
2,0.95,3,lognormal,2,-0.5674828248840162,0.07124029760060514,5.184891166986135,0
2,0.95,3,lognormal,3,-0.29648568927808716,0.09281751032892951,4.290528290037134,0
2,0.95,3,lognormal,4,-0.380704048705637,0.07412106839594094,3.8798799967486715,0
2,0.95,3,lognormal,5,-0.3208179626322347,0.12325420749797333,3.419787079536309,0
2,0.95,3,lognormal,6,-0.21613308288006028,0.10521852711734526,3.018839634164659,0
2,0.95,4,uniform,1,1.4968232305342202,0.018734949792251862,5.075241465864154,1
2,0.95,4,uniform,2,1.028481632278079,0.020607162739606954,4.1562935966506664,1
2,0.95,4,uniform,3,0.8310555809639038,0.022273131211419592,3.543358542459689,1
2,0.95,4,uniform,4,0.7332699638454727,0.021312449707077945,3.0582677067280715,1
2,0.95,4,uniform,5,0.7079322199216889,0.019578040183568627,2.6367587088053077,1
2,0.95,4,uniform,6,0.7297778407766593,0.019172904918891953,2.2487985408269227,1
2,0.95,4,gaussian,1,0.008172049785305724,0.03612133571342504,5.075241465864154,1
2,0.95,4,gaussian,2,-0.10076956753990984,0.037029284562443365,4.1562935966506664,1
2,0.95,4,gaussian,3,-0.1267058895488864,0.05210502002520286,3.543358542459689,1
2,0.95,4,gaussian,4,-0.144534680443126,0.04332744318121917,3.0582677067280715,1
2,0.95,4,gaussian,5,-0.09650628573181708,0.06162206806426098,2.6367587088053077,1
2,0.95,4,gaussian,6,-0.026928285859682433,0.033776256620525934,2.2487985408269227,1
2,0.95,4,lognormal,1,-0.0950482876895915,0.04906721430829631,5.075241465864154,1
2,0.95,4,lognormal,2,-0.18120679132202744,0.052833751094602484,4.1562935966506664,1
2,0.95,4,lognormal,3,-0.21401567771974817,0.06064448417959725,3.543358542459689,1
2,0.95,4,lognormal,4,-0.23172370821650023,0.06550687437247925,3.0582677067280715,1
2,0.95,4,lognormal,5,-0.16880975115157026,0.08821855269809471,2.6367587088053077,1
2,0.95,4,lognormal,6,-0.13118449185165604,0.055934071180085,2.2487985408269227,1
2,0.95,5,uniform,1,1.3865633023324717,0.023946644180167887,5.6244469342145065,1
2,0.95,5,uniform,2,0.9281777950055954,0.025656100621676618,4.698488033426694,1
2,0.95,5,uniform,3,1.0748843232708651,0.022387957218125577,3.737270222947749,1
2,0.95,5,uniform,4,1.101081572124008,0.024143817727272216,3.1338996046650354,1
2,0.95,5,uniform,5,0.9683950770367042,0.01436367293340117,2.809030967524309,1
2,0.95,5,uniform,6,0.9494470763195033,0.0176388565991183,2.466682450366341,1
2,0.95,5,gaussian,1,0.011725115640361494,0.03615031246653426,5.6244469342145065,0
2,0.95,5,gaussian,2,-0.10000359913559187,0.03827540899412672,4.698488033426694,0
2,0.95,5,gaussian,3,0.22411517142602477,0.04715444441051247,3.737270222947749,0
2,0.95,5,gaussian,4,0.34963189151473806,0.046153548963888874,3.1338996046650354,0
2,0.95,5,gaussian,5,0.2719726394966031,0.034774029264154176,2.809030967524309,0
2,0.95,5,gaussian,6,0.30786751897836995,0.043508974258826015,2.466682450366341,0
2,0.95,5,lognormal,1,-0.28837350017945695,0.04440053273951173,5.6244469342145065,0
2,0.95,5,lognormal,2,-0.3687399597053158,0.0898784857598942,4.698488033426694,0
2,0.95,5,lognormal,3,-0.032249435440908414,0.06677835337344679,3.737270222947749,0
2,0.95,5,lognormal,4,0.08752347467271138,0.0684257575497208,3.1338996046650354,0
2,0.95,5,lognormal,5,0.02502855816092442,0.11791528824942214,2.809030967524309,0
2,0.95,5,lognormal,6,0.05096234836456581,0.09095046691972851,2.466682450366341,0
2,0.95,6,uniform,1,1.7127744138427978,0.02231885070186765,5.359766685733823,1
2,0.95,6,uniform,2,1.2784802694756037,0.02075153426504745,4.408080905486126,1
2,0.95,6,uniform,3,1.0716518105966628,0.01924595713147649,3.797784173966633,1
2,0.95,6,uniform,4,0.9776368904485873,0.019330027484171872,3.3052365338843304,1
2,0.95,6,uniform,5,1.0108323594180648,0.019892609933134416,2.8298383356666057,1
2,0.95,6,uniform,6,1.0596994486139661,0.01677061969143907,2.409737329780464,1
2,0.95,6,gaussian,1,-0.0032325471143295204,0.04386130277430456,5.359766685733823,0
2,0.95,6,gaussian,2,-0.058337190069388534,0.03623509402675838,4.408080905486126,0
2,0.95,6,gaussian,3,-0.11888391349658534,0.04973956568434205,3.797784173966633,0
2,0.95,6,gaussian,4,-0.09066405846222114,0.050310972162182055,3.3052365338843304,0
2,0.95,6,gaussian,5,-0.015276420086978604,0.06604660795599948,2.8298383356666057,0
2,0.95,6,gaussian,6,0.07749814210101036,0.03844931444310003,2.409737329780464,0
2,0.95,6,lognormal,1,-0.1314468271277196,0.06582915065272364,5.359766685733823,0
2,0.95,6,lognormal,2,-0.14192343653145212,0.05879163198583289,4.408080905486126,0
2,0.95,6,lognormal,3,-0.2295626058052398,0.06771040198221989,3.797784173966633,0
2,0.95,6,lognormal,4,-0.16414051644739347,0.08890474190378658,3.3052365338843304,0
2,0.95,6,lognormal,5,-0.12007525715277234,0.11201274741088059,2.8298383356666057,0
2,0.95,6,lognormal,6,-0.04122224744743752,0.09589987667349048,2.409737329780464,0
2,0.95,7,uniform,1,1.9030708619463281,0.017553651539516938,5.984891508687515,1
2,0.95,7,uniform,2,1.3352258270213309,0.025456595777213365,5.163109195090145,1
2,0.95,7,uniform,3,1.1444122726832333,0.017847447540376073,4.542841456775001,1
2,0.95,7,uniform,4,1.116891958896864,0.019279953075383088,3.993871315968838,1
2,0.95,7,uniform,5,1.2013597939836624,0.021445834417320526,3.466982898226322,1
2,0.95,7,uniform,6,1.165545526999995,0.018127264999133377,3.130674223042869,1
2,0.95,7,gaussian,1,0.005571974373161481,0.03219674055415333,5.984891508687515,1
2,0.95,7,gaussian,2,-0.20242571673834409,0.038242902836768025,5.163109195090145,1
2,0.95,7,gaussian,3,-0.22055960503235017,0.04660610352711967,4.542841456775001,1
2,0.95,7,gaussian,4,-0.1576297854518156,0.056003985705362753,3.993871315968838,1
2,0.95,7,gaussian,5,-0.005629708146185131,0.031247073964220825,3.466982898226322,1
2,0.95,7,gaussian,6,-0.012954178187603027,0.04879766923759409,3.130674223042869,1
2,0.95,7,lognormal,1,-0.2804825330193026,0.05534372840853036,5.984891508687515,0
2,0.95,7,lognormal,2,-0.469931835303413,0.07051314035005447,5.163109195090145,0
2,0.95,7,lognormal,3,-0.44050290634066336,0.07260355118510084,4.542841456775001,0
2,0.95,7,lognormal,4,-0.42301551305999885,0.0685393324495634,3.993871315968838,0
2,0.95,7,lognormal,5,-0.2663464820351793,0.07711993634248218,3.466982898226322,0
2,0.95,7,lognormal,6,-0.2533257174242509,0.07547986636903727,3.130674223042869,0
2,0.95,8,uniform,1,1.4222701867663874,0.022499056516826352,5.597480777723606,1
2,0.95,8,uniform,2,0.9192492133555055,0.02280316507272638,4.7212421045137445,1
2,0.95,8,uniform,3,0.9163541715245755,0.014075369236556669,3.909960398592817,1
2,0.95,8,uniform,4,0.8503396093540863,0.020301899114953444,3.397622719957016,1
2,0.95,8,uniform,5,0.8022430709961479,0.017744621462076646,3.001485922568396,1
2,0.95,8,uniform,6,0.7541789007707767,0.021773272308929427,2.67361939660867,1
2,0.95,8,gaussian,1,-0.0038021884632977176,0.025315629128227567,5.597480777723606,0
2,0.95,8,gaussian,2,-0.13496639204279592,0.03740760461879459,4.7212421045137445,0
2,0.95,8,gaussian,3,0.02443961149630125,0.04633744813980169,3.909960398592817,0
2,0.95,8,gaussian,4,0.05988912023562065,0.0473598828711229,3.397622719957016,0
2,0.95,8,gaussian,5,0.03928495709258728,0.052038030038862454,3.001485922568396,0
2,0.95,8,gaussian,6,0.06077232185066084,0.04998114786176848,2.67361939660867,0
2,0.95,8,lognormal,1,-0.15987229512843193,0.04888340372832489,5.597480777723606,0
2,0.95,8,lognormal,2,-0.250013423959329,0.054023955536332886,4.7212421045137445,0
2,0.95,8,lognormal,3,-0.1352709499081599,0.0758264522015514,3.909960398592817,0
2,0.95,8,lognormal,4,-0.08326424344068206,0.0761735533335385,3.397622719957016,0
2,0.95,8,lognormal,5,-0.10567681289728315,0.11317560539841603,3.001485922568396,0
2,0.95,8,lognormal,6,-0.0701593532714786,0.10281927211193688,2.67361939660867,0
2,0.95,9,uniform,1,1.3218795819976705,0.021114438641637253,6.13524333742715,1
2,0.95,9,uniform,2,1.092892059214412,0.01268571721854361,4.977963883188154,1
2,0.95,9,uniform,3,0.8083870120115719,0.020862556231705336,4.441406940547026,1
2,0.95,9,uniform,4,0.7648211991444085,0.024020849896032415,3.910200889374295,1
2,0.95,9,uniform,5,0.7511765081784891,0.02325410213371162,3.479365189848044,1
2,0.95,9,uniform,6,0.8418964829190299,0.013837800746389824,3.0203684265814887,1
2,0.95,9,gaussian,1,0.009644175959715007,0.03671089519256686,6.13524333742715,0
2,0.95,9,gaussian,2,0.1443245062517322,0.03990012980985525,4.977963883188154,0
2,0.95,9,gaussian,3,0.031585682201709986,0.031787372149316206,4.441406940547026,0
2,0.95,9,gaussian,4,0.09593634376174043,0.046182757719681854,3.910200889374295,0
2,0.95,9,gaussian,5,0.13031171344809067,0.04576905384498476,3.479365189848044,0
2,0.95,9,gaussian,6,0.2543313267301861,0.05406887577069922,3.0203684265814887,0
2,0.95,9,lognormal,1,-0.3479989136253323,0.06970715756753233,6.13524333742715,0
2,0.95,9,lognormal,2,-0.18171916575997837,0.058450770970492526,4.977963883188154,0
2,0.95,9,lognormal,3,-0.26969921757704274,0.10590217757715736,4.441406940547026,0
2,0.95,9,lognormal,4,-0.16636773131486216,0.12724014847563034,3.910200889374295,0
2,0.95,9,lognormal,5,-0.16926462025603195,0.09519393996981962,3.479365189848044,0
2,0.95,9,lognormal,6,-0.06471782967157136,0.08526541475580705,3.0203684265814887,0
2,0.99,0,uniform,1,0.9889986098300065,0.01692422189040333,5.507991358715933,1
2,0.99,0,uniform,2,0.670722190928652,0.02243106394931581,4.4339138002495915,1
2,0.99,0,uniform,3,0.6765359499286685,0.018198954798558282,3.6181512078949876,1
2,0.99,0,uniform,4,0.5592025731990447,0.016328235192586523,3.1654441636187123,1
2,0.99,0,uniform,5,0.5970602153938489,0.01976073150145563,2.680493314418686,1
2,0.99,0,uniform,6,0.5903794656799741,0.018253964845993002,2.312038485169556,1
2,0.99,0,gaussian,1,-0.0009823276886278265,0.030504289983224065,5.507991358715933,0
2,0.99,0,gaussian,2,0.06804260949477658,0.04937859089122018,4.4339138002495915,0
2,0.99,0,gaussian,3,0.23087786427666357,0.03467755169700574,3.6181512078949876,0
2,0.99,0,gaussian,4,0.1919569649491928,0.04623353013479912,3.1654441636187123,0
2,0.99,0,gaussian,5,0.276926699383532,0.05678104809448857,2.680493314418686,0
2,0.99,0,gaussian,6,0.3303094028678015,0.05387382721638082,2.312038485169556,0
2,0.99,0,lognormal,1,-0.07578609455479057,0.04553066890446997,5.507991358715933,0
2,0.99,0,lognormal,2,0.026013518913584832,0.08553616986381748,4.4339138002495915,0
2,0.99,0,lognormal,3,0.2235373658097468,0.07067019712750724,3.6181512078949876,0
2,0.99,0,lognormal,4,0.1704972691985347,0.08588203115144735,3.1654441636187123,0
2,0.99,0,lognormal,5,0.2646462593247616,0.11586921897530975,2.680493314418686,0
2,0.99,0,lognormal,6,0.3378258866666486,0.12521959517246192,2.312038485169556,0
2,0.99,1,uniform,1,1.4775822004136812,0.017197308646466587,5.7823246087054985,1
2,0.99,1,uniform,2,1.0370448325846873,0.021074552241172006,4.831954405658909,1
2,0.99,1,uniform,3,0.8493380987434245,0.01790726235327073,4.208533903898457,1
2,0.99,1,uniform,4,0.8488159989229755,0.022654567304683803,3.622974461619613,1
2,0.99,1,uniform,5,0.8034393873829715,0.021679306542008985,3.2277560785916974,1
2,0.99,1,uniform,6,0.7808081461295306,0.017731881283769162,2.881931968918504,1
2,0.99,1,gaussian,1,-0.019730781173620038,0.04599396118183504,5.7823246087054985,0
2,0.99,1,gaussian,2,-0.061681992982739686,0.0389872130894452,4.831954405658909,0
2,0.99,1,gaussian,3,-0.09479805001513952,0.04779389456408317,4.208533903898457,0
2,0.99,1,gaussian,4,-0.0038341316356125255,0.055190105984749716,3.622974461619613,0
2,0.99,1,gaussian,5,0.016616460122131915,0.04258869246947271,3.2277560785916974,0
2,0.99,1,gaussian,6,0.04238072866918996,0.04884683957476399,2.881931968918504,0
2,0.99,1,lognormal,1,-0.07954047244268114,0.0519206121603545,5.7823246087054985,0
2,0.99,1,lognormal,2,-0.09912502725235406,0.06915030470103581,4.831954405658909,0
2,0.99,1,lognormal,3,-0.08742419787172206,0.10647310571131358,4.208533903898457,0
2,0.99,1,lognormal,4,-0.009856888168585876,0.09732049202379028,3.622974461619613,0
2,0.99,1,lognormal,5,0.013685845335791758,0.09196680426874465,3.2277560785916974,0
2,0.99,1,lognormal,6,0.031212318509513892,0.08791116250729382,2.881931968918504,0
2,0.99,2,uniform,1,1.3899581363267668,0.02341932721177604,5.1917756405184825,1
2,0.99,2,uniform,2,0.822004330672252,0.017460410369644946,4.382652568747156,1
2,0.99,2,uniform,3,0.7475833130371048,0.0138225020028048,3.6447956033335607,1
2,0.99,2,uniform,4,0.8494113398013075,0.01616978812462278,2.9670854063542764,1
2,0.99,2,uniform,5,0.6836550810417354,0.01311227982798026,2.68060778068542,1
2,0.99,2,uniform,6,0.6968865700719622,0.01728434253127399,2.299379526388842,1
2,0.99,2,gaussian,1,0.00429588447473872,0.04091979775349009,5.1917756405184825,0
2,0.99,2,gaussian,2,-0.18717763696526823,0.038530040314649995,4.382652568747156,0
2,0.99,2,gaussian,3,-0.13247099852074484,0.04212383589321328,3.6447956033335607,0
2,0.99,2,gaussian,4,0.07094067840691132,0.034916808413248616,2.9670854063542764,0
2,0.99,2,gaussian,5,-0.018986191798100904,0.05181486462318539,2.68060778068542,0
2,0.99,2,gaussian,6,0.03656422866017284,0.03754980231518182,2.299379526388842,0
2,0.99,2,lognormal,1,-0.06904072480753065,0.04721426094926517,5.1917756405184825,0
2,0.99,2,lognormal,2,-0.219099111754538,0.06216588434480174,4.382652568747156,0
2,0.99,2,lognormal,3,-0.1745745916624597,0.08394679701241371,3.6447956033335607,0
2,0.99,2,lognormal,4,0.050326413435614725,0.0867348502186972,2.9670854063542764,0
2,0.99,2,lognormal,5,-0.08538780926146261,0.11010241801315802,2.68060778068542,0
2,0.99,2,lognormal,6,-0.020497949555570383,0.06260233286698623,2.299379526388842,0
2,0.99,3,uniform,1,2.0328921118570404,0.022961626648074163,6.7906909911849285,1
2,0.99,3,uniform,2,1.5290293507114008,0.017467626555879735,5.9127245135782935,1
2,0.99,3,uniform,3,1.6273017980216222,0.018883504637182375,4.995640085159931,1
2,0.99,3,uniform,4,1.5564513588075046,0.022773876989120232,4.487042499638481,1
2,0.99,3,uniform,5,1.5476080712683276,0.026778039224817824,4.0420724542221125,1
2,0.99,3,uniform,6,1.5550382586396139,0.019744885757255182,3.6690045374072064,1
2,0.99,3,gaussian,1,0.015036147281027645,0.03462345269672911,6.7906909911849285,0
2,0.99,3,gaussian,2,-0.12228912781907031,0.03170430629891286,5.9127245135782935,0
2,0.99,3,gaussian,3,0.15118617382247201,0.04577320199111328,4.995640085159931,0
2,0.99,3,gaussian,4,0.15493949193369705,0.047118393140390624,4.487042499638481,0
2,0.99,3,gaussian,5,0.20749506911579996,0.04894683402993306,4.0420724542221125,0
2,0.99,3,gaussian,6,0.26475067648160655,0.046994554296058075,3.6690045374072064,0
2,0.99,3,lognormal,1,-0.6281531602817347,0.07163100821448615,6.7906909911849285,0
2,0.99,3,lognormal,2,-0.6900790181846004,0.09602712139899741,5.9127245135782935,0
2,0.99,3,lognormal,3,-0.4233856649034182,0.08612682390017533,4.995640085159931,0
2,0.99,3,lognormal,4,-0.46658024662793096,0.11063454139865582,4.487042499638481,0
2,0.99,3,lognormal,5,-0.3984899655707972,0.11345997585447343,4.0420724542221125,0
2,0.99,3,lognormal,6,-0.30883522028338106,0.15140385792076086,3.6690045374072064,0
2,0.99,4,uniform,1,1.4875928761877253,0.015344591158007511,5.96368113300469,1
2,0.99,4,uniform,2,0.9922880556907625,0.019650423273950623,5.069786263929395,1
2,0.99,4,uniform,3,1.0115232831095966,0.013844723629131368,4.237035770865105,1
2,0.99,4,uniform,4,1.0515155023559242,0.019217809435745803,3.6153107496989776,1
2,0.99,4,uniform,5,1.0024864625220093,0.018398324472626775,3.2213626478934945,1
2,0.99,4,uniform,6,0.9583066553376631,0.0199346211881523,2.893659308990526,1
2,0.99,4,gaussian,1,0.0013995530145605173,0.03732385921777197,5.96368113300469,0
2,0.99,4,gaussian,2,-0.1187264500661307,0.04989648069167658,5.069786263929395,0
2,0.99,4,gaussian,3,0.061215288506208054,0.044782893144298,4.237035770865105,0
2,0.99,4,gaussian,4,0.1904894945269282,0.040500430162184756,3.6153107496989776,0
2,0.99,4,gaussian,5,0.221138713634502,0.04081560673643858,3.2213626478934945,0
2,0.99,4,gaussian,6,0.19039417093511268,0.04198382402332115,2.893659308990526,0
2,0.99,4,lognormal,1,-0.20267177974108197,0.041263964713091544,5.96368113300469,0
2,0.99,4,lognormal,2,-0.276690653912139,0.07981118390363785,5.069786263929395,0
2,0.99,4,lognormal,3,-0.04266465681326714,0.12369649051150852,4.237035770865105,0
2,0.99,4,lognormal,4,0.03701611773347713,0.07651694342607752,3.6153107496989776,0
2,0.99,4,lognormal,5,0.09201601927396608,0.10144564881404936,3.2213626478934945,0
2,0.99,4,lognormal,6,0.020805352362640583,0.088477063286422,2.893659308990526,0
2,0.99,5,uniform,1,1.7604026104383248,0.019499380738081187,6.164048739250403,1
2,0.99,5,uniform,2,1.1628552753305872,0.017528095942351198,5.373171861764415,1
2,0.99,5,uniform,3,1.0220075109802158,0.018617637553911794,4.70612603962494,1
2,0.99,5,uniform,4,1.1098042800826535,0.020357505860762973,4.040926638144462,1
2,0.99,5,uniform,5,1.2592749924127977,0.020230845418456548,3.446793638384767,1
2,0.99,5,uniform,6,1.267364601680498,0.025511963753442096,3.0652668504048437,1
2,0.99,5,gaussian,1,0.011036067502600666,0.035026670217162055,6.164048739250403,0
2,0.99,5,gaussian,2,-0.23198473398812336,0.044824917763452876,5.373171861764415,0
2,0.99,5,gaussian,3,-0.21969435486658195,0.04470101360672589,4.70612603962494,0
2,0.99,5,gaussian,4,-0.0022199250771048895,0.04664852279658065,4.040926638144462,0
2,0.99,5,gaussian,5,0.18152208188177976,0.051841031487863454,3.446793638384767,0
2,0.99,5,gaussian,6,0.23148780647678313,0.05462411554090295,3.0652668504048437,0
2,0.99,5,lognormal,1,-0.37686427993407445,0.05469890026246915,6.164048739250403,0
2,0.99,5,lognormal,2,-0.5582842921857312,0.08494185087686074,5.373171861764415,0
2,0.99,5,lognormal,3,-0.5526049916003224,0.08273987475187325,4.70612603962494,0
2,0.99,5,lognormal,4,-0.28538624164441107,0.12695104610618554,4.040926638144462,0
2,0.99,5,lognormal,5,-0.13251274220740283,0.10382708885050874,3.446793638384767,0
2,0.99,5,lognormal,6,-0.07598426416915771,0.09719399853357218,3.0652668504048437,0
2,0.99,6,uniform,1,1.2412209245809276,0.019810093068901833,5.769025504703269,1
2,0.99,6,uniform,2,0.8540825564577563,0.025082712611573178,4.767584637702519,1
2,0.99,6,uniform,3,0.7777645925173431,0.0241804399134373,4.037283124942701,1
2,0.99,6,uniform,4,0.7403997433962304,0.0174582729616582,3.4969336561131548,1
2,0.99,6,uniform,5,0.7004989523595611,0.02254681941677542,3.083201233444311,1
2,0.99,6,uniform,6,0.7378281787999725,0.0170794073554913,2.6811135473640624,1
2,0.99,6,gaussian,1,0.0031463433434471,0.035867250992003955,5.769025504703269,0
2,0.99,6,gaussian,2,-0.009983856747606268,0.05028055089717663,4.767584637702519,0
2,0.99,6,gaussian,3,0.07688218765610078,0.033282567543402655,4.037283124942701,0
2,0.99,6,gaussian,4,0.12816977600381918,0.06475611369418152,3.4969336561131548,0
2,0.99,6,gaussian,5,0.15844738121235524,0.03927959610185207,3.083201233444311,0
2,0.99,6,gaussian,6,0.23126812934914254,0.04468119406902985,2.6811135473640624,0
2,0.99,6,lognormal,1,-0.11776448761967107,0.053496217810363095,5.769025504703269,0
2,0.99,6,lognormal,2,-0.08827639179837288,0.07160829289448714,4.767584637702519,0
2,0.99,6,lognormal,3,0.02150938975974359,0.09585442004381507,4.037283124942701,0
2,0.99,6,lognormal,4,0.06431321564304326,0.11868896192884902,3.4969336561131548,0
2,0.99,6,lognormal,5,0.07489332455196074,0.09171093132604845,3.083201233444311,0
2,0.99,6,lognormal,6,0.13658048678918,0.08393301405222076,2.6811135473640624,0
2,0.99,7,uniform,1,1.0472488653928167,0.019200964294538946,5.463939593877105,1
2,0.99,7,uniform,2,0.7292419566950405,0.0172736310949357,4.382548647045488,1
2,0.99,7,uniform,3,0.5111732889029321,0.015042286364868556,3.794662852257061,1
2,0.99,7,uniform,4,0.5994115126868569,0.020833278647864214,3.128415425385301,1
2,0.99,7,uniform,5,0.5340986751063581,0.022856179976507802,2.7394855138932757,1
2,0.99,7,uniform,6,0.5470644177455455,0.024333767387257683,2.359196900718567,1
2,0.99,7,gaussian,1,-0.011308901899255375,0.030610258089797688,5.463939593877105,0
2,0.99,7,gaussian,2,0.06378438314106027,0.03266743138885737,4.382548647045488,0
2,0.99,7,gaussian,3,-0.0003733335005318139,0.04825197991976092,3.794662852257061,0
2,0.99,7,gaussian,4,0.17056428598197826,0.049229670301730984,3.128415425385301,0
2,0.99,7,gaussian,5,0.18122320915049528,0.03568414583415999,2.7394855138932757,0
2,0.99,7,gaussian,6,0.23422130760630333,0.05648434305062683,2.359196900718567,0
2,0.99,7,lognormal,1,-0.0412997516585909,0.057349431552562134,5.463939593877105,0
2,0.99,7,lognormal,2,0.06493735380902343,0.044964789147182126,4.382548647045488,0
2,0.99,7,lognormal,3,0.043673137243692484,0.08022869138067025,3.794662852257061,0
2,0.99,7,lognormal,4,0.1600330337665672,0.05517441941310898,3.128415425385301,0
2,0.99,7,lognormal,5,0.20394583757720142,0.09300943060022203,2.7394855138932757,0
2,0.99,7,lognormal,6,0.2412164980710063,0.12868590513060985,2.359196900718567,0
2,0.99,8,uniform,1,1.6302328660518652,0.021897372116189622,5.912410344847956,1
2,0.99,8,uniform,2,1.2046801304433012,0.01692592928637404,4.956092995091194,1
2,0.99,8,uniform,3,1.1472688440973267,0.019037205625830993,4.203805190639138,1
2,0.99,8,uniform,4,1.1590646334416679,0.019584804436445936,3.6110071340894265,1
2,0.99,8,uniform,5,1.163019048059148,0.01915259124142472,3.1567948961855405,1
2,0.99,8,uniform,6,1.133564103739189,0.01696104669303843,2.8198068848223,1
2,0.99,8,gaussian,1,0.00789473837856658,0.03686735607204808,5.912410344847956,0
2,0.99,8,gaussian,2,-0.0675240170445024,0.03999917207396513,4.956092995091194,0
2,0.99,8,gaussian,3,0.03631377622036602,0.04169087565275668,4.203805190639138,0
2,0.99,8,gaussian,4,0.14323501765127622,0.03908499543432259,3.6110071340894265,0
2,0.99,8,gaussian,5,0.21823927040209012,0.0513210621016581,3.1567948961855405,0
2,0.99,8,gaussian,6,0.2223704818310046,0.05208116125523196,2.8198068848223,0
2,0.99,8,lognormal,1,-0.37658513453176656,0.05301662343795732,5.912410344847956,0
2,0.99,8,lognormal,2,-0.4147460617351548,0.06573976066036441,4.956092995091194,0
2,0.99,8,lognormal,3,-0.2753298032864131,0.08665821011571995,4.203805190639138,0
2,0.99,8,lognormal,4,-0.20885827535428803,0.08772490786746165,3.6110071340894265,0
2,0.99,8,lognormal,5,-0.1278831785928065,0.09509727901794529,3.1567948961855405,0
2,0.99,8,lognormal,6,-0.10089715928487886,0.12710241176719964,2.8198068848223,0
2,0.99,9,uniform,1,1.484940432214887,0.015000293706141993,6.818844826517124,1
2,0.99,9,uniform,2,1.0450537561294242,0.01445932701916376,5.873425505767457,1
2,0.99,9,uniform,3,0.9437063315364504,0.021939059505184186,5.155768043298137,1
2,0.99,9,uniform,4,1.016412353177527,0.022904573204211052,4.5062404680454895,1
2,0.99,9,uniform,5,1.0171100388664343,0.017144599162244097,4.063842066783701,1
2,0.99,9,uniform,6,0.9777584583842631,0.018822885708555413,3.7272723644848225,1
2,0.99,9,gaussian,1,0.004278077615390785,0.024003910202885337,6.818844826517124,0
2,0.99,9,gaussian,2,-0.05574849583305852,0.031623970427642575,5.873425505767457,0
2,0.99,9,gaussian,3,-0.008677359365456994,0.03937541466222815,5.155768043298137,0
2,0.99,9,gaussian,4,0.17935777759616744,0.034800127985984815,4.5062404680454895,0
2,0.99,9,gaussian,5,0.21657697022107936,0.05157294472465832,4.063842066783701,0
2,0.99,9,gaussian,6,0.2381138748685161,0.056304180137222666,3.7272723644848225,0
2,0.99,9,lognormal,1,-0.3813121430732904,0.06374880438410685,6.818844826517124,0
2,0.99,9,lognormal,2,-0.3714863340315686,0.08194574617019793,5.873425505767457,0
2,0.99,9,lognormal,3,-0.2960423413472135,0.10156555176167577,5.155768043298137,0
2,0.99,9,lognormal,4,-0.0967869306747966,0.1242696070160051,4.5062404680454895,0
2,0.99,9,lognormal,5,-0.07503131909229221,0.11241084775261044,4.063842066783701,0
2,0.99,9,lognormal,6,-0.04427531218921521,0.11046939370149644,3.7272723644848225,0
3,0.9,0,uniform,1,1.0467950214264894,0.01725413017276268,6.225110092230772,1
3,0.9,0,uniform,2,0.6501784890322346,0.019620261667075808,5.233023578208932,1
3,0.9,0,uniform,3,0.5876124804806899,0.019737085493532834,4.481879925295718,1
3,0.9,0,uniform,4,0.5750287461989254,0.021181571271316653,3.9197291116208595,1
3,0.9,0,uniform,5,0.5466979955567561,0.01663989272472336,3.495213552564814,1
3,0.9,0,uniform,6,0.5105108322550969,0.018519801857325133,3.1639646686799687,1
3,0.9,0,gaussian,1,-0.0009871720998821942,0.03187417064632933,6.225110092230772,0
3,0.9,0,gaussian,2,-0.017731506858265966,0.030734157754043624,5.233023578208932,0
3,0.9,0,gaussian,3,0.08344175279428523,0.0546912339815169,4.481879925295718,0
3,0.9,0,gaussian,4,0.1676777437554655,0.04234574375877218,3.9197291116208595,0
3,0.9,0,gaussian,5,0.1996402118227314,0.05493443866334644,3.495213552564814,0
3,0.9,0,gaussian,6,0.20419437238011584,0.0479326187675116,3.1639646686799687,0
3,0.9,0,lognormal,1,-0.0017711902298271909,0.04090276739874869,6.225110092230772,0
3,0.9,0,lognormal,2,0.0017733052315085374,0.05755918616963831,5.233023578208932,0
3,0.9,0,lognormal,3,0.11249162935083135,0.08078207622112721,4.481879925295718,0
3,0.9,0,lognormal,4,0.2078292581113006,0.06823385250127784,3.9197291116208595,0
3,0.9,0,lognormal,5,0.23361048592668432,0.10995929980177493,3.495213552564814,0
3,0.9,0,lognormal,6,0.2436426081443841,0.11041885007360448,3.1639646686799687,0
3,0.9,1,uniform,1,1.2963673421859552,0.022080552929514715,6.679564542504427,1
3,0.9,1,uniform,2,0.8833819927509978,0.02023970058977173,5.714695441191604,1
3,0.9,1,uniform,3,0.7163357243852655,0.014377795771349596,5.067438921634633,1
3,0.9,1,uniform,4,0.7447114950363272,0.02079213443037643,4.466014555569866,1
3,0.9,1,uniform,5,0.7052343227836095,0.012429339970412446,4.053804923146365,1
3,0.9,1,uniform,6,0.741330466601112,0.01735788013662418,3.6442020179023187,1
3,0.9,1,gaussian,1,0.004035022455213699,0.048647171271197436,6.679564542504427,0
3,0.9,1,gaussian,2,-0.03407642228404484,0.03694130514291417,5.714695441191604,0
3,0.9,1,gaussian,3,-0.07002627441795006,0.0412926915872906,5.067438921634633,0
3,0.9,1,gaussian,4,0.061745268973093737,0.04991916992367504,4.466014555569866,0
3,0.9,1,gaussian,5,0.07409028303721676,0.044535907205721495,4.053804923146365,0
3,0.9,1,gaussian,6,0.16892142717341674,0.05125238498144665,3.6442020179023187,0
3,0.9,1,lognormal,1,-0.17590349485941648,0.07138968516443174,6.679564542504427,0
3,0.9,1,lognormal,2,-0.19529343927369158,0.05957283684980295,5.714695441191604,0
3,0.9,1,lognormal,3,-0.21491857285315064,0.10582302047915487,5.067438921634633,0
3,0.9,1,lognormal,4,-0.06912009682661857,0.12403232922329377,4.466014555569866,0
3,0.9,1,lognormal,5,-0.04599996171881404,0.10578441926019512,4.053804923146365,0
3,0.9,1,lognormal,6,0.004788798964940444,0.10164647021740698,3.6442020179023187,0
3,0.9,2,uniform,1,1.3720446698261712,0.02159647005707898,6.323437531562578,1
3,0.9,2,uniform,2,0.9581810650952285,0.019776480409251278,5.354967015150714,1
3,0.9,2,uniform,3,0.8712638234898993,0.017475053491552497,4.623496503268151,1
3,0.9,2,uniform,4,0.7185458811763841,0.022448602149247085,4.201789165919129,1
3,0.9,2,uniform,5,0.7860167626981749,0.016881518348412176,3.679100062907506,1
3,0.9,2,uniform,6,0.7284736393001974,0.016290623996399006,3.369483977926078,1
3,0.9,2,gaussian,1,-0.005987158381480562,0.027784461982641277,6.323437531562578,0
3,0.9,2,gaussian,2,-0.037845117035823606,0.032307537442574204,5.354967015150714,0
3,0.9,2,gaussian,3,0.05020815236284548,0.04912527209043431,4.623496503268151,0
3,0.9,2,gaussian,4,-0.03498681690599348,0.048446050280896,4.201789165919129,0
3,0.9,2,gaussian,5,0.11020414994557992,0.049269034651347535,3.679100062907506,0
3,0.9,2,gaussian,6,0.11591818926393538,0.05243473806438616,3.369483977926078,0
3,0.9,2,lognormal,1,-0.25864309225950954,0.05144446867811902,6.323437531562578,0
3,0.9,2,lognormal,2,-0.2572165211709132,0.07825726579537262,5.354967015150714,0
3,0.9,2,lognormal,3,-0.10307889322885178,0.08685821343204829,4.623496503268151,0
3,0.9,2,lognormal,4,-0.24943104696955443,0.11960977783728768,4.201789165919129,0
3,0.9,2,lognormal,5,-0.07850968980667128,0.10152562987665165,3.679100062907506,0
3,0.9,2,lognormal,6,-0.07684292994234454,0.11330359167259466,3.369483977926078,0
3,0.9,3,uniform,1,1.2180674629420833,0.01718516087495223,6.259883813907388,1
3,0.9,3,uniform,2,0.6984580718242652,0.019483315986967446,5.386827621356631,1
3,0.9,3,uniform,3,0.7505729592858312,0.022499754926983417,4.524525276685164,1
3,0.9,3,uniform,4,0.7945416112816366,0.023351775791012448,3.905908991392997,1
3,0.9,3,uniform,5,0.7331807679769184,0.013986506068882949,3.5243082964529933,1
3,0.9,3,uniform,6,0.7429954579045273,0.02027101922060355,3.143364966685778,1
3,0.9,3,gaussian,1,0.0034430570770318525,0.025945802190903332,6.259883813907388,0
3,0.9,3,gaussian,2,-0.13507383791686056,0.0318512820066899,5.386827621356631,0
3,0.9,3,gaussian,3,0.06013748353366122,0.04574285251697603,4.524525276685164,0
3,0.9,3,gaussian,4,0.1953091126432014,0.03308976415605362,3.905908991392997,0
3,0.9,3,gaussian,5,0.19631752162503924,0.04452864194477797,3.5243082964529933,0
3,0.9,3,gaussian,6,0.24771346228095936,0.046084104145404765,3.143364966685778,0
3,0.9,3,lognormal,1,-0.18682175361750986,0.03935411920500623,6.259883813907388,0
3,0.9,3,lognormal,2,-0.289360849044642,0.06352352940265105,5.386827621356631,0
3,0.9,3,lognormal,3,-0.10085345139631663,0.06692212076560664,4.524525276685164,0
3,0.9,3,lognormal,4,0.04035228325672513,0.060769333476196875,3.905908991392997,0
3,0.9,3,lognormal,5,0.08183761837505577,0.07950672243402261,3.5243082964529933,0
3,0.9,3,lognormal,6,0.060541325504881005,0.09914287637971118,3.143364966685778,0
3,0.9,4,uniform,1,1.266143376629615,0.021198625687469087,6.7843021675225,1
3,0.9,4,uniform,2,0.9220958459114499,0.01532374004054155,5.746243450749889,1
3,0.9,4,uniform,3,0.9200989045571735,0.018984220760155573,4.928362429431004,1
3,0.9,4,uniform,4,0.8308101028307107,0.015302345155331123,4.436410806955476,1
3,0.9,4,uniform,5,0.8563913983085891,0.01803710458275519,3.968144424316705,1
3,0.9,4,uniform,6,0.8275534609299404,0.017310321268526017,3.6346342813813326,1
3,0.9,4,gaussian,1,-0.006384064611126838,0.02254433798310825,6.7843021675225,0
3,0.9,4,gaussian,2,0.015906803799959235,0.04400044606640375,5.746243450749889,0
3,0.9,4,gaussian,3,0.1918209235765449,0.0475678362404077,4.928362429431004,0
3,0.9,4,gaussian,4,0.19959892358712583,0.062211538301487714,4.436410806955476,0
3,0.9,4,gaussian,5,0.2648090234766469,0.050293457222074,3.968144424316705,0
3,0.9,4,gaussian,6,0.28800276497205557,0.05046517808863093,3.6346342813813326,0
3,0.9,4,lognormal,1,-0.16262411261099619,0.044639786624027754,6.7843021675225,0
3,0.9,4,lognormal,2,-0.10018378827912855,0.10113030961650449,5.746243450749889,0
3,0.9,4,lognormal,3,0.0888182461634015,0.1825639583716427,4.928362429431004,0
3,0.9,4,lognormal,4,0.12362041156302883,0.14036902583389146,4.436410806955476,0
3,0.9,4,lognormal,5,0.17036646878361772,0.1381126949988434,3.968144424316705,0
3,0.9,4,lognormal,6,0.2007192825961308,0.10378656214880444,3.6346342813813326,0
3,0.9,5,uniform,1,1.2656439175540761,0.01742998291626129,6.6080590410199935,1
3,0.9,5,uniform,2,0.9030611368838466,0.01800818888809479,5.586554810180824,1
3,0.9,5,uniform,3,0.8770326887509521,0.0233975359507626,4.8014392480772,1
3,0.9,5,uniform,4,0.774423734671271,0.011907669656223049,4.313251011201836,1
3,0.9,5,uniform,5,0.6874493766678382,0.01814060115828831,3.9619510627776,1
3,0.9,5,uniform,6,0.6491545466014981,0.019858828248997,3.6368214598505015,1
3,0.9,5,gaussian,1,-0.0032232772902931472,0.033529379453615456,6.6080590410199935,0
3,0.9,5,gaussian,2,0.016130324309670208,0.03982678787131004,5.586554810180824,0
3,0.9,5,gaussian,3,0.14614955512035266,0.03491225408665171,4.8014392480772,0
3,0.9,5,gaussian,4,0.1570719219829897,0.05143069825410818,4.313251011201836,0
3,0.9,5,gaussian,5,0.10636956729526847,0.04020406809986342,3.9619510627776,0
3,0.9,5,gaussian,6,0.10294902880739576,0.059659386612929494,3.6368214598505015,0
3,0.9,5,lognormal,1,-0.23314936870197123,0.045525439395356686,6.6080590410199935,0
3,0.9,5,lognormal,2,-0.13116411549386697,0.07279594126126349,5.586554810180824,0
3,0.9,5,lognormal,3,-0.012389768713837235,0.10358692513332769,4.8014392480772,0
3,0.9,5,lognormal,4,-0.018983465113630693,0.0861549654497249,4.313251011201836,0
3,0.9,5,lognormal,5,-0.052789049338015204,0.09307117673017203,3.9619510627776,0
3,0.9,5,lognormal,6,-0.08388232680033392,0.1115208620827533,3.6368214598505015,0
3,0.9,6,uniform,1,1.1053922265627518,0.01848436043333047,5.5115417718243025,1
3,0.9,6,uniform,2,0.7084652977157067,0.02233200540407573,4.516208484143608,1
3,0.9,6,uniform,3,0.596575976550652,0.021672503597750335,3.814358662676922,1
3,0.9,6,uniform,4,0.5847492865951325,0.026858817448591844,3.2534055761040896,1
3,0.9,6,uniform,5,0.5298059037852618,0.02472728473181505,2.8689709122517817,1
3,0.9,6,uniform,6,0.5139138156818697,0.021074060741573458,2.4981804676820896,1
3,0.9,6,gaussian,1,0.005894226311637496,0.023787259947831742,5.5115417718243025,0
3,0.9,6,gaussian,2,-0.014935357748014688,0.031680800659454514,4.516208484143608,0
3,0.9,6,gaussian,3,0.028461730640141347,0.03751659712914542,3.814358662676922,0
3,0.9,6,gaussian,4,0.09181644878143524,0.043282780599866955,3.2534055761040896,0
3,0.9,6,gaussian,5,0.08485079952806629,0.05478024083605858,2.8689709122517817,0
3,0.9,6,gaussian,6,0.14241909869510527,0.05315885963794095,2.4981804676820896,0
3,0.9,6,lognormal,1,-0.12500077387623687,0.03824645968184249,5.5115417718243025,0
3,0.9,6,lognormal,2,-0.10517824103737627,0.05948508835308259,4.516208484143608,0
3,0.9,6,lognormal,3,-0.06605181255215342,0.07752774258664745,3.814358662676922,0
3,0.9,6,lognormal,4,-0.011082864123994174,0.08796908698031579,3.2534055761040896,0
3,0.9,6,lognormal,5,-0.01404171380014807,0.07837578241599825,2.8689709122517817,0
3,0.9,6,lognormal,6,0.04635750218945711,0.0639549784775757,2.4981804676820896,0
3,0.9,7,uniform,1,1.6940894678059104,0.02326367513751175,6.548023215310573,1
3,0.9,7,uniform,2,1.1024776644623033,0.018756984186958398,5.751992550152068,1
3,0.9,7,uniform,3,1.045856611367551,0.025337916769739,4.988272273767048,1
3,0.9,7,uniform,4,0.9516950326322773,0.019218056292259398,4.509087769065537,1
3,0.9,7,uniform,5,1.130490783706224,0.020502818484726112,3.888326073483682,1
3,0.9,7,uniform,6,1.2005322142475618,0.018213404255221312,3.443826792650743,1
3,0.9,7,gaussian,1,-0.005188406277269131,0.03578154192012367,6.548023215310573,0
3,0.9,7,gaussian,2,-0.2130121584422282,0.04577376309662745,5.751992550152068,0
3,0.9,7,gaussian,3,-0.08866996836570262,0.04874363512313892,4.988272273767048,0
3,0.9,7,gaussian,4,-0.11344807319089956,0.04190521456220219,4.509087769065537,0
3,0.9,7,gaussian,5,0.12288340518757712,0.03771806606198841,3.888326073483682,0
3,0.9,7,gaussian,6,0.2460386292248904,0.03954052824585782,3.443826792650743,0
3,0.9,7,lognormal,1,-0.356912551733787,0.05695581233769819,6.548023215310573,0
3,0.9,7,lognormal,2,-0.5054978289802916,0.10149100701060237,5.751992550152068,0
3,0.9,7,lognormal,3,-0.36813108363326474,0.09708078911890085,4.988272273767048,0
3,0.9,7,lognormal,4,-0.3838111472200678,0.07941828023228145,4.509087769065537,0
3,0.9,7,lognormal,5,-0.13583832274750618,0.12217814566225794,3.888326073483682,0
3,0.9,7,lognormal,6,-0.028960228147371314,0.10181277396157148,3.443826792650743,0
3,0.9,8,uniform,1,1.3389168276932182,0.019138801908376205,6.616259386877154,1
3,0.9,8,uniform,2,0.8102364298410372,0.013244507984573056,5.7532490320330645,1
3,0.9,8,uniform,3,0.7722432909877455,0.019577352726797184,4.985757844850356,1
3,0.9,8,uniform,4,0.7721060092118845,0.018853858751770047,4.408208417164746,1
3,0.9,8,uniform,5,0.8169069784233951,0.016129017604307096,3.9028273518542456,1
3,0.9,8,uniform,6,0.7267868671742521,0.01767057893918612,3.6273793101473375,1
3,0.9,8,gaussian,1,0.0010207208349815033,0.03253301088097934,6.616259386877154,0
3,0.9,8,gaussian,2,-0.14926323869298663,0.038330928312052426,5.7532490320330645,0
3,0.9,8,gaussian,3,-0.037600767655866285,0.03530997555553414,4.985757844850356,0
3,0.9,8,gaussian,4,0.0677271623891107,0.04460853833311113,4.408208417164746,0
3,0.9,8,gaussian,5,0.17047594949321,0.05052439319368199,3.9028273518542456,0
3,0.9,8,gaussian,6,0.11307958009763297,0.05985458791059398,3.6273793101473375,0
3,0.9,8,lognormal,1,-0.10050304099099883,0.0557691508557091,6.616259386877154,0
3,0.9,8,lognormal,2,-0.23610659147883784,0.07233044324978002,5.7532490320330645,0
3,0.9,8,lognormal,3,-0.08397854502065094,0.09919332946486228,4.985757844850356,0
3,0.9,8,lognormal,4,-0.01403347590172821,0.10320245096667414,4.408208417164746,0
3,0.9,8,lognormal,5,0.07612447138517098,0.09533911435471407,3.9028273518542456,0
3,0.9,8,lognormal,6,0.03345960339951182,0.13050660223920252,3.6273793101473375,0
3,0.9,9,uniform,1,1.0545092281382908,0.02138243941587249,6.045330643319315,1
3,0.9,9,uniform,2,0.6430813204196886,0.01506102704195529,5.064488560714692,1
3,0.9,9,uniform,3,0.6311027104341926,0.022985777491850306,4.275360136840994,1
3,0.9,9,uniform,4,0.550997057651927,0.024194648273657703,3.771827003332803,1
3,0.9,9,uniform,5,0.517373610205643,0.022051215951560284,3.3601606803585526,1
3,0.9,9,uniform,6,0.5225679346994414,0.019832954221837566,2.98519932547449,1
3,0.9,9,gaussian,1,0.002679877407905984,0.041490928776224296,6.045330643319315,0
3,0.9,9,gaussian,2,-0.05129205898408351,0.03124365691510679,5.064488560714692,0
3,0.9,9,gaussian,3,0.08745812526239227,0.04593474191821585,4.275360136840994,0
3,0.9,9,gaussian,4,0.12604214028685323,0.05833796564060781,3.771827003332803,0
3,0.9,9,gaussian,5,0.14250685817285946,0.05376659820214824,3.3601606803585526,0
3,0.9,9,gaussian,6,0.20704815776175245,0.04688654096257459,2.98519932547449,0
3,0.9,9,lognormal,1,-0.01973079226728469,0.07016442509462281,6.045330643319315,0
3,0.9,9,lognormal,2,-0.01884226400426403,0.06311316849466385,5.064488560714692,0
3,0.9,9,lognormal,3,0.11474380896546599,0.08349653012001465,4.275360136840994,0
3,0.9,9,lognormal,4,0.17086767173909667,0.12170070818840363,3.771827003332803,0
3,0.9,9,lognormal,5,0.19181032936477393,0.10799013804219883,3.3601606803585526,0
3,0.9,9,lognormal,6,0.2312381526057652,0.0836784177369454,2.98519932547449,0
3,0.95,0,uniform,1,1.082867889611789,0.024321386117974037,6.287110680578978,1
3,0.95,0,uniform,2,0.6434600609752152,0.024767798761385802,5.344487858385124,1
3,0.95,0,uniform,3,0.5156709045532031,0.01989849994134955,4.654653194341386,1
3,0.95,0,uniform,4,0.6110611915311952,0.024301404936360103,3.9829251013141387,1
3,0.95,0,uniform,5,0.5617397199552796,0.01741347524343186,3.5788379449494583,1
3,0.95,0,uniform,6,0.5626805414395153,0.02698071980240906,3.2103790476786123,1
3,0.95,0,gaussian,1,-0.005666317310536684,0.02618244141121237,6.287110680578978,0
3,0.95,0,gaussian,2,-0.06656254694717223,0.041827232752376126,5.344487858385124,0
3,0.95,0,gaussian,3,-0.019813955551408746,0.04629852787299462,4.654653194341386,0
3,0.95,0,gaussian,4,0.15128528952692077,0.03947343616922148,3.9829251013141387,0
3,0.95,0,gaussian,5,0.1613718565493465,0.04351080208338961,3.5788379449494583,0
3,0.95,0,gaussian,6,0.22023262895524542,0.052315359294170076,3.2103790476786123,0
3,0.95,0,lognormal,1,-0.011590799010660291,0.046278690106983336,6.287110680578978,0
3,0.95,0,lognormal,2,-0.03510482285765182,0.057762284520733134,5.344487858385124,0
3,0.95,0,lognormal,3,0.03225700914657459,0.12676040865906907,4.654653194341386,0
3,0.95,0,lognormal,4,0.1806087131301557,0.08123021936797528,3.9829251013141387,0
3,0.95,0,lognormal,5,0.19375134621763923,0.08984632795812947,3.5788379449494583,0
3,0.95,0,lognormal,6,0.2765490706771261,0.11864135381353152,3.2103790476786123,0
3,0.95,1,uniform,1,1.023771011028206,0.02299002307326629,6.08444095249909,1
3,0.95,1,uniform,2,0.6484432947841778,0.01938388435443075,5.080691595339694,1
3,0.95,1,uniform,3,0.6548687886882094,0.02048374396874422,4.258123703135768,1
3,0.95,1,uniform,4,0.5457688251947492,0.017233960359459958,3.7880470028496105,1
3,0.95,1,uniform,5,0.556976939123627,0.0280556943208321,3.3343753598980017,1
3,0.95,1,uniform,6,0.6138983405945013,0.020665711253550875,2.8975613330383494,1
3,0.95,1,gaussian,1,-0.00452248401254618,0.030668449533652106,6.08444095249909,0
3,0.95,1,gaussian,2,-0.004891130525407128,0.03767259759641389,5.080691595339694,0
3,0.95,1,gaussian,3,0.17239233494129458,0.040924608337494485,4.258123703135768,0
3,0.95,1,gaussian,4,0.13380613535912156,0.038009027924899436,3.7880470028496105,0
3,0.95,1,gaussian,5,0.19765909234837098,0.04204254165579025,3.3343753598980017,0
3,0.95,1,gaussian,6,0.3393316582165342,0.050130764971135264,2.8975613330383494,0
3,0.95,1,lognormal,1,0.013750048233047707,0.06075104800911663,6.08444095249909,0
3,0.95,1,lognormal,2,0.050779512573190466,0.07940750148696894,5.080691595339694,0
3,0.95,1,lognormal,3,0.2356107149552269,0.08840020588261681,4.258123703135768,0
3,0.95,1,lognormal,4,0.19275005962400105,0.09004180031452105,3.7880470028496105,0
3,0.95,1,lognormal,5,0.2459484002471859,0.07509330650511728,3.3343753598980017,0
3,0.95,1,lognormal,6,0.41902971998792493,0.12144184410344858,2.8975613330383494,0
3,0.95,2,uniform,1,1.415378910624745,0.016916541648247168,6.384586665593307,1
3,0.95,2,uniform,2,0.9154023416473489,0.01788384935659829,5.499120790636898,1
3,0.95,2,uniform,3,0.7610953648441736,0.021694344272886735,4.844058114896602,1
3,0.95,2,uniform,4,0.7610112883373947,0.025830240047741038,4.265191657292149,1
3,0.95,2,uniform,5,0.7894593541222825,0.01766342915396362,3.7884268679339135,1
3,0.95,2,uniform,6,0.7511989504886785,0.024701463921950068,3.4582161627410546,1
3,0.95,2,gaussian,1,-0.004365452073745502,0.03414169886862129,6.384586665593307,0
3,0.95,2,gaussian,2,-0.13455195069071646,0.03505734917198009,5.499120790636898,0
3,0.95,2,gaussian,3,-0.12091355352216837,0.038269214577314706,4.844058114896602,0
3,0.95,2,gaussian,4,-0.022391613125509302,0.05556808435460543,4.265191657292149,0
3,0.95,2,gaussian,5,0.04432000914374834,0.052458411115226804,3.7884268679339135,0
3,0.95,2,gaussian,6,0.06421699009335757,0.03621359468413377,3.4582161627410546,0
3,0.95,2,lognormal,1,-0.11599612541006543,0.05340129386394821,6.384586665593307,0
3,0.95,2,lognormal,2,-0.19663059272002403,0.08686576266509884,5.499120790636898,0
3,0.95,2,lognormal,3,-0.16076998135570886,0.10056001852058731,4.844058114896602,0
3,0.95,2,lognormal,4,-0.08566502172406665,0.06875429132951745,4.265191657292149,0
3,0.95,2,lognormal,5,-0.000595320766995755,0.10203723468601066,3.7884268679339135,0
3,0.95,2,lognormal,6,-0.05009252243447726,0.07605688449177811,3.4582161627410546,0
3,0.95,3,uniform,1,1.358188807131885,0.015893735207502802,5.8822249321687385,1
3,0.95,3,uniform,2,0.9897667055581252,0.020210627487096056,4.864157038938545,1
3,0.95,3,uniform,3,0.8553770477740157,0.018555072242965556,4.185218449313658,1
3,0.95,3,uniform,4,0.6855232632665902,0.02283262196272011,3.773708922536961,1
3,0.95,3,uniform,5,0.7144714909831937,0.017584897090231935,3.2994337180974607,1
3,0.95,3,uniform,6,0.7740117889036986,0.02564995082905002,2.8683140482126745,1
3,0.95,3,gaussian,1,-0.002281805530583547,0.024544948414708077,5.8822249321687385,0
3,0.95,3,gaussian,2,0.018373804288709827,0.04326526369265189,4.864157038938545,0
3,0.95,3,gaussian,3,0.019290827905468433,0.034996018936678114,4.185218449313658,0
3,0.95,3,gaussian,4,-0.05223484071398543,0.03706937192081704,3.773708922536961,0
3,0.95,3,gaussian,5,0.05971037318271888,0.058116006438176646,3.2994337180974607,0
3,0.95,3,gaussian,6,0.1383077393811658,0.03634441952627751,2.8683140482126745,0
3,0.95,3,lognormal,1,-0.16226566147601318,0.04781597336345204,5.8822249321687385,0
3,0.95,3,lognormal,2,-0.10940017362569776,0.0598380081623883,4.864157038938545,0
3,0.95,3,lognormal,3,-0.11405582096544542,0.08305520634928963,4.185218449313658,0
3,0.95,3,lognormal,4,-0.18813139365744025,0.0794867455815386,3.773708922536961,0
3,0.95,3,lognormal,5,-0.038164516711056695,0.08226634830358996,3.2994337180974607,0
3,0.95,3,lognormal,6,0.02990539151121885,0.05222976468935343,2.8683140482126745,0
3,0.95,4,uniform,1,1.4723067936056955,0.01687297615396201,7.090073250252565,1
3,0.95,4,uniform,2,1.059381805287015,0.020631357488081516,6.120279380988024,1
3,0.95,4,uniform,3,0.8489568717314055,0.023858661403771082,5.512703486084475,1
3,0.95,4,uniform,4,0.9908028575390313,0.016000830956736663,4.796561703897326,1
3,0.95,4,uniform,5,0.993618214353635,0.02066844528190259,4.3414083922501225,1
3,0.95,4,uniform,6,0.9573749771307192,0.01654364977721268,4.0095593490811385,1
3,0.95,4,gaussian,1,0.0012116263883923395,0.033252619287168696,7.090073250252565,0
3,0.95,4,gaussian,2,-0.04217804170771178,0.03868624764075029,6.120279380988024,0
3,0.95,4,gaussian,3,-0.07691985908293564,0.044254459431353914,5.512703486084475,0
3,0.95,4,gaussian,4,0.1456292233599834,0.04312998471845589,4.796561703897326,0
3,0.95,4,gaussian,5,0.20875600566330643,0.05031094008164322,4.3414083922501225,0
3,0.95,4,gaussian,6,0.22574589551305824,0.05584312924304995,4.0095593490811385,0
3,0.95,4,lognormal,1,-0.40449637340082134,0.050379550633701704,7.090073250252565,0
3,0.95,4,lognormal,2,-0.40701389042896885,0.09666353773981376,6.120279380988024,0
3,0.95,4,lognormal,3,-0.39622310299462704,0.12408266690605745,5.512703486084475,0
3,0.95,4,lognormal,4,-0.166608817445975,0.11500963703120247,4.796561703897326,0
3,0.95,4,lognormal,5,-0.12860516918125242,0.1237919773692878,4.3414083922501225,0
3,0.95,4,lognormal,6,-0.13585110459584415,0.15378155359022602,4.0095593490811385,0
3,0.95,5,uniform,1,1.6439612523141642,0.02404479220044148,6.853724957441734,1
3,0.95,5,uniform,2,1.3003345698941153,0.02039976246259937,5.824723420685104,1
3,0.95,5,uniform,3,1.4839749171789736,0.0214281784273222,4.8202125033402945,1
3,0.95,5,uniform,4,1.3521621210412462,0.018131010747240675,4.3795052564340615,1
3,0.95,5,uniform,5,1.304543061076111,0.015773667196278037,3.9818046052561593,1
3,0.95,5,uniform,6,1.2872644202281736,0.020648481149111948,3.6219074142013676,1
3,0.95,5,gaussian,1,0.00013027280701560784,0.0404294972814779,6.853724957441734,0
3,0.95,5,gaussian,2,0.007530708600087088,0.03517198318397642,5.824723420685104,0
3,0.95,5,gaussian,3,0.3787967307237752,0.042249011560193034,4.8202125033402945,0
3,0.95,5,gaussian,4,0.32528197952096427,0.04690692437093784,4.3795052564340615,0
3,0.95,5,gaussian,5,0.3518950005118766,0.06053096488333178,3.9818046052561593,0
3,0.95,5,gaussian,6,0.36728544394990026,0.05778370011597619,3.6219074142013676,0
3,0.95,5,lognormal,1,-0.7273194462951311,0.058328488374556814,6.853724957441734,0
3,0.95,5,lognormal,2,-0.6717756740403269,0.06105400771705975,5.824723420685104,0
3,0.95,5,lognormal,3,-0.2791081867833567,0.0703317000857913,4.8202125033402945,0
3,0.95,5,lognormal,4,-0.31470814425144944,0.09242433634465305,4.3795052564340615,0
3,0.95,5,lognormal,5,-0.3156890976039466,0.09593398548612563,3.9818046052561593,0
3,0.95,5,lognormal,6,-0.34033918238718375,0.08377699500201811,3.6219074142013676,0
3,0.95,6,uniform,1,1.03453106339719,0.009876928924667037,5.9520901329447655,1
3,0.95,6,uniform,2,0.7328163626156288,0.02373963162216089,4.870543900277839,1
3,0.95,6,uniform,3,0.6069827844918834,0.02184528556859706,4.180840087466958,1
3,0.95,6,uniform,4,0.5302783662678725,0.020632388703650487,3.678029645261405,1
3,0.95,6,uniform,5,0.4985420864477663,0.020694077939358076,3.2694645208415434,1
3,0.95,6,uniform,6,0.4702505720679433,0.02071962120781214,2.9241555050019086,1
3,0.95,6,gaussian,1,0.0038066075507749986,0.0279031700277377,5.9520901329447655,0
3,0.95,6,gaussian,2,0.05926742763879833,0.03092325169566003,4.870543900277839,0
3,0.95,6,gaussian,3,0.1058325645546967,0.03837824736057536,4.180840087466958,0
3,0.95,6,gaussian,4,0.10818537614955259,0.04071988228175541,3.678029645261405,0
3,0.95,6,gaussian,5,0.12655685935890038,0.060861494719611484,3.2694645208415434,0
3,0.95,6,gaussian,6,0.15311008292338135,0.04878508675355762,2.9241555050019086,0
3,0.95,6,lognormal,1,-0.00024749404837187683,0.039435932836972505,5.9520901329447655,0
3,0.95,6,lognormal,2,0.1140146553340804,0.06622974734952171,4.870543900277839,0
3,0.95,6,lognormal,3,0.13707144766373602,0.053919886982085566,4.180840087466958,0
3,0.95,6,lognormal,4,0.17995574431995598,0.08339203486885047,3.678029645261405,0
3,0.95,6,lognormal,5,0.16143442418950205,0.09165458036298268,3.2694645208415434,0
3,0.95,6,lognormal,6,0.17853489062853178,0.07138763397873779,2.9241555050019086,0
3,0.95,7,uniform,1,0.7948124370893428,0.014682484631759897,5.9933253937053275,1
3,0.95,7,uniform,2,0.47301443503979623,0.02174264203205101,4.934328846941096,1
3,0.95,7,uniform,3,0.44369767059791254,0.026810837079016374,4.1507674527728,1
3,0.95,7,uniform,4,0.40343237250254926,0.019363961690581504,3.6177172918995977,1
3,0.95,7,uniform,5,0.3888082884619495,0.021527684345208437,3.1886979103853186,1
3,0.95,7,uniform,6,0.3787192324198778,0.020473164885274113,2.8287617823474185,1
3,0.95,7,gaussian,1,-0.002710174129548548,0.02624463810220952,5.9933253937053275,0
3,0.95,7,gaussian,2,0.038225569797711856,0.049195225942456434,4.934328846941096,0
3,0.95,7,gaussian,3,0.14196855601995484,0.04017123055929542,4.1507674527728,0
3,0.95,7,gaussian,4,0.24562181797744564,0.039282222812439226,3.6177172918995977,0
3,0.95,7,gaussian,5,0.25671436803983516,0.06378935911289745,3.1886979103853186,0
3,0.95,7,gaussian,6,0.29312301632748294,0.04940857756899608,2.8287617823474185,0
3,0.95,7,lognormal,1,-0.013810843978744103,0.054152525568741706,5.9933253937053275,0
3,0.95,7,lognormal,2,0.06142239862576471,0.08157270966920696,4.934328846941096,0
3,0.95,7,lognormal,3,0.15959187581298018,0.08213967290282095,4.1507674527728,0
3,0.95,7,lognormal,4,0.25568883662567465,0.07619745637960479,3.6177172918995977,0
3,0.95,7,lognormal,5,0.2847825119291869,0.13906106682019342,3.1886979103853186,0
3,0.95,7,lognormal,6,0.33011777430465594,0.09767727944766191,2.8287617823474185,0
3,0.95,8,uniform,1,1.66195750929246,0.017454175508218338,7.342521568819334,1
3,0.95,8,uniform,2,1.1727512612568676,0.016686268586171955,6.443704948920105,1
3,0.95,8,uniform,3,1.2110997157488956,0.021911245625526096,5.595176346877154,1
3,0.95,8,uniform,4,1.122402006752643,0.01798660763051773,5.107957060119536,1
3,0.95,8,uniform,5,1.1560267323251807,0.018481704989151287,4.627604389120881,1
3,0.95,8,uniform,6,1.1034636981839254,0.023338649362418383,4.30662195410839,1
3,0.95,8,gaussian,1,-0.0016501807914677258,0.030354306079550298,7.342521568819334,0
3,0.95,8,gaussian,2,-0.13303413928750452,0.048563670902834914,6.443704948920105,0
3,0.95,8,gaussian,3,0.07516183553234246,0.036991884519799303,5.595176346877154,0
3,0.95,8,gaussian,4,0.08500962282603997,0.04143721289280808,5.107957060119536,0
3,0.95,8,gaussian,5,0.1763630073859268,0.06421512434567521,4.627604389120881,0
3,0.95,8,gaussian,6,0.1980288112517492,0.05426258873338796,4.30662195410839,0
3,0.95,8,lognormal,1,-0.48876134715966657,0.0695126078942562,7.342521568819334,0
3,0.95,8,lognormal,2,-0.5748672157237413,0.10283550916164395,6.443704948920105,0
3,0.95,8,lognormal,3,-0.3408710140651179,0.10025503231021823,5.595176346877154,0
3,0.95,8,lognormal,4,-0.31478763485423844,0.1263091683572923,5.107957060119536,0
3,0.95,8,lognormal,5,-0.2271223396097639,0.11220629143473919,4.627604389120881,0
3,0.95,8,lognormal,6,-0.2223555077641901,0.165730266961122,4.30662195410839,0
3,0.95,9,uniform,1,1.9319443234218285,0.017815412162193994,6.367558003330303,1
3,0.95,9,uniform,2,1.2382372735873242,0.01756484164340183,5.674891395351384,1
3,0.95,9,uniform,3,1.2354200102483448,0.019478544988189447,4.853938886315045,1
3,0.95,9,uniform,4,1.4438921776414624,0.022389613527175084,4.083292324024605,1
3,0.95,9,uniform,5,1.4530930934835626,0.020058511127540955,3.615940789734498,1
3,0.95,9,uniform,6,1.389735577831321,0.018374190129784754,3.312410727171049,1
3,0.95,9,gaussian,1,-0.0058084038599117704,0.0356496085336923,6.367558003330303,0
3,0.95,9,gaussian,2,-0.3119871152676499,0.04487943724999268,5.674891395351384,0
3,0.95,9,gaussian,3,-0.17926597607073802,0.05162870541696183,4.853938886315045,0
3,0.95,9,gaussian,4,0.15195763003722895,0.045034959643332824,4.083292324024605,0
3,0.95,9,gaussian,5,0.20748353249683804,0.03866790088677993,3.615940789734498,0
3,0.95,9,gaussian,6,0.20403150541767534,0.06505175804919662,3.312410727171049,0
3,0.95,9,lognormal,1,-0.26621249806968006,0.04889884420430063,6.367558003330303,0
3,0.95,9,lognormal,2,-0.5459932197818196,0.10085639299600749,5.674891395351384,0
3,0.95,9,lognormal,3,-0.3885200553503463,0.08562756787262224,4.853938886315045,0
3,0.95,9,lognormal,4,-0.07112670042169533,0.0666112081534557,4.083292324024605,0
3,0.95,9,lognormal,5,0.006177164242681776,0.0970691259068573,3.615940789734498,0
3,0.95,9,lognormal,6,-0.0073570623094374454,0.13434357939684213,3.312410727171049,0
3,0.99,0,uniform,1,1.3335060244539632,0.019637151559971908,5.85563373047195,1
3,0.99,0,uniform,2,1.0560681724050482,0.023300063604283574,4.74063424015184,1
3,0.99,0,uniform,3,0.9157710620179955,0.018350930616999397,4.067634179518583,1
3,0.99,0,uniform,4,0.8728441556724387,0.020661987725908975,3.5385712307803074,1
3,0.99,0,uniform,5,0.7428438905432264,0.021857213475290464,3.2129952612131962,1
3,0.99,0,uniform,6,0.7537834632162013,0.015182128929425866,2.8383186544109424,1
3,0.99,0,gaussian,1,-0.010774284282129898,0.038777747443610754,5.85563373047195,0
3,0.99,0,gaussian,2,0.11547710768809072,0.03305040341999818,4.74063424015184,0
3,0.99,0,gaussian,3,0.1285682184401118,0.03790647607621655,4.067634179518583,0
3,0.99,0,gaussian,4,0.16688411439257633,0.05280038939009313,3.5385712307803074,0
3,0.99,0,gaussian,5,0.1033789454389793,0.04468046462987857,3.2129952612131962,0
3,0.99,0,gaussian,6,0.15973735599900607,0.05559311024761848,2.8383186544109424,0
3,0.99,0,lognormal,1,-0.03062112023662511,0.06632857958146893,5.85563373047195,0
3,0.99,0,lognormal,2,0.13850455908023562,0.07320063351641481,4.74063424015184,0
3,0.99,0,lognormal,3,0.17916881128910855,0.09083783241875464,4.067634179518583,0
3,0.99,0,lognormal,4,0.18029873260588625,0.12361402161900527,3.5385712307803074,0
3,0.99,0,lognormal,5,0.12324007664340275,0.09467346901309141,3.2129952612131962,0
3,0.99,0,lognormal,6,0.20970571078280908,0.07745471336614233,2.8383186544109424,0
3,0.99,1,uniform,1,1.0856332339751678,0.01620072796356875,6.838613621830316,1
3,0.99,1,uniform,2,0.7023252189894187,0.021867063285647744,5.823711082318315,1
3,0.99,1,uniform,3,0.5699012383412487,0.02471961862545612,5.1418333953766275,1
3,0.99,1,uniform,4,0.580705731087864,0.018398725812723164,4.563664442828326,1
3,0.99,1,uniform,5,0.5463232688946977,0.01752136234436575,4.146829588248478,1
3,0.99,1,uniform,6,0.5624371069237242,0.02085534774930473,3.7601768399851645,1
3,0.99,1,gaussian,1,-0.015803119873508464,0.0305124039693208,6.838613621830316,0
3,0.99,1,gaussian,2,0.006222953060584402,0.04693517526325381,5.823711082318315,0
3,0.99,1,gaussian,3,0.042887014487824615,0.05116527843666695,5.1418333953766275,0
3,0.99,1,gaussian,4,0.11836981623784304,0.04473876310484802,4.563664442828326,0
3,0.99,1,gaussian,5,0.15500193411417484,0.05324910900040356,4.146829588248478,0
3,0.99,1,gaussian,6,0.22091019635403697,0.0452570181707978,3.7601768399851645,0
3,0.99,1,lognormal,1,0.0003958624110955711,0.04770742485409116,6.838613621830316,0
3,0.99,1,lognormal,2,0.1095059430429588,0.09335755729485042,5.823711082318315,0
3,0.99,1,lognormal,3,0.15671686509813654,0.0895510559668243,5.1418333953766275,0
3,0.99,1,lognormal,4,0.2085689659554566,0.09607609902858757,4.563664442828326,0
3,0.99,1,lognormal,5,0.24688416793936518,0.10696435716911215,4.146829588248478,0
3,0.99,1,lognormal,6,0.2897117730522112,0.10610307079444417,3.7601768399851645,0
3,0.99,2,uniform,1,1.04412833138697,0.0229885351820526,6.487546339338561,1
3,0.99,2,uniform,2,0.6943134745353152,0.02571844151690906,5.447424881227189,1
3,0.99,2,uniform,3,0.6372258382606306,0.02215760028012526,4.685412024034876,1
3,0.99,2,uniform,4,0.5772756721413206,0.024216041205307338,4.181297843317741,1
3,0.99,2,uniform,5,0.5602165958684346,0.01907486180040657,3.7420555893647562,1
3,0.99,2,uniform,6,0.5382025167733273,0.022608967449348732,3.3992805399244936,1
3,0.99,2,gaussian,1,0.0027467608953948286,0.027957057863072073,6.487546339338561,0
3,0.99,2,gaussian,2,0.03157642438608388,0.04391847189677908,5.447424881227189,0
3,0.99,2,gaussian,3,0.15725467240502766,0.0404692922378632,4.685412024034876,0
3,0.99,2,gaussian,4,0.1601657456911587,0.0437996796642195,4.181297843317741,0
3,0.99,2,gaussian,5,0.19739592361593283,0.06328356271078901,3.7420555893647562,0
3,0.99,2,gaussian,6,0.2503830894845711,0.056022360461353275,3.3992805399244936,0
3,0.99,2,lognormal,1,-0.08152288303083921,0.04930985153428903,6.487546339338561,0
3,0.99,2,lognormal,2,0.01140057949441875,0.08019584627812196,5.447424881227189,0
3,0.99,2,lognormal,3,0.11387574998465855,0.08168526456892529,4.685412024034876,0
3,0.99,2,lognormal,4,0.11095208275689572,0.10108210592867244,4.181297843317741,0
3,0.99,2,lognormal,5,0.17759650223370782,0.15957473485010218,3.7420555893647562,0
3,0.99,2,lognormal,6,0.2237450949319042,0.11113811846638212,3.3992805399244936,0
3,0.99,3,uniform,1,1.2233199858790682,0.014979021571859015,6.192643093874145,1
3,0.99,3,uniform,2,0.8675031270107265,0.02080864258458185,5.166973505173062,1
3,0.99,3,uniform,3,0.7494760251227106,0.01776160684382242,4.464358221205586,1
3,0.99,3,uniform,4,0.6777831215944885,0.0211265094406243,3.960213512878996,1
3,0.99,3,uniform,5,0.650110827752914,0.014978097271330945,3.5547358521576093,1
3,0.99,3,uniform,6,0.6501967620214821,0.019099836326179655,3.1739919908893923,1
3,0.99,3,gaussian,1,-0.010168890123663843,0.03604880343302178,6.192643093874145,0
3,0.99,3,gaussian,2,0.015816307904970905,0.0382975950015351,5.166973505173062,0
3,0.99,3,gaussian,3,0.08721488231029006,0.050265083953165354,4.464358221205586,0
3,0.99,3,gaussian,4,0.0805651620383947,0.046972457062843385,3.960213512878996,0
3,0.99,3,gaussian,5,0.11887797054724336,0.047274639818214385,3.5547358521576093,0
3,0.99,3,gaussian,6,0.16075347423537067,0.05747566374037145,3.1739919908893923,0
3,0.99,3,lognormal,1,-0.03274578018518781,0.04497329106451533,6.192643093874145,0
3,0.99,3,lognormal,2,0.04652424003838895,0.07068345766462826,5.166973505173062,0
3,0.99,3,lognormal,3,0.12634985700418166,0.09523069447690606,4.464358221205586,0
3,0.99,3,lognormal,4,0.1285834267298296,0.08687992804318855,3.960213512878996,0
3,0.99,3,lognormal,5,0.16238498342051244,0.11191185839554879,3.5547358521576093,0
3,0.99,3,lognormal,6,0.19600278658103987,0.1309906753294227,3.1739919908893923,0
3,0.99,4,uniform,1,1.3462144892183758,0.020057819748064563,6.3818087520664335,1
3,0.99,4,uniform,2,0.9090773697685819,0.02160349843974125,5.426489064713735,1
3,0.99,4,uniform,3,0.7998084603916249,0.02282055662696368,4.7186033146134765,1
3,0.99,4,uniform,4,0.7390907919938243,0.023818224308167744,4.200606222583091,1
3,0.99,4,uniform,5,0.7227851257653777,0.016165546428514012,3.7807519131086886,1
3,0.99,4,uniform,6,0.7165243666481849,0.02255006004749722,3.421302748675368,1
3,0.99,4,gaussian,1,0.0048832314493747475,0.031020861529312216,6.3818087520664335,0
3,0.99,4,gaussian,2,-0.047578364405467255,0.045922995668427974,5.426489064713735,0
3,0.99,4,gaussian,3,0.004490729735580956,0.04676933360826654,4.7186033146134765,0
3,0.99,4,gaussian,4,0.01820311219941484,0.0474335946417275,4.200606222583091,0
3,0.99,4,gaussian,5,0.03436140341971017,0.05806715422372837,3.7807519131086886,0
3,0.99,4,gaussian,6,0.09002957540531309,0.053663732657033066,3.421302748675368,0
3,0.99,4,lognormal,1,0.0637056564916918,0.06931174743060024,6.3818087520664335,0
3,0.99,4,lognormal,2,0.05707156764717958,0.10185028229478438,5.426489064713735,0
3,0.99,4,lognormal,3,0.0992707923506222,0.09598048785207144,4.7186033146134765,0
3,0.99,4,lognormal,4,0.13655020970041054,0.10261228676100222,4.200606222583091,0
3,0.99,4,lognormal,5,0.13907547046554125,0.14354178418008587,3.7807519131086886,0
3,0.99,4,lognormal,6,0.15341838353918336,0.11296722466332194,3.421302748675368,0
3,0.99,5,uniform,1,1.07611995548878,0.02712551557351413,5.849537259256132,1
3,0.99,5,uniform,2,0.7103691657293947,0.027057034448629256,4.826948821890792,1
3,0.99,5,uniform,3,0.4574641652863223,0.028451337027986766,4.256060125951802,1
3,0.99,5,uniform,4,0.4208512782781857,0.019282775194151277,3.7275110876540025,1
3,0.99,5,uniform,5,0.423972034575002,0.0238165923138805,3.271492210978862,1
3,0.99,5,uniform,6,0.45361446060737753,0.017831367484463734,2.8751955247624013,1
3,0.99,5,gaussian,1,-0.0054261617558646336,0.044627027501670524,5.849537259256132,0
3,0.99,5,gaussian,2,0.016644035513733613,0.03558017275257951,4.826948821890792,0
3,0.99,5,gaussian,3,-0.0749232403410236,0.03799280654165965,4.256060125951802,0
3,0.99,5,gaussian,4,-0.015562739493653499,0.04364534988746444,3.7275110876540025,0
3,0.99,5,gaussian,5,0.04155844997239777,0.04532195445357636,3.271492210978862,0
3,0.99,5,gaussian,6,0.12416245549962035,0.045711809385132134,2.8751955247624013,0
3,0.99,5,lognormal,1,0.08670561221532846,0.06411823617136544,5.849537259256132,0
3,0.99,5,lognormal,2,0.14325611058357257,0.06480191228844633,4.826948821890792,0
3,0.99,5,lognormal,3,0.050766798905354626,0.08798927492735889,4.256060125951802,0
3,0.99,5,lognormal,4,0.13294039981348105,0.11572126593256346,3.7275110876540025,0
3,0.99,5,lognormal,5,0.16549053120636392,0.09243068381037577,3.271492210978862,0
3,0.99,5,lognormal,6,0.24076681242808817,0.10430441727929232,2.8751955247624013,0
3,0.99,6,uniform,1,1.4692761879215759,0.021684789868124874,6.692250897252514,1
3,0.99,6,uniform,2,1.180480649197989,0.018779868868937306,5.588256230266222,1
3,0.99,6,uniform,3,1.1057940264501775,0.021212052940467827,4.8591379615609975,1
3,0.99,6,uniform,4,1.0965143578287302,0.022619766360666867,4.290788574695788,1
3,0.99,6,uniform,5,1.0428613019197086,0.0192929532243625,3.889092484495951,1
3,0.99,6,uniform,6,0.9933159452527529,0.02234260361692621,3.5739310013478955,1
3,0.99,6,gaussian,1,0.0002551858898538484,0.03766379564596455,6.692250897252514,0
3,0.99,6,gaussian,2,0.1080249628301404,0.03717898657639373,5.588256230266222,0
3,0.99,6,gaussian,3,0.1656122456148852,0.036954716461028686,4.8591379615609975,0
3,0.99,6,gaussian,4,0.25420358449917213,0.04107218977123899,4.290788574695788,0
3,0.99,6,gaussian,5,0.24614168043834672,0.05626446940526241,3.889092484495951,0
3,0.99,6,gaussian,6,0.25102925279198507,0.058712601886216347,3.5739310013478955,0
3,0.99,6,lognormal,1,-0.47606959521089554,0.04905813881847197,6.692250897252514,0
3,0.99,6,lognormal,2,-0.3303280177438799,0.1061395880157187,5.588256230266222,0
3,0.99,6,lognormal,3,-0.23698973836825932,0.10852911032634996,4.8591379615609975,0
3,0.99,6,lognormal,4,-0.18132691323481254,0.09057848476829694,4.290788574695788,0
3,0.99,6,lognormal,5,-0.19504876728851217,0.11362130509087535,3.889092484495951,0
3,0.99,6,lognormal,6,-0.1791582027210401,0.12197592448581095,3.5739310013478955,0
3,0.99,7,uniform,1,1.2889321046750641,0.01967136693263705,5.906867502330571,1
3,0.99,7,uniform,2,1.0066551914105002,0.01955638239655715,4.807494302800421,1
3,0.99,7,uniform,3,0.8585791440737465,0.026493784136191436,4.13874825448925,1
3,0.99,7,uniform,4,0.6869983229972103,0.022725653553788094,3.735713259378601,1
3,0.99,7,uniform,5,0.7557828149242463,0.013803678205966757,3.2168488674115956,1
3,0.99,7,uniform,6,0.71540869169826,0.022410638771499142,2.8877486647307706,1
3,0.99,7,gaussian,1,0.0033281254413228822,0.03585020075869593,5.906867502330571,0
3,0.99,7,gaussian,2,0.09143464191063622,0.04153077080690853,4.807494302800421,0
3,0.99,7,gaussian,3,0.10817802687101885,0.039509970226283275,4.13874825448925,0
3,0.99,7,gaussian,4,0.022576373059727484,0.042454147572079055,3.735713259378601,0
3,0.99,7,gaussian,5,0.1473363498253244,0.04829024113570044,3.2168488674115956,0
3,0.99,7,gaussian,6,0.13727784663134246,0.05493604026953206,2.8877486647307706,0
3,0.99,7,lognormal,1,0.151266565047262,0.059337100816675065,5.906867502330571,0
3,0.99,7,lognormal,2,0.29831510230814384,0.08428627753414816,4.807494302800421,0
3,0.99,7,lognormal,3,0.314626196933105,0.10627601701073902,4.13874825448925,0
3,0.99,7,lognormal,4,0.2584948630751658,0.0777029596237456,3.735713259378601,0
3,0.99,7,lognormal,5,0.3886326117826955,0.11097000642382995,3.2168488674115956,0
3,0.99,7,lognormal,6,0.32519897160136013,0.09423918673052659,2.8877486647307706,0
3,0.99,8,uniform,1,0.9205711530864402,0.019349864086160354,6.1929934184108495,1
3,0.99,8,uniform,2,0.5994593597515312,0.026342747207922332,5.125705165112539,1
3,0.99,8,uniform,3,0.48445301694173537,0.024425330926449555,4.4240458796446305,1
3,0.99,8,uniform,4,0.5968142739693403,0.016328758306119358,3.7392257745283,1
3,0.99,8,uniform,5,0.5730112558016094,0.023132639671983177,3.303857214864186,1
3,0.99,8,uniform,6,0.5100379037386111,0.025537979179462284,3.0066674407240654,1
3,0.99,8,gaussian,1,-0.0008275166278881585,0.029926074900816408,6.1929934184108495,0
3,0.99,8,gaussian,2,0.05652270121031311,0.0462605550515352,5.125705165112539,0
3,0.99,8,gaussian,3,0.11402496766244674,0.04519773226667998,4.4240458796446305,0
3,0.99,8,gaussian,4,0.32573462937007003,0.049456792838757646,3.7392257745283,0
3,0.99,8,gaussian,5,0.34578831248685926,0.04526472536876328,3.303857214864186,0
3,0.99,8,gaussian,6,0.33068510039962495,0.03891082261451632,3.0066674407240654,0
3,0.99,8,lognormal,1,-0.004111583210652192,0.058041477774558585,6.1929934184108495,0
3,0.99,8,lognormal,2,0.11463656380106979,0.06454301743314618,5.125705165112539,0
3,0.99,8,lognormal,3,0.16920656267194367,0.08532172322103312,4.4240458796446305,0
3,0.99,8,lognormal,4,0.3903774186126481,0.10795254974018087,3.7392257745283,0
3,0.99,8,lognormal,5,0.37654894764617897,0.11850286709793383,3.303857214864186,0
3,0.99,8,lognormal,6,0.40777281629874684,0.10900386990521055,3.0066674407240654,0
3,0.99,9,uniform,1,1.519460728735881,0.02131473925511295,6.583717928270042,1
3,0.99,9,uniform,2,1.0636673903017622,0.020313017267538126,5.659571369531437,1
3,0.99,9,uniform,3,1.0309068995855108,0.019182514025783613,4.8736585685164675,1
3,0.99,9,uniform,4,1.0291544880286114,0.022093254568560528,4.297754313921748,1
3,0.99,9,uniform,5,0.9471530868628224,0.023701622823088072,3.921995226960178,1
3,0.99,9,uniform,6,0.8871442494456527,0.02380457275024874,3.6173791148520085,1
3,0.99,9,gaussian,1,-0.0030440463580321264,0.03460954629963544,6.583717928270042,0
3,0.99,9,gaussian,2,-0.07275165861384725,0.03966958307517726,5.659571369531437,0
3,0.99,9,gaussian,3,0.04730570588343319,0.03693458470225606,4.8736585685164675,0
3,0.99,9,gaussian,4,0.1574559757418248,0.057628944402188624,4.297754313921748,0
3,0.99,9,gaussian,5,0.1167420090989757,0.051360095025500874,3.921995226960178,0
3,0.99,9,gaussian,6,0.09477170548535963,0.047521898031150846,3.6173791148520085,0
3,0.99,9,lognormal,1,-0.29274065776921177,0.052111774561336,6.583717928270042,0
3,0.99,9,lognormal,2,-0.3294575725462625,0.07377301083360535,5.659571369531437,0
3,0.99,9,lognormal,3,-0.20668434851902706,0.07579303056943838,4.8736585685164675,0
3,0.99,9,lognormal,4,-0.08631248456656859,0.10904465679809167,4.297754313921748,0
3,0.99,9,lognormal,5,-0.09832004489015977,0.11644129959394514,3.921995226960178,0
3,0.99,9,lognormal,6,-0.1599082209400411,0.15126706504725893,3.6173791148520085,0
4,0.9,0,uniform,1,1.3038589894402781,0.019075457763992668,7.137630453520777,1
4,0.9,0,uniform,2,0.9122889489498753,0.015727083067815808,6.141092993961061,1
4,0.9,0,uniform,3,0.692031562215897,0.01690804187171997,5.549364894927201,1
4,0.9,0,uniform,4,0.7417663475648055,0.015156748613474321,4.92589046211735,1
4,0.9,0,uniform,5,0.7180253245764616,0.016085604183551698,4.501757839677015,1
4,0.9,0,uniform,6,0.7936408924020837,0.021204024491340984,4.068414098516931,1
4,0.9,0,gaussian,1,-0.004619324581960349,0.0321012810056592,7.137630453520777,0
4,0.9,0,gaussian,2,-0.015243927450706352,0.032413668206176825,6.141092993961061,0
4,0.9,0,gaussian,3,-0.0827359752101735,0.04767659624416576,5.549364894927201,0
4,0.9,0,gaussian,4,0.061237114175255236,0.04134575151046212,4.92589046211735,0
4,0.9,0,gaussian,5,0.10192574086996853,0.051439810095201766,4.501757839677015,0
4,0.9,0,gaussian,6,0.1889451015455803,0.042273202753035914,4.068414098516931,0
4,0.9,0,lognormal,1,-0.08863081344671375,0.05890778159564183,7.137630453520777,0
4,0.9,0,lognormal,2,-0.045218592671879776,0.06217093283473651,6.141092993961061,0
4,0.9,0,lognormal,3,-0.10081439611474607,0.08742842088706358,5.549364894927201,0
4,0.9,0,lognormal,4,0.046152916708625646,0.08733935941347604,4.92589046211735,0
4,0.9,0,lognormal,5,0.08598000336639533,0.14219895378005462,4.501757839677015,0
4,0.9,0,lognormal,6,0.163944027076516,0.10514543951535907,4.068414098516931,0
4,0.9,1,uniform,1,1.2538905749714324,0.016966980580549733,6.6208558888572435,1
4,0.9,1,uniform,2,0.8696163518398414,0.02317678315636088,5.624416280202521,1
4,0.9,1,uniform,3,0.6856423817369866,0.020349001021314303,4.991402633389416,1
4,0.9,1,uniform,4,0.6039721739648698,0.022139119443485594,4.498332673406469,1
4,0.9,1,uniform,5,0.5316957887567346,0.020720111273325344,4.118879093870298,1
4,0.9,1,uniform,6,0.564539550517626,0.02269869210111801,3.7227461246651705,1
4,0.9,1,gaussian,1,-0.0039087609455359384,0.036719223898478315,6.6208558888572435,0
4,0.9,1,gaussian,2,-0.006792716009693223,0.0354126055240737,5.624416280202521,0
4,0.9,1,gaussian,3,-0.033625177496277914,0.043230760568513736,4.991402633389416,0
4,0.9,1,gaussian,4,-0.024982396938938223,0.061410003989253614,4.498332673406469,0
4,0.9,1,gaussian,5,-0.03453173331160375,0.03421985009860396,4.118879093870298,0
4,0.9,1,gaussian,6,0.04328924228092612,0.04938494690191408,3.7227461246651705,0
4,0.9,1,lognormal,1,0.13645088715009113,0.05735752429214786,6.6208558888572435,0
4,0.9,1,lognormal,2,0.17178091998074319,0.06942850663366425,5.624416280202521,0
4,0.9,1,lognormal,3,0.19602817614948798,0.07978920727202805,4.991402633389416,0
4,0.9,1,lognormal,4,0.1685418512861645,0.08249794118145118,4.498332673406469,0
4,0.9,1,lognormal,5,0.19683476554714296,0.1000440403993618,4.118879093870298,0
4,0.9,1,lognormal,6,0.22123020425320128,0.0839086362390206,3.7227461246651705,0
4,0.9,2,uniform,1,1.8396331274370592,0.022727442978837095,7.785347482790325,1
4,0.9,2,uniform,2,1.323540569279558,0.022830811475168786,6.9126006642077815,1
4,0.9,2,uniform,3,1.2507138687438717,0.016691874460807717,6.176343708850992,1
4,0.9,2,uniform,4,1.4183229568892228,0.019213324222042066,5.436344366795935,1
4,0.9,2,uniform,5,1.3830979820059435,0.02237890429265834,5.018008697860399,1
4,0.9,2,uniform,6,1.3527847046181165,0.02463949514783219,4.686854298129694,1
4,0.9,2,gaussian,1,-0.007113766484295958,0.031752500225924615,7.785347482790325,0
4,0.9,2,gaussian,2,-0.15106653079703847,0.04045672304246922,6.9126006642077815,0
4,0.9,2,gaussian,3,-0.05568750387346544,0.04798268430624393,6.176343708850992,0
4,0.9,2,gaussian,4,0.19198851025738328,0.05229823126129343,5.436344366795935,0
4,0.9,2,gaussian,5,0.23014852026263188,0.04622421930338668,5.018008697860399,0
4,0.9,2,gaussian,6,0.23278445121588476,0.058998299176951215,4.686854298129694,0
4,0.9,2,lognormal,1,-0.4490082322488709,0.05960238300635052,7.785347482790325,0
4,0.9,2,lognormal,2,-0.5383508425399839,0.07065729710937953,6.9126006642077815,0
4,0.9,2,lognormal,3,-0.43371047024573617,0.09183283013561788,6.176343708850992,0
4,0.9,2,lognormal,4,-0.18382864492318784,0.10934956857709748,5.436344366795935,0
4,0.9,2,lognormal,5,-0.13381754704698512,0.12106792504293826,5.018008697860399,0
4,0.9,2,lognormal,6,-0.12647081296415763,0.12137086517108807,4.686854298129694,0
4,0.9,3,uniform,1,1.209274193803763,0.01939057466961695,6.728342272140491,1
4,0.9,3,uniform,2,0.9117970423978976,0.02192304349087369,5.626654529134098,1
4,0.9,3,uniform,3,0.7507737519811082,0.01900958224092644,4.982613011483886,1
4,0.9,3,uniform,4,0.7149876912160797,0.0245743415361119,4.442583295097804,1
4,0.9,3,uniform,5,0.6311162006484308,0.022726453515302947,4.072983938671967,1
4,0.9,3,uniform,6,0.5852687278228994,0.01807446646644434,3.7461232116213377,1
4,0.9,3,gaussian,1,0.0009272186150912631,0.02866132612009514,6.728342272140491,0
4,0.9,3,gaussian,2,0.0827393876956748,0.03815537702165268,5.626654529134098,0
4,0.9,3,gaussian,3,0.08886946369957016,0.04000065616532202,4.982613011483886,0
4,0.9,3,gaussian,4,0.13462018448083324,0.05418558575331605,4.442583295097804,0
4,0.9,3,gaussian,5,0.1397142656453667,0.047384714975143724,4.072983938671967,0
4,0.9,3,gaussian,6,0.13480488293742265,0.05127200588043893,3.7461232116213377,0
4,0.9,3,lognormal,1,0.0850903373712395,0.04157804712300502,6.728342272140491,0
4,0.9,3,lognormal,2,0.25112185065488735,0.074317847850781,5.626654529134098,0
4,0.9,3,lognormal,3,0.20416753545591693,0.08804983904010198,4.982613011483886,0
4,0.9,3,lognormal,4,0.2511671986173747,0.09528570236595009,4.442583295097804,0
4,0.9,3,lognormal,5,0.31796057344632,0.11736705004075863,4.072983938671967,0
4,0.9,3,lognormal,6,0.27871154437834056,0.10057275606668303,3.7461232116213377,0
4,0.9,4,uniform,1,1.8616736902032676,0.02335466574605047,7.343908960078774,1
4,0.9,4,uniform,2,1.2865467130747321,0.01658413335301514,6.535823966745515,1
4,0.9,4,uniform,3,1.1716131037805964,0.022711431237321833,5.840914357115028,1
4,0.9,4,uniform,4,1.3249362379440939,0.017893973628747253,5.114637515871287,1
4,0.9,4,uniform,5,1.2544802339687795,0.023263230916535156,4.731815164684292,1
4,0.9,4,uniform,6,1.2940952673508006,0.014822387289732898,4.318300986913474,1
4,0.9,4,gaussian,1,-0.0028765737282414605,0.0344125719972486,7.343908960078774,0
4,0.9,4,gaussian,2,-0.21026487168609442,0.035709394979616706,6.535823966745515,0
4,0.9,4,gaussian,3,-0.153127711732723,0.039918918448901636,5.840914357115028,0
4,0.9,4,gaussian,4,0.08276516246472099,0.0450508057718965,5.114637515871287,0
4,0.9,4,gaussian,5,0.06596387625203537,0.05500486885960775,4.731815164684292,0
4,0.9,4,gaussian,6,0.17389156726606725,0.05631343668930221,4.318300986913474,0
4,0.9,4,lognormal,1,-0.5595110877584286,0.05780591245309758,7.343908960078774,0
4,0.9,4,lognormal,2,-0.7311819055690716,0.05935535203740512,6.535823966745515,0
4,0.9,4,lognormal,3,-0.6501879742509331,0.09165739462677563,5.840914357115028,0
4,0.9,4,lognormal,4,-0.43051929225125374,0.08402170024728266,5.114637515871287,0
4,0.9,4,lognormal,5,-0.4444313305244254,0.10352862895160239,4.731815164684292,0
4,0.9,4,lognormal,6,-0.3441538256114507,0.10633964251437916,4.318300986913474,0
4,0.9,5,uniform,1,1.9877978489124528,0.024235727676124787,7.459024067033385,1
4,0.9,5,uniform,2,1.4053199115486485,0.023523765821088515,6.656371642001027,1
4,0.9,5,uniform,3,1.5423472640979048,0.016987849224195883,5.715140820487641,1
4,0.9,5,uniform,4,1.4351421075419148,0.022829696426867864,5.242317089181061,1
4,0.9,5,uniform,5,1.379175839019271,0.01926463832994401,4.8442224550361095,1
4,0.9,5,uniform,6,1.4492646509480869,0.01750818063546871,4.413881488140457,1
4,0.9,5,gaussian,1,0.014253336406535588,0.031265757222292447,7.459024067033385,0
4,0.9,5,gaussian,2,-0.20928924402833893,0.033681534255683224,6.656371642001027,0
4,0.9,5,gaussian,3,0.0792646430711379,0.04081237094399058,5.715140820487641,0
4,0.9,5,gaussian,4,0.0825285017984978,0.04633947328569265,5.242317089181061,0
4,0.9,5,gaussian,5,0.07821522721785623,0.05013035901260381,4.8442224550361095,0
4,0.9,5,gaussian,6,0.19526494544310857,0.059318762245912135,4.413881488140457,0
4,0.9,5,lognormal,1,-0.5211998688916095,0.05400108076091567,7.459024067033385,0
4,0.9,5,lognormal,2,-0.6886471068299151,0.08927746305186263,6.656371642001027,0
4,0.9,5,lognormal,3,-0.40304469890017813,0.08756535803225084,5.715140820487641,0
4,0.9,5,lognormal,4,-0.40254982592471666,0.1119441823558882,5.242317089181061,0
4,0.9,5,lognormal,5,-0.38584740994439404,0.11454213651706045,4.8442224550361095,0
4,0.9,5,lognormal,6,-0.26481274791323095,0.12696521720311935,4.413881488140457,0
4,0.9,6,uniform,1,1.0851925959520825,0.019530215999593436,6.404776355139129,1
4,0.9,6,uniform,2,0.8591358742956849,0.01280032216998223,5.248377316568745,1
4,0.9,6,uniform,3,0.7232617603129396,0.023917591139607754,4.567313510669897,1
4,0.9,6,uniform,4,0.6528533960743879,0.0159069682018814,4.065891079856489,1
4,0.9,6,uniform,5,0.7053479041369575,0.02425126129559789,3.5622816026354687,1
4,0.9,6,uniform,6,0.5970319920590663,0.011990281689015697,3.301570715548446,1
4,0.9,6,gaussian,1,0.007163696607696224,0.027877531672590525,6.404776355139129,0
4,0.9,6,gaussian,2,0.14107990655892166,0.04058638950692928,5.248377316568745,0
4,0.9,6,gaussian,3,0.163666743903212,0.032775113460911505,4.567313510669897,0
4,0.9,6,gaussian,4,0.18801251182292322,0.04994739833050881,4.065891079856489,0
4,0.9,6,gaussian,5,0.3214212504447693,0.05692524613787986,3.5622816026354687,0
4,0.9,6,gaussian,6,0.24232944517515165,0.05671783704765221,3.301570715548446,0
4,0.9,6,lognormal,1,0.14812758908947998,0.0584879414730223,6.404776355139129,0
4,0.9,6,lognormal,2,0.32108312703774455,0.07284538750634277,5.248377316568745,0
4,0.9,6,lognormal,3,0.36274328691612556,0.09729437900674569,4.567313510669897,0
4,0.9,6,lognormal,4,0.391238917577982,0.11964086346889695,4.065891079856489,0
4,0.9,6,lognormal,5,0.5554403868850062,0.12816195761626228,3.5622816026354687,0
4,0.9,6,lognormal,6,0.4530148298459675,0.09255137424995245,3.301570715548446,0
4,0.9,7,uniform,1,1.8119481911479598,0.017813640206326194,7.207693254358657,1
4,0.9,7,uniform,2,1.182168693167851,0.017466782023565983,6.4658571149653135,1
4,0.9,7,uniform,3,1.1860170963353625,0.018172115020545533,5.644901101633147,1
4,0.9,7,uniform,4,1.2433551789314548,0.0196101016037125,5.0112619477194285,1
4,0.9,7,uniform,5,1.225656788507524,0.021044664341530423,4.581024484682512,1
4,0.9,7,uniform,6,1.2042146166214724,0.020088519751033505,4.231259918721042,1
4,0.9,7,gaussian,1,0.011004066498922604,0.04035210024219126,7.207693254358657,0
4,0.9,7,gaussian,2,-0.27369398131440104,0.04587377013180749,6.4658571149653135,0
4,0.9,7,gaussian,3,-0.11358948724501783,0.03254391975592468,5.644901101633147,0
4,0.9,7,gaussian,4,0.04076817850991166,0.046607722572927696,5.0112619477194285,0
4,0.9,7,gaussian,5,0.07677877251229148,0.031614331464601984,4.581024484682512,0
4,0.9,7,gaussian,6,0.12249089576369698,0.05247260677830925,4.231259918721042,0
4,0.9,7,lognormal,1,-0.2580086703190192,0.06772187086663635,7.207693254358657,0
4,0.9,7,lognormal,2,-0.5021789567541406,0.09654491894751242,6.4658571149653135,0
4,0.9,7,lognormal,3,-0.3208507591850891,0.07907307329463555,5.644901101633147,0
4,0.9,7,lognormal,4,-0.16597855448293863,0.08745603327025803,5.0112619477194285,0
4,0.9,7,lognormal,5,-0.12325383250516442,0.09011382465480215,4.581024484682512,0
4,0.9,7,lognormal,6,-0.10873827064691977,0.10028673141305877,4.231259918721042,0
4,0.9,8,uniform,1,1.8044083989544886,0.01871652130555019,7.016846855063414,1
4,0.9,8,uniform,2,1.1932599266249353,0.01331817593645764,6.24718013316666,1
4,0.9,8,uniform,3,1.223164593292534,0.022909227404203595,5.408436968434289,1
4,0.9,8,uniform,4,1.1801159419445826,0.015943733544584775,4.867126445449602,1
4,0.9,8,uniform,5,1.1109482872626115,0.02415838481529161,4.489390714002769,1
4,0.9,8,uniform,6,1.0653160900551129,0.021223856630443492,4.165682401130549,1
4,0.9,8,gaussian,1,0.005031422262239182,0.028832613985509358,7.016846855063414,1
4,0.9,8,gaussian,2,-0.24965684161558954,0.04335434301342695,6.24718013316666,1
4,0.9,8,gaussian,3,-0.054968644202056716,0.0442505493943809,5.408436968434289,1
4,0.9,8,gaussian,4,0.004187828768860591,0.03935201370901059,4.867126445449602,1
4,0.9,8,gaussian,5,-0.017754486022661276,0.03831427739805659,4.489390714002769,1
4,0.9,8,gaussian,6,-0.015053097294453366,0.04891305034242591,4.165682401130549,1
4,0.9,8,lognormal,1,-0.22069433304474995,0.052445282179023084,7.016846855063414,0
4,0.9,8,lognormal,2,-0.44693948662129035,0.058898307531235976,6.24718013316666,0
4,0.9,8,lognormal,3,-0.22098294061946788,0.09342243467654944,5.408436968434289,0
4,0.9,8,lognormal,4,-0.18349419585850857,0.06918656098043048,4.867126445449602,0
4,0.9,8,lognormal,5,-0.18419813916296235,0.13418271779806465,4.489390714002769,0
4,0.9,8,lognormal,6,-0.2183646400608521,0.12723160353266305,4.165682401130549,0
4,0.9,9,uniform,1,1.3954777916335592,0.012510848836130774,6.76576262450405,1
4,0.9,9,uniform,2,1.0546648167212922,0.022535436291562252,5.713947924365345,1
4,0.9,9,uniform,3,1.0690588255838378,0.018097172161582263,4.88824321082681,1
4,0.9,9,uniform,4,0.9919786448903789,0.023693796407316607,4.376843004191029,1
4,0.9,9,uniform,5,0.9739847738042342,0.017632936338141333,3.957539004726542,1
4,0.9,9,uniform,6,0.9127699222299959,0.018325450360610368,3.657970059351167,1
4,0.9,9,gaussian,1,-0.007261529292287072,0.033923623439905896,6.76576262450405,0
4,0.9,9,gaussian,2,0.033349453355927317,0.03817138283555191,5.713947924365345,0
4,0.9,9,gaussian,3,0.20132662275362811,0.03858412598188644,4.88824321082681,0
4,0.9,9,gaussian,4,0.23497783310186193,0.02910485073366042,4.376843004191029,0
4,0.9,9,gaussian,5,0.28777740565437915,0.04986069957696368,3.957539004726542,0
4,0.9,9,gaussian,6,0.23266737673580007,0.04450378572956356,3.657970059351167,0
4,0.9,9,lognormal,1,-0.0816911429981042,0.061085707872197754,6.76576262450405,0
4,0.9,9,lognormal,2,-0.003567777682008888,0.06969510754566571,5.713947924365345,0
4,0.9,9,lognormal,3,0.1591132757852387,0.07875728945861434,4.88824321082681,0
4,0.9,9,lognormal,4,0.23113970127757977,0.11902897248979256,4.376843004191029,0
4,0.9,9,lognormal,5,0.32606005025677787,0.11787672765473654,3.957539004726542,0
4,0.9,9,lognormal,6,0.22372425199924484,0.11427218775077792,3.657970059351167,0
4,0.95,0,uniform,1,1.4457382486949948,0.015170294532219047,7.336568538882813,1
4,0.95,0,uniform,2,0.970162297730516,0.024092435755121787,6.428209824346972,1
4,0.95,0,uniform,3,0.8079669794786426,0.019503338029865647,5.781600741377526,1
4,0.95,0,uniform,4,0.7526452307642391,0.01549741503214582,5.243588567064356,1
4,0.95,0,uniform,5,0.8192788186984208,0.025930832228827916,4.7388261751481755,1
4,0.95,0,uniform,6,0.7800983797164225,0.01926734167534344,4.410323593860731,1
4,0.95,0,gaussian,1,0.005908396421285822,0.027282861734520387,7.336568538882813,0
4,0.95,0,gaussian,2,-0.10640530424048578,0.04748269055742481,6.428209824346972,0
4,0.95,0,gaussian,3,-0.09950712332519185,0.04631873550135532,5.781600741377526,0
4,0.95,0,gaussian,4,-0.06389151475298593,0.04505844550173088,5.243588567064356,0
4,0.95,0,gaussian,5,0.07788936922385048,0.0423450605862687,4.7388261751481755,0
4,0.95,0,gaussian,6,0.05901255462313948,0.04136458409594371,4.410323593860731,0
4,0.95,0,lognormal,1,-0.10823760854079456,0.06142337572465403,7.336568538882813,0
4,0.95,0,lognormal,2,-0.19591775693512048,0.08052024276401414,6.428209824346972,0
4,0.95,0,lognormal,3,-0.17002683038402733,0.09411455346248927,5.781600741377526,0
4,0.95,0,lognormal,4,-0.11022866072915072,0.13687847392049837,5.243588567064356,0
4,0.95,0,lognormal,5,0.03429295877278449,0.1238638365337041,4.7388261751481755,0
4,0.95,0,lognormal,6,0.015677387705443024,0.10909556077909009,4.410323593860731,0
4,0.95,1,uniform,1,1.3489322470847123,0.025914778015947642,6.856290746612976,1
4,0.95,1,uniform,2,1.0141782486691282,0.022012265678376476,5.804094803154853,1
4,0.95,1,uniform,3,0.873770862074525,0.020017126273997172,5.1341726299513795,1
4,0.95,1,uniform,4,0.8021140205997606,0.022683081627866863,4.638169010547075,1
4,0.95,1,uniform,5,0.8360785850399068,0.01971093135491885,4.147769548164914,1
4,0.95,1,uniform,6,0.8418176275065492,0.022427387896699583,3.770493967114357,1
4,0.95,1,gaussian,1,-0.005242217005136496,0.03033613774825535,6.856290746612976,0
4,0.95,1,gaussian,2,0.04322761827056709,0.027914616058191254,5.804094803154853,0
4,0.95,1,gaussian,3,0.06534941413088369,0.04726777236749714,5.1341726299513795,0
4,0.95,1,gaussian,4,0.054702479421822936,0.05390338679298285,4.638169010547075,0
4,0.95,1,gaussian,5,0.16378344487093788,0.05597101726019848,4.147769548164914,0
4,0.95,1,gaussian,6,0.2240122954684911,0.06416204342311155,3.770493967114357,0
4,0.95,1,lognormal,1,-0.18175665141362973,0.05184819140178418,6.856290746612976,0
4,0.95,1,lognormal,2,-0.09209034655051873,0.07382774171974733,5.804094803154853,0
4,0.95,1,lognormal,3,-0.056330390338015235,0.0673316510822653,5.1341726299513795,0
4,0.95,1,lognormal,4,-0.07728853432113159,0.11205505224286831,4.638169010547075,0
4,0.95,1,lognormal,5,0.039463512979433624,0.13808106850091065,4.147769548164914,0
4,0.95,1,lognormal,6,0.054655682681481466,0.11031836199331148,3.770493967114357,0
4,0.95,2,uniform,1,1.9698030807890277,0.01778238285116708,8.408943015520382,1
4,0.95,2,uniform,2,1.9094292300263174,0.012456250120636376,7.092305198052994,1
4,0.95,2,uniform,3,1.8373316558738733,0.018814037614953514,6.346788116742529,1
4,0.95,2,uniform,4,1.715940479768892,0.024168862948739028,5.891811378751737,1
4,0.95,2,uniform,5,1.6582027532160604,0.02314835433904849,5.503953059364855,1
4,0.95,2,uniform,6,1.635824967403364,0.021738045319706023,5.153528089053743,1
4,0.95,2,gaussian,1,0.0219106038986272,0.02776206123662689,8.408943015520382,0
4,0.95,2,gaussian,2,0.3092009383492691,0.03788604791577754,7.092305198052994,0
4,0.95,2,gaussian,3,0.4117819514051737,0.04322597721880243,6.346788116742529,0
4,0.95,2,gaussian,4,0.3750790501586794,0.04883130786211196,5.891811378751737,0
4,0.95,2,gaussian,5,0.359672040757153,0.054054534429567265,5.503953059364855,0
4,0.95,2,gaussian,6,0.3864494026258951,0.06862758793283137,5.153528089053743,0
4,0.95,2,lognormal,1,-0.9765372479055578,0.068496136342121,8.408943015520382,0
4,0.95,2,lognormal,2,-0.5952399677622005,0.1279669932324254,7.092305198052994,0
4,0.95,2,lognormal,3,-0.47218337887716544,0.12371239276483359,6.346788116742529,0
4,0.95,2,lognormal,4,-0.5101616307223464,0.11001748013593182,5.891811378751737,0
4,0.95,2,lognormal,5,-0.5812227228661238,0.12344393130678466,5.503953059364855,0
4,0.95,2,lognormal,6,-0.5914869291846099,0.14403269383375758,5.153528089053743,0
4,0.95,3,uniform,1,0.9065628579919967,0.02033573035598828,6.693736111454188,1
4,0.95,3,uniform,2,0.5339983257353902,0.012920749951042752,5.6721199253474275,1
4,0.95,3,uniform,3,0.42771818809473405,0.02012788202699219,4.9715551743272375,1
4,0.95,3,uniform,4,0.40773704734370764,0.019106081663423605,4.4149995071342385,1
4,0.95,3,uniform,5,0.3398015757825359,0.016124240532558905,4.031299854626279,1
4,0.95,3,uniform,6,0.3501886244503347,0.018313025645679163,3.6458856977136604,1
4,0.95,3,gaussian,1,-0.014261846047799231,0.038234468513748586,6.693736111454188,0
4,0.95,3,gaussian,2,0.006541537669149555,0.03461078664238714,5.6721199253474275,0
4,0.95,3,gaussian,3,0.06552046541146517,0.047063214349535684,4.9715551743272375,0
4,0.95,3,gaussian,4,0.13373492236227502,0.03490159480500583,4.4149995071342385,0
4,0.95,3,gaussian,5,0.14020703232331844,0.05434265766434305,4.031299854626279,0
4,0.95,3,gaussian,6,0.1729554491494425,0.05984191570927936,3.6458856977136604,0
4,0.95,3,lognormal,1,0.16366820314429997,0.06708553449457264,6.693736111454188,0
4,0.95,3,lognormal,2,0.22346721588223328,0.08437908463731346,5.6721199253474275,0
4,0.95,3,lognormal,3,0.2787975150741433,0.0698338511895293,4.9715551743272375,0
4,0.95,3,lognormal,4,0.37476694545042033,0.091661733409904,4.4149995071342385,0
4,0.95,3,lognormal,5,0.3861408460618616,0.11842513957447948,4.031299854626279,0
4,0.95,3,lognormal,6,0.4107234659599004,0.1292182055474184,3.6458856977136604,0
4,0.95,4,uniform,1,1.596609565519838,0.022206761348637225,6.355132679286344,1
4,0.95,4,uniform,2,0.9970964826777298,0.03218502768146201,5.564270367139209,1
4,0.95,4,uniform,3,1.065029162382518,0.023965735367080843,4.680173277792808,1
4,0.95,4,uniform,4,1.0114378596686215,0.02397041364327673,4.1646161166613656,1
4,0.95,4,uniform,5,1.0187325930202382,0.01982796240890074,3.7034351745488703,1
4,0.95,4,uniform,6,0.9442163635537524,0.019255822883188615,3.4143703932737344,1
4,0.95,4,gaussian,1,0.001448762542334947,0.04126348376678796,6.355132679286344,0
4,0.95,4,gaussian,2,-0.22774260475102626,0.047622594397306525,5.564270367139209,0
4,0.95,4,gaussian,3,0.02541948374156533,0.05080906824072676,4.680173277792808,0
4,0.95,4,gaussian,4,0.04944966145361107,0.06140526135167138,4.1646161166613656,0
4,0.95,4,gaussian,5,0.13574197282717027,0.06468629001811567,3.7034351745488703,0
4,0.95,4,gaussian,6,0.09282639382442603,0.06497734357593775,3.4143703932737344,0
4,0.95,4,lognormal,1,-0.2683470379289137,0.06352219538381576,6.355132679286344,0
4,0.95,4,lognormal,2,-0.47162100270532115,0.07689335136246916,5.564270367139209,0
4,0.95,4,lognormal,3,-0.19000345321937306,0.07085887130773937,4.680173277792808,0
4,0.95,4,lognormal,4,-0.1961918267541205,0.10440331698226828,4.1646161166613656,0
4,0.95,4,lognormal,5,-0.08093586380134976,0.12222106188834961,3.7034351745488703,0
4,0.95,4,lognormal,6,-0.14928681458211956,0.09690993718226106,3.4143703932737344,0
4,0.95,5,uniform,1,1.453518441489794,0.02290899479966375,6.631552064857133,1
4,0.95,5,uniform,2,1.0836659221004146,0.024418572012857832,5.620744201151551,1
4,0.95,5,uniform,3,1.1360011521545914,0.021874968947520418,4.763073622300892,1
4,0.95,5,uniform,4,1.0778724379163753,0.022572601158904877,4.23640549396617,1
4,0.95,5,uniform,5,0.9899578641716325,0.01749132929711961,3.887952230823026,1
4,0.95,5,uniform,6,0.9413046350414676,0.02300212946209261,3.5506738236353175,1
4,0.95,5,gaussian,1,-0.005519263368600313,0.04004252051881414,6.631552064857133,0
4,0.95,5,gaussian,2,-0.013729560253737283,0.042096271192148364,5.620744201151551,0
4,0.95,5,gaussian,3,0.21037753034421414,0.04189656019503398,4.763073622300892,0
4,0.95,5,gaussian,4,0.23709341490616076,0.04116071228757644,4.23640549396617,0
4,0.95,5,gaussian,5,0.17875990776025308,0.0320913421226331,3.887952230823026,0
4,0.95,5,gaussian,6,0.21602067143262182,0.06353668036420557,3.5506738236353175,0
4,0.95,5,lognormal,1,-0.05055473600410121,0.058868657513073935,6.631552064857133,0
4,0.95,5,lognormal,2,-0.018501367119331924,0.08566905819652226,5.620744201151551,0
4,0.95,5,lognormal,3,0.24116468832211524,0.08121677228284621,4.763073622300892,0
4,0.95,5,lognormal,4,0.2511398653951762,0.06297530578521231,4.23640549396617,0
4,0.95,5,lognormal,5,0.17532393201563234,0.11059406241343255,3.887952230823026,0
4,0.95,5,lognormal,6,0.21794647987004545,0.11728823131592993,3.5506738236353175,0
4,0.95,6,uniform,1,1.4959145698025385,0.018655148300924768,6.621836085488724,1
4,0.95,6,uniform,2,1.0017123231423577,0.028850626941901367,5.7216775483509625,1
4,0.95,6,uniform,3,0.808514649063488,0.02032276659637303,5.101982236783307,1
4,0.95,6,uniform,4,0.7352401505949766,0.023007706194090632,4.603536349330462,1
4,0.95,6,uniform,5,0.7197265873702783,0.021121756820238157,4.167530641545781,1
4,0.95,6,uniform,6,0.7067284218361038,0.023286506155284402,3.8139262722284,1
4,0.95,6,gaussian,1,0.0035177096864860147,0.033148436084765524,6.621836085488724,1
4,0.95,6,gaussian,2,-0.12452461288668726,0.034642521313113774,5.7216775483509625,1
4,0.95,6,gaussian,3,-0.14011335781302492,0.04019573570906611,5.101982236783307,1
4,0.95,6,gaussian,4,-0.13284214349948975,0.05635780602868696,4.603536349330462,1
4,0.95,6,gaussian,5,-0.0913193284518874,0.04826457275641513,4.167530641545781,1
4,0.95,6,gaussian,6,-0.05437572124492851,0.05160143019977581,3.8139262722284,1
4,0.95,6,lognormal,1,0.08301459288332591,0.04902287174611071,6.621836085488724,1
4,0.95,6,lognormal,2,-0.017611911126101276,0.06262680570023686,5.7216775483509625,1
4,0.95,6,lognormal,3,-0.032337640496698405,0.07725819828723385,5.101982236783307,1
4,0.95,6,lognormal,4,-0.03131868470827026,0.0838771674578751,4.603536349330462,1
4,0.95,6,lognormal,5,0.03353810612700148,0.1160153884713332,4.167530641545781,1
4,0.95,6,lognormal,6,0.045066901778013424,0.1315309926854512,3.8139262722284,1
4,0.95,7,uniform,1,0.8467579404008108,0.025574136969712124,6.4219525682457475,1
4,0.95,7,uniform,2,0.6992659791328739,0.018304180105078567,5.184540347649847,1
4,0.95,7,uniform,3,0.5382794094582124,0.019943313050391428,4.525111488220789,1
4,0.95,7,uniform,4,0.5239144578348358,0.021017718371080785,3.957661576068945,1
4,0.95,7,uniform,5,0.4936783294203697,0.0184741909013322,3.549715806309498,1
4,0.95,7,uniform,6,0.48739080808779756,0.01824655364438814,3.1883900611399048,1
4,0.95,7,gaussian,1,0.0008854945521834523,0.03408840828288115,6.4219525682457475,0
4,0.95,7,gaussian,2,0.23335151829376777,0.03923762482821966,5.184540347649847,0
4,0.95,7,gaussian,3,0.23258112039712842,0.04488647330090566,4.525111488220789,0
4,0.95,7,gaussian,4,0.32230139016416404,0.03673865033822936,3.957661576068945,0
4,0.95,7,gaussian,5,0.33173486084681025,0.05324048679520387,3.549715806309498,0
4,0.95,7,gaussian,6,0.38403041790879877,0.05020458475822547,3.1883900611399048,0
4,0.95,7,lognormal,1,0.055043167737996335,0.05863157968923268,6.4219525682457475,0
4,0.95,7,lognormal,2,0.3187635527408412,0.08520470389570474,5.184540347649847,0
4,0.95,7,lognormal,3,0.3149595602871198,0.08484683581292764,4.525111488220789,0
4,0.95,7,lognormal,4,0.42954906070134014,0.08932919738834903,3.957661576068945,0
4,0.95,7,lognormal,5,0.449955221035363,0.11169885838187454,3.549715806309498,0
4,0.95,7,lognormal,6,0.4941460659119197,0.13552646652534373,3.1883900611399048,0
4,0.95,8,uniform,1,1.2444311486804054,0.022827302570536976,6.6152833850456645,1
4,0.95,8,uniform,2,0.7616847173074106,0.02187184814392362,5.7152264710740805,1
4,0.95,8,uniform,3,0.6829238078233146,0.02060331988524357,4.981410622417741,1
4,0.95,8,uniform,4,0.7183280771684224,0.018268927756528257,4.365300171236597,1
4,0.95,8,uniform,5,0.7323154949907673,0.02134749682991524,3.897861718973397,1
4,0.95,8,uniform,6,0.6860292421854002,0.01862972749429916,3.577374153800335,1
4,0.95,8,gaussian,1,0.002079331101090709,0.04532802421043325,6.6152833850456645,0
4,0.95,8,gaussian,2,-0.1132841669742497,0.03701044967818462,5.7152264710740805,0
4,0.95,8,gaussian,3,-0.03901989201658118,0.04179396256878167,4.981410622417741,0
4,0.95,8,gaussian,4,0.11598132530633887,0.049056146695704364,4.365300171236597,0
4,0.95,8,gaussian,5,0.17002447501135176,0.05755952683639714,3.897861718973397,0
4,0.95,8,gaussian,6,0.15656475029086447,0.04973231032673563,3.577374153800335,0
4,0.95,8,lognormal,1,-0.11650088270089043,0.07110823662043676,6.6152833850456645,0
4,0.95,8,lognormal,2,-0.19237868971969263,0.07738125841679738,5.7152264710740805,0
4,0.95,8,lognormal,3,-0.08991385943270735,0.08170804439291748,4.981410622417741,0
4,0.95,8,lognormal,4,0.020291099083023845,0.10986283431279997,4.365300171236597,0
4,0.95,8,lognormal,5,0.13343025506668127,0.12249746110228035,3.897861718973397,0
4,0.95,8,lognormal,6,0.09281015976357443,0.08842474844957711,3.577374153800335,0
4,0.95,9,uniform,1,0.9806181552064812,0.018722734962129693,7.007162763596985,1
4,0.95,9,uniform,2,0.6287496186710033,0.018673694878562706,5.975389851103639,1
4,0.95,9,uniform,3,0.5512084997787365,0.01941664682611788,5.249203265658495,1
4,0.95,9,uniform,4,0.47609857626109253,0.021767249505274252,4.74526538046143,1
4,0.95,9,uniform,5,0.48968229808607333,0.019561092577836316,4.273662526537885,1
4,0.95,9,uniform,6,0.4864060785795128,0.019482053571889237,3.912629394253345,1
4,0.95,9,gaussian,1,0.003735562437604756,0.03724926089595497,7.007162763596985,0
4,0.95,9,gaussian,2,0.017411582154038818,0.03777515367203627,5.975389851103639,0
4,0.95,9,gaussian,3,0.08828464632263078,0.04652711745981682,5.249203265658495,0
4,0.95,9,gaussian,4,0.10505189464693299,0.042205456345634274,4.74526538046143,0
4,0.95,9,gaussian,5,0.19887712437536287,0.053616171916627174,4.273662526537885,0
4,0.95,9,gaussian,6,0.22241121642838513,0.04944500020681866,3.912629394253345,0
4,0.95,9,lognormal,1,0.0454690864812175,0.07826436561237993,7.007162763596985,0
4,0.95,9,lognormal,2,0.10148571544088636,0.07624533587541649,5.975389851103639,0
4,0.95,9,lognormal,3,0.17562905682275431,0.10144032830686221,5.249203265658495,0
4,0.95,9,lognormal,4,0.21229979578091207,0.1284111796572,4.74526538046143,0
4,0.95,9,lognormal,5,0.2767254381799713,0.10946423087385011,4.273662526537885,0
4,0.95,9,lognormal,6,0.2818184590199846,0.09447062875574293,3.912629394253345,0
4,0.99,0,uniform,1,1.295723538517218,0.015250455064875183,7.34100551853838,1
4,0.99,0,uniform,2,0.7982167909082571,0.021426139974891494,6.461614032806667,1
4,0.99,0,uniform,3,0.8529234703690518,0.021388563311513054,5.583889392552227,1
4,0.99,0,uniform,4,0.8463467801341906,0.02296213672582627,5.017024950132637,1
4,0.99,0,uniform,5,0.8805993787183697,0.026120809713012717,4.531589465488227,1
4,0.99,0,uniform,6,0.878378844378723,0.02576476647585574,4.165976078987936,1
4,0.99,0,gaussian,1,-0.0003223960562523942,0.029053752561317585,7.34100551853838,0
4,0.99,0,gaussian,2,-0.1378723382119027,0.03652819466228503,6.461614032806667,0
4,0.99,0,gaussian,3,0.10806751394899283,0.036907772491314356,5.583889392552227,0
4,0.99,0,gaussian,4,0.17947936822780086,0.057970188614592834,5.017024950132637,0
4,0.99,0,gaussian,5,0.29109595146877965,0.06470727066953312,4.531589465488227,0
4,0.99,0,gaussian,6,0.3234482941635273,0.05290176455017647,4.165976078987936,0
4,0.99,0,lognormal,1,-0.0949883822561084,0.09305209594924205,7.34100551853838,0
4,0.99,0,lognormal,2,-0.18249340011962278,0.07470730272741082,6.461614032806667,0
4,0.99,0,lognormal,3,0.12350526600994005,0.153480156369332,5.583889392552227,0
4,0.99,0,lognormal,4,0.21524834882012644,0.1639184707889585,5.017024950132637,0
4,0.99,0,lognormal,5,0.3029442068046535,0.19987736025993325,4.531589465488227,0
4,0.99,0,lognormal,6,0.3255826117936449,0.1564515137381928,4.165976078987936,0
4,0.99,1,uniform,1,1.4746861303395766,0.021005393890986216,7.658913634521006,1
4,0.99,1,uniform,2,1.0780602877970518,0.024701373037797913,6.6729957744875215,1
4,0.99,1,uniform,3,0.9526920296289694,0.02064372375687668,5.981566529098897,1
4,0.99,1,uniform,4,0.931829924836876,0.016144832370677945,5.415845608528658,1
4,0.99,1,uniform,5,0.8236696475399841,0.016029187775168513,5.081114341034739,1
4,0.99,1,uniform,6,0.8521172695238546,0.02012516015925519,4.6902335948588,1
4,0.99,1,gaussian,1,0.011339697799122028,0.032996391898721264,7.658913634521006,0
4,0.99,1,gaussian,2,-0.028774193164910145,0.0325670898537411,6.6729957744875215,0
4,0.99,1,gaussian,3,0.02210211218639735,0.030513342367534786,5.981566529098897,0
4,0.99,1,gaussian,4,0.07773692694187773,0.037428147435791634,5.415845608528658,0
4,0.99,1,gaussian,5,0.06367995078863853,0.04743636464403671,5.081114341034739,0
4,0.99,1,gaussian,6,0.09659544512650076,0.05594349135951013,4.6902335948588,0
4,0.99,1,lognormal,1,-0.029407042408508666,0.06561075704678905,7.658913634521006,0
4,0.99,1,lognormal,2,0.03343148511465799,0.09440860035557418,6.6729957744875215,0
4,0.99,1,lognormal,3,0.11278705301410685,0.11175520500396559,5.981566529098897,0
4,0.99,1,lognormal,4,0.13706082782223916,0.15565673682041314,5.415845608528658,0
4,0.99,1,lognormal,5,0.164001491687082,0.11858221325816347,5.081114341034739,0
4,0.99,1,lognormal,6,0.11504808398118982,0.12685115648035608,4.6902335948588,0
4,0.99,2,uniform,1,1.0093059070993258,0.023963606495397274,7.272301041035257,1
4,0.99,2,uniform,2,0.8532694739171349,0.021808322016886064,6.0438630404631235,1
4,0.99,2,uniform,3,0.7337115762580408,0.01764238186899346,5.3395258611920555,1
4,0.99,2,uniform,4,0.7111380138175836,0.018636230260333637,4.789857505199155,1
4,0.99,2,uniform,5,0.6565617569525921,0.0248690715079905,4.400535466594167,1
4,0.99,2,uniform,6,0.6846480434295525,0.016661354628898773,4.010559706269451,1
4,0.99,2,gaussian,1,0.005097775492758139,0.043448232948370455,7.272301041035257,0
4,0.99,2,gaussian,2,0.21786566232587035,0.035275819136445216,6.0438630404631235,0
4,0.99,2,gaussian,3,0.28390140369351347,0.045906605589298696,5.3395258611920555,0
4,0.99,2,gaussian,4,0.344394550088329,0.04488979927449099,4.789857505199155,0
4,0.99,2,gaussian,5,0.32729800691284616,0.048045658526799484,4.400535466594167,0
4,0.99,2,gaussian,6,0.40360356142306486,0.04458953978195401,4.010559706269451,0
4,0.99,2,lognormal,1,-0.16602529806699007,0.09675308294303539,7.272301041035257,0
4,0.99,2,lognormal,2,0.14973865091899974,0.11020403891146587,6.0438630404631235,0
4,0.99,2,lognormal,3,0.19249590772539182,0.11935526617130637,5.3395258611920555,0
4,0.99,2,lognormal,4,0.2894944921992355,0.13121770816120193,4.789857505199155,0
4,0.99,2,lognormal,5,0.2563897494270133,0.15993603313283006,4.400535466594167,0
4,0.99,2,lognormal,6,0.3334318900828661,0.12829940631329256,4.010559706269451,0
4,0.99,3,uniform,1,1.1800403681586191,0.025146285346465857,6.846434563994477,1
4,0.99,3,uniform,2,0.7777917519738953,0.018426249692250544,5.8608169918790445,1
4,0.99,3,uniform,3,0.6073656924993109,0.021665974893402443,5.223303877386558,1
4,0.99,3,uniform,4,0.5724176859048304,0.019942057282296727,4.668991116429926,1
4,0.99,3,uniform,5,0.6955993548601116,0.023520605808896755,4.102727390157893,1
4,0.99,3,uniform,6,0.665345247553188,0.0213744455452575,3.7673667080256026,1
4,0.99,3,gaussian,1,-0.0057749152635286904,0.035001430239413746,6.846434563994477,0
4,0.99,3,gaussian,2,-0.026581396264129253,0.041859034320095856,5.8608169918790445,0
4,0.99,3,gaussian,3,-0.05765278722987688,0.04065868798145477,5.223303877386558,0
4,0.99,3,gaussian,4,0.013871071097733001,0.04025613880904442,4.668991116429926,0
4,0.99,3,gaussian,5,0.20429049195981364,0.048511777576646806,4.102727390157893,0
4,0.99,3,gaussian,6,0.2089062675371931,0.04726104624947121,3.7673667080256026,0
4,0.99,3,lognormal,1,0.029524126844523657,0.06597686480823954,6.846434563994477,0
4,0.99,3,lognormal,2,0.09465581693667069,0.1173791371186758,5.8608169918790445,0
4,0.99,3,lognormal,3,0.07745578652218299,0.09140388756099127,5.223303877386558,0
4,0.99,3,lognormal,4,0.13121261809138485,0.12356466589640977,4.668991116429926,0
4,0.99,3,lognormal,5,0.33418061109391495,0.15539905747720456,4.102727390157893,0
4,0.99,3,lognormal,6,0.3160067554384307,0.12063582965624274,3.7673667080256026,0
4,0.99,4,uniform,1,1.1750142255296447,0.016309657040122983,6.776459211482323,1
4,0.99,4,uniform,2,1.094055244185033,0.019379112523595345,5.470906053582371,1
4,0.99,4,uniform,3,0.8639644800820525,0.023496485152656944,4.881170264353816,1
4,0.99,4,uniform,4,0.7551277686073874,0.021090077272331417,4.405473134198202,1
4,0.99,4,uniform,5,0.7596736801094077,0.018405508723545055,3.9645640381089815,1
4,0.99,4,uniform,6,0.7199776689423376,0.01806180958315346,3.6390289339966952,1
4,0.99,4,gaussian,1,-0.002731057255686231,0.026869972862509868,6.776459211482323,0
4,0.99,4,gaussian,2,0.2925772785927192,0.04383821289972173,5.470906053582371,0
4,0.99,4,gaussian,3,0.2264206971172804,0.04538986929534877,4.881170264353816,0
4,0.99,4,gaussian,4,0.2211003677364074,0.04954563778183058,4.405473134198202,0
4,0.99,4,gaussian,5,0.25982588550365593,0.050677906424906397,3.9645640381089815,0
4,0.99,4,gaussian,6,0.2621693403826879,0.04322967792969963,3.6390289339966952,0
4,0.99,4,lognormal,1,-0.08154798144163777,0.04067195852800201,6.776459211482323,0
4,0.99,4,lognormal,2,0.2732771071935307,0.0719536136289197,5.470906053582371,0
4,0.99,4,lognormal,3,0.21954937937161478,0.14823194213397098,4.881170264353816,0
4,0.99,4,lognormal,4,0.20570993760273293,0.14004073669630016,4.405473134198202,0
4,0.99,4,lognormal,5,0.25287411304471563,0.13734254229237047,3.9645640381089815,0
4,0.99,4,lognormal,6,0.24608973013363,0.10228700845077397,3.6390289339966952,0
4,0.99,5,uniform,1,1.2123239279104867,0.01632775431091981,6.653323744187273,1
4,0.99,5,uniform,2,0.7321154601785587,0.022195511837266587,5.750057035384848,1
4,0.99,5,uniform,3,0.6774332388558806,0.020577730134425598,4.992019251063278,1
4,0.99,5,uniform,4,0.6778889949588516,0.015087569913695802,4.408025741614036,1
4,0.99,5,uniform,5,0.6564738937505532,0.020778248056558805,3.9756074483115653,1
4,0.99,5,uniform,6,0.5545388456828699,0.02022092418969245,3.7156140528955697,1
4,0.99,5,gaussian,1,-0.005872189342404965,0.03558629920168682,6.653323744187273,0
4,0.99,5,gaussian,2,-0.09838209062759962,0.03476272290956655,5.750057035384848,0
4,0.99,5,gaussian,3,-0.009104878023681096,0.03753927941541206,4.992019251063278,0
4,0.99,5,gaussian,4,0.08553180707537322,0.051904803625773974,4.408025741614036,0
4,0.99,5,gaussian,5,0.1265851500746078,0.04770919101675487,3.9756074483115653,0
4,0.99,5,gaussian,6,0.06715101961781267,0.05588793563538264,3.7156140528955697,0
4,0.99,5,lognormal,1,0.09541678099805306,0.06281599104189954,6.653323744187273,0
4,0.99,5,lognormal,2,0.04109103260609803,0.07608098456885225,5.750057035384848,0
4,0.99,5,lognormal,3,0.1727652710184131,0.14041799652478362,4.992019251063278,0
4,0.99,5,lognormal,4,0.21506012406476316,0.09902804138566974,4.408025741614036,0
4,0.99,5,lognormal,5,0.29862908657807763,0.1152822693609245,3.9756074483115653,0
4,0.99,5,lognormal,6,0.21900682194100707,0.13340360980726215,3.7156140528955697,0
4,0.99,6,uniform,1,0.9974257999618734,0.015626239042755893,7.866962608372011,0
4,0.99,6,uniform,2,0.804515599824609,0.019594164393366847,6.6689595945403015,0
4,0.99,6,uniform,3,1.0285751299646764,0.015860314586546954,5.633046636417975,0
4,0.99,6,uniform,4,0.9759394981623366,0.027869717774786903,5.09663370339224,0
4,0.99,6,uniform,5,0.855392391330442,0.02304906873590367,4.783093407802809,0
4,0.99,6,uniform,6,0.8343559183480034,0.023355149971291334,4.428484381065801,0
4,0.99,6,gaussian,1,0.0028177264868647356,0.021325297876483466,7.866962608372011,0
4,0.99,6,gaussian,2,0.19783176689306803,0.04369158187201946,6.6689595945403015,0
4,0.99,6,gaussian,3,0.5527738361003918,0.048904047528095816,5.633046636417975,0
4,0.99,6,gaussian,4,0.6117300420679053,0.04424515258111015,5.09663370339224,0
4,0.99,6,gaussian,5,0.5559545792215426,0.05859298682819732,4.783093407802809,0
4,0.99,6,gaussian,6,0.5874286173905547,0.05429111613629625,4.428484381065801,0
4,0.99,6,lognormal,1,-0.4950231082355314,0.060552943971030136,7.866962608372011,0
4,0.99,6,lognormal,2,-0.17102697432018754,0.13352663295394201,6.6689595945403015,0
4,0.99,6,lognormal,3,0.24635249329106923,0.25843422601964156,5.633046636417975,0
4,0.99,6,lognormal,4,0.28044933396225424,0.17475637989399045,5.09663370339224,0
4,0.99,6,lognormal,5,0.15075132888315768,0.15784113756375803,4.783093407802809,0
4,0.99,6,lognormal,6,0.24669211428552185,0.1629746339138756,4.428484381065801,0
4,0.99,7,uniform,1,1.0975349130981247,0.02295917636448674,7.609854241843765,1
4,0.99,7,uniform,2,0.6938570149272687,0.022604698001251252,6.61978864280333,1
4,0.99,7,uniform,3,0.6542093227192378,0.024178918683996412,5.845750358181089,1
4,0.99,7,uniform,4,0.5683833216125089,0.017655231260964542,5.354261888522212,1
4,0.99,7,uniform,5,0.5302954701309881,0.018230035101935528,4.9399498832420505,1
4,0.99,7,uniform,6,0.5562520119300842,0.024077399242632747,4.5564576698771955,1
4,0.99,7,gaussian,1,-0.00536270864111188,0.029995988261593394,7.609854241843765,0
4,0.99,7,gaussian,2,-0.020751899687599717,0.03963965362337468,6.61978864280333,0
4,0.99,7,gaussian,3,0.11723909079542238,0.04820967642091644,5.845750358181089,0
4,0.99,7,gaussian,4,0.09839877425854038,0.06309614058046248,5.354261888522212,0
4,0.99,7,gaussian,5,0.13545759466557605,0.05835330030377433,4.9399498832420505,0
4,0.99,7,gaussian,6,0.2032592883976445,0.04874820838683423,4.5564576698771955,0
4,0.99,7,lognormal,1,0.2967421935357635,0.06282642531212633,7.609854241843765,0
4,0.99,7,lognormal,2,0.38560532552906146,0.12212106184175277,6.61978864280333,0
4,0.99,7,lognormal,3,0.5508901333466998,0.15352604828087785,5.845750358181089,0
4,0.99,7,lognormal,4,0.47365424677239076,0.15521797026980505,5.354261888522212,0
4,0.99,7,lognormal,5,0.49510932026639054,0.14560727779844007,4.9399498832420505,0
4,0.99,7,lognormal,6,0.5187836699163197,0.09433381728328773,4.5564576698771955,0
4,0.99,8,uniform,1,1.323123257079727,0.019438764284539372,7.3220209853990745,1
4,0.99,8,uniform,2,0.8535912840905473,0.019198032758768583,6.4013902371075115,1
4,0.99,8,uniform,3,0.9035892330521866,0.015650497183885018,5.542133208522531,1
4,0.99,8,uniform,4,0.9159948129243274,0.015394547108772026,4.949021618917794,1
4,0.99,8,uniform,5,0.928486949262493,0.020955199586708616,4.485531037663987,1
4,0.99,8,uniform,6,0.8515566481294572,0.019030773657545994,4.198507022492869,1
4,0.99,8,gaussian,1,-0.0013810475767090935,0.027843901928158374,7.3220209853990745,0
4,0.99,8,gaussian,2,-0.10171095890927528,0.025729001426217726,6.4013902371075115,0
4,0.99,8,gaussian,3,0.11762811467294831,0.03842339270562963,5.542133208522531,0
4,0.99,8,gaussian,4,0.24104437842835402,0.04458641404531423,4.949021618917794,0
4,0.99,8,gaussian,5,0.30048365342528527,0.05890585646867499,4.485531037663987,0
4,0.99,8,gaussian,6,0.22463099336939418,0.04350112239136288,4.198507022492869,0
4,0.99,8,lognormal,1,-0.17958849995919657,0.06106336248330893,7.3220209853990745,0
4,0.99,8,lognormal,2,-0.21616776112383995,0.07987252414885541,6.4013902371075115,0
4,0.99,8,lognormal,3,0.04262791686504297,0.12483932227000907,5.542133208522531,0
4,0.99,8,lognormal,4,0.20987775869592973,0.1682386019823279,4.949021618917794,0
4,0.99,8,lognormal,5,0.2175148203437569,0.12461572938844433,4.485531037663987,0
4,0.99,8,lognormal,6,0.13296455162219445,0.1209351110695435,4.198507022492869,0
4,0.99,9,uniform,1,1.2965621090955732,0.023247576593567652,7.0596981102540735,1
4,0.99,9,uniform,2,0.9823002113378747,0.0201024871467114,5.989240511645993,1
4,0.99,9,uniform,3,0.8523472312011471,0.019800097220593584,5.30596276382585,1
4,0.99,9,uniform,4,0.8046289093771675,0.016389076763625037,4.769661192193935,1
4,0.99,9,uniform,5,0.6956193578656462,0.01643029192913952,4.433101992067483,1
4,0.99,9,uniform,6,0.7160632354772734,0.018484118224105152,4.0497389961067665,1
4,0.99,9,gaussian,1,0.0017133225681567055,0.042578914144208786,7.0596981102540735,0
4,0.99,9,gaussian,2,0.06932637937515285,0.03681280020213107,5.989240511645993,0
4,0.99,9,gaussian,3,0.05545860793437196,0.031153692100282772,5.30596276382585,0
4,0.99,9,gaussian,4,0.15478254222580468,0.04700254705176032,4.769661192193935,0
4,0.99,9,gaussian,5,0.10830185028274997,0.038942370641848315,4.433101992067483,0
4,0.99,9,gaussian,6,0.17338100871492212,0.043052843171038385,4.0497389961067665,0
4,0.99,9,lognormal,1,0.10333192575489303,0.07522113380737802,7.0596981102540735,0
4,0.99,9,lognormal,2,0.21322930352453717,0.09099332602603624,5.989240511645993,0
4,0.99,9,lognormal,3,0.21413861883764973,0.0802965641703133,5.30596276382585,0
4,0.99,9,lognormal,4,0.3031019624307376,0.11108530516671325,4.769661192193935,0
4,0.99,9,lognormal,5,0.2402419761097221,0.09988134978615885,4.433101992067483,0
4,0.99,9,lognormal,6,0.3597812247939203,0.1091588542496627,4.0497389961067665,0
