Condition,Persistent,Skewed,Smoothed,Replication,True_k,Method,Criterion,Estimated_k,Exact_Match,Signed_Bias,ARI_at_Estimated_k,ARI_at_True_k
---,0,0,0,0,3,K-Means,Silhouette,3,1,0,1.0,1.0
---,0,0,0,0,3,K-Means,Davies-Bouldin,3,1,0,1.0,1.0
---,0,0,0,0,3,K-Means,Calinski-Harabasz,12,0,9,0.33879852649426473,1.0
---,0,0,0,0,3,GMM,BIC,3,1,0,1.0,1.0
---,0,0,0,0,3,GMM,AIC,3,1,0,1.0,1.0
---,0,0,0,0,3,GMM,ICL,3,1,0,1.0,1.0
---,0,0,0,0,3,GMM,BIC_Neff,3,1,0,1.0,1.0
---,0,0,0,0,3,HMM,BIC,3,1,0,1.0,1.0
---,0,0,0,0,3,HMM,AIC,3,1,0,1.0,1.0
---,0,0,0,0,3,HMM,ICL,3,1,0,1.0,1.0
---,0,0,0,0,3,K-Means,Gap (uniform),3,1,0,1.0,1.0
---,0,0,0,0,3,K-Means,Prediction Strength,4,0,1,0.8593908973973652,1.0
---,0,0,0,1,3,K-Means,Silhouette,3,1,0,1.0,1.0
---,0,0,0,1,3,K-Means,Davies-Bouldin,3,1,0,1.0,1.0
---,0,0,0,1,3,K-Means,Calinski-Harabasz,12,0,9,0.33955992267032503,1.0
---,0,0,0,1,3,GMM,BIC,3,1,0,1.0,1.0
---,0,0,0,1,3,GMM,AIC,3,1,0,1.0,1.0
---,0,0,0,1,3,GMM,ICL,3,1,0,1.0,1.0
---,0,0,0,1,3,GMM,BIC_Neff,3,1,0,1.0,1.0
---,0,0,0,1,3,HMM,BIC,5,0,2,0.8505602218908598,0.5230995818495526
---,0,0,0,1,3,HMM,AIC,5,0,2,0.8505602218908598,0.5230995818495526
---,0,0,0,1,3,HMM,ICL,5,0,2,0.8505602218908598,0.5230995818495526
---,0,0,0,1,3,K-Means,Gap (uniform),3,1,0,1.0,1.0
---,0,0,0,1,3,K-Means,Prediction Strength,4,0,1,0.8622248078937249,1.0
---,0,0,0,2,3,K-Means,Silhouette,3,1,0,1.0,1.0
---,0,0,0,2,3,K-Means,Davies-Bouldin,3,1,0,1.0,1.0
---,0,0,0,2,3,K-Means,Calinski-Harabasz,12,0,9,0.3546659938108305,1.0
---,0,0,0,2,3,GMM,BIC,3,1,0,1.0,1.0
---,0,0,0,2,3,GMM,AIC,3,1,0,1.0,1.0
---,0,0,0,2,3,GMM,ICL,3,1,0,1.0,1.0
---,0,0,0,2,3,GMM,BIC_Neff,3,1,0,1.0,1.0
---,0,0,0,2,3,HMM,BIC,3,1,0,1.0,1.0
---,0,0,0,2,3,HMM,AIC,3,1,0,1.0,1.0
---,0,0,0,2,3,HMM,ICL,3,1,0,1.0,1.0
---,0,0,0,2,3,K-Means,Gap (uniform),3,1,0,1.0,1.0
---,0,0,0,2,3,K-Means,Prediction Strength,3,1,0,1.0,1.0
---,0,0,0,3,3,K-Means,Silhouette,3,1,0,1.0,1.0
---,0,0,0,3,3,K-Means,Davies-Bouldin,3,1,0,1.0,1.0
---,0,0,0,3,3,K-Means,Calinski-Harabasz,12,0,9,0.350985848152358,1.0
---,0,0,0,3,3,GMM,BIC,3,1,0,1.0,1.0
---,0,0,0,3,3,GMM,AIC,3,1,0,1.0,1.0
---,0,0,0,3,3,GMM,ICL,3,1,0,1.0,1.0
---,0,0,0,3,3,GMM,BIC_Neff,3,1,0,1.0,1.0
---,0,0,0,3,3,HMM,BIC,6,0,3,0.5726822075909473,0.5311301488896445
---,0,0,0,3,3,HMM,AIC,6,0,3,0.5726822075909473,0.5311301488896445
---,0,0,0,3,3,HMM,ICL,8,0,5,0.7765443247495478,0.5311301488896445
---,0,0,0,3,3,K-Means,Gap (uniform),3,1,0,1.0,1.0
---,0,0,0,3,3,K-Means,Prediction Strength,3,1,0,1.0,1.0
---,0,0,0,4,3,K-Means,Silhouette,3,1,0,1.0,1.0
---,0,0,0,4,3,K-Means,Davies-Bouldin,3,1,0,1.0,1.0
---,0,0,0,4,3,K-Means,Calinski-Harabasz,12,0,9,0.35639710430683635,1.0
---,0,0,0,4,3,GMM,BIC,3,1,0,1.0,1.0
---,0,0,0,4,3,GMM,AIC,3,1,0,1.0,1.0
---,0,0,0,4,3,GMM,ICL,3,1,0,1.0,1.0
---,0,0,0,4,3,GMM,BIC_Neff,3,1,0,1.0,1.0
---,0,0,0,4,3,HMM,BIC,5,0,2,0.7907101223709896,0.5093642035006659
---,0,0,0,4,3,HMM,AIC,5,0,2,0.7907101223709896,0.5093642035006659
---,0,0,0,4,3,HMM,ICL,7,0,4,0.728203329652211,0.5093642035006659
---,0,0,0,4,3,K-Means,Gap (uniform),3,1,0,1.0,1.0
---,0,0,0,4,3,K-Means,Prediction Strength,6,0,3,0.5731665205483035,1.0
---,0,0,0,5,3,K-Means,Silhouette,3,1,0,1.0,1.0
---,0,0,0,5,3,K-Means,Davies-Bouldin,3,1,0,1.0,1.0
---,0,0,0,5,3,K-Means,Calinski-Harabasz,12,0,9,0.3441728118839563,1.0
---,0,0,0,5,3,GMM,BIC,3,1,0,1.0,1.0
---,0,0,0,5,3,GMM,AIC,3,1,0,1.0,1.0
---,0,0,0,5,3,GMM,ICL,3,1,0,1.0,1.0
---,0,0,0,5,3,GMM,BIC_Neff,3,1,0,1.0,1.0
---,0,0,0,5,3,HMM,BIC,4,0,1,0.9970204177648119,0.5304077200383515
---,0,0,0,5,3,HMM,AIC,4,0,1,0.9970204177648119,0.5304077200383515
---,0,0,0,5,3,HMM,ICL,4,0,1,0.9970204177648119,0.5304077200383515
---,0,0,0,5,3,K-Means,Gap (uniform),3,1,0,1.0,1.0
---,0,0,0,5,3,K-Means,Prediction Strength,3,1,0,1.0,1.0
---,0,0,0,6,3,K-Means,Silhouette,3,1,0,1.0,1.0
---,0,0,0,6,3,K-Means,Davies-Bouldin,3,1,0,1.0,1.0
---,0,0,0,6,3,K-Means,Calinski-Harabasz,12,0,9,0.3452717245470699,1.0
---,0,0,0,6,3,GMM,BIC,3,1,0,1.0,1.0
---,0,0,0,6,3,GMM,AIC,3,1,0,1.0,1.0
---,0,0,0,6,3,GMM,ICL,3,1,0,1.0,1.0
---,0,0,0,6,3,GMM,BIC_Neff,3,1,0,1.0,1.0
---,0,0,0,6,3,HMM,BIC,6,0,3,0.8446828416233438,0.49329448953479577
---,0,0,0,6,3,HMM,AIC,6,0,3,0.8446828416233438,0.49329448953479577
---,0,0,0,6,3,HMM,ICL,7,0,4,0.8273364449204754,0.49329448953479577
---,0,0,0,6,3,K-Means,Gap (uniform),3,1,0,1.0,1.0
---,0,0,0,6,3,K-Means,Prediction Strength,5,0,2,0.7279098748977926,1.0
---,0,0,0,7,3,K-Means,Silhouette,3,1,0,1.0,1.0
---,0,0,0,7,3,K-Means,Davies-Bouldin,3,1,0,1.0,1.0
---,0,0,0,7,3,K-Means,Calinski-Harabasz,12,0,9,0.34076268973717944,1.0
---,0,0,0,7,3,GMM,BIC,3,1,0,1.0,1.0
---,0,0,0,7,3,GMM,AIC,3,1,0,1.0,1.0
---,0,0,0,7,3,GMM,ICL,3,1,0,1.0,1.0
---,0,0,0,7,3,GMM,BIC_Neff,3,1,0,1.0,1.0
---,0,0,0,7,3,HMM,BIC,4,0,1,0.8956167800405732,0.4970542695497593
---,0,0,0,7,3,HMM,AIC,4,0,1,0.8956167800405732,0.4970542695497593
---,0,0,0,7,3,HMM,ICL,4,0,1,0.8956167800405732,0.4970542695497593
---,0,0,0,7,3,K-Means,Gap (uniform),3,1,0,1.0,1.0
---,0,0,0,7,3,K-Means,Prediction Strength,3,1,0,1.0,1.0
---,0,0,0,8,3,K-Means,Silhouette,3,1,0,1.0,1.0
---,0,0,0,8,3,K-Means,Davies-Bouldin,3,1,0,1.0,1.0
---,0,0,0,8,3,K-Means,Calinski-Harabasz,12,0,9,0.34549261152406757,1.0
---,0,0,0,8,3,GMM,BIC,3,1,0,1.0,1.0
---,0,0,0,8,3,GMM,AIC,3,1,0,1.0,1.0
---,0,0,0,8,3,GMM,ICL,3,1,0,1.0,1.0
---,0,0,0,8,3,GMM,BIC_Neff,3,1,0,1.0,1.0
---,0,0,0,8,3,HMM,BIC,3,1,0,1.0,1.0
---,0,0,0,8,3,HMM,AIC,3,1,0,1.0,1.0
---,0,0,0,8,3,HMM,ICL,3,1,0,1.0,1.0
---,0,0,0,8,3,K-Means,Gap (uniform),3,1,0,1.0,1.0
---,0,0,0,8,3,K-Means,Prediction Strength,5,0,2,0.7292412596080148,1.0
---,0,0,0,9,3,K-Means,Silhouette,3,1,0,1.0,1.0
---,0,0,0,9,3,K-Means,Davies-Bouldin,3,1,0,1.0,1.0
---,0,0,0,9,3,K-Means,Calinski-Harabasz,12,0,9,0.3536547765093048,1.0
---,0,0,0,9,3,GMM,BIC,3,1,0,1.0,1.0
---,0,0,0,9,3,GMM,AIC,3,1,0,1.0,1.0
---,0,0,0,9,3,GMM,ICL,3,1,0,1.0,1.0
---,0,0,0,9,3,GMM,BIC_Neff,3,1,0,1.0,1.0
---,0,0,0,9,3,HMM,BIC,5,0,2,0.8617652541194808,0.5509283473503497
---,0,0,0,9,3,HMM,AIC,5,0,2,0.8617652541194808,0.5509283473503497
---,0,0,0,9,3,HMM,ICL,5,0,2,0.8617652541194808,0.5509283473503497
---,0,0,0,9,3,K-Means,Gap (uniform),3,1,0,1.0,1.0
---,0,0,0,9,3,K-Means,Prediction Strength,6,0,3,0.576624039703667,1.0
---,0,0,0,10,3,K-Means,Silhouette,3,1,0,1.0,1.0
---,0,0,0,10,3,K-Means,Davies-Bouldin,3,1,0,1.0,1.0
---,0,0,0,10,3,K-Means,Calinski-Harabasz,12,0,9,0.34782464522856404,1.0
---,0,0,0,10,3,GMM,BIC,3,1,0,1.0,1.0
---,0,0,0,10,3,GMM,AIC,3,1,0,1.0,1.0
---,0,0,0,10,3,GMM,ICL,3,1,0,1.0,1.0
---,0,0,0,10,3,GMM,BIC_Neff,3,1,0,1.0,1.0
---,0,0,0,10,3,HMM,BIC,3,1,0,1.0,1.0
---,0,0,0,10,3,HMM,AIC,3,1,0,1.0,1.0
---,0,0,0,10,3,HMM,ICL,3,1,0,1.0,1.0
---,0,0,0,10,3,K-Means,Gap (uniform),3,1,0,1.0,1.0
---,0,0,0,10,3,K-Means,Prediction Strength,3,1,0,1.0,1.0
---,0,0,0,11,3,K-Means,Silhouette,3,1,0,1.0,1.0
---,0,0,0,11,3,K-Means,Davies-Bouldin,3,1,0,1.0,1.0
---,0,0,0,11,3,K-Means,Calinski-Harabasz,12,0,9,0.3520870711031324,1.0
---,0,0,0,11,3,GMM,BIC,3,1,0,1.0,1.0
---,0,0,0,11,3,GMM,AIC,3,1,0,1.0,1.0
---,0,0,0,11,3,GMM,ICL,3,1,0,1.0,1.0
---,0,0,0,11,3,GMM,BIC_Neff,3,1,0,1.0,1.0
---,0,0,0,11,3,HMM,BIC,3,1,0,1.0,1.0
---,0,0,0,11,3,HMM,AIC,3,1,0,1.0,1.0
---,0,0,0,11,3,HMM,ICL,3,1,0,1.0,1.0
---,0,0,0,11,3,K-Means,Gap (uniform),3,1,0,1.0,1.0
---,0,0,0,11,3,K-Means,Prediction Strength,3,1,0,1.0,1.0
---,0,0,0,12,3,K-Means,Silhouette,3,1,0,1.0,1.0
---,0,0,0,12,3,K-Means,Davies-Bouldin,3,1,0,1.0,1.0
---,0,0,0,12,3,K-Means,Calinski-Harabasz,12,0,9,0.35281251410653697,1.0
---,0,0,0,12,3,GMM,BIC,3,1,0,1.0,1.0
---,0,0,0,12,3,GMM,AIC,3,1,0,1.0,1.0
---,0,0,0,12,3,GMM,ICL,3,1,0,1.0,1.0
---,0,0,0,12,3,GMM,BIC_Neff,3,1,0,1.0,1.0
---,0,0,0,12,3,HMM,BIC,3,1,0,1.0,1.0
---,0,0,0,12,3,HMM,AIC,3,1,0,1.0,1.0
---,0,0,0,12,3,HMM,ICL,3,1,0,1.0,1.0
---,0,0,0,12,3,K-Means,Gap (uniform),3,1,0,1.0,1.0
---,0,0,0,12,3,K-Means,Prediction Strength,3,1,0,1.0,1.0
---,0,0,0,13,3,K-Means,Silhouette,3,1,0,1.0,1.0
---,0,0,0,13,3,K-Means,Davies-Bouldin,3,1,0,1.0,1.0
---,0,0,0,13,3,K-Means,Calinski-Harabasz,12,0,9,0.34531756239893996,1.0
---,0,0,0,13,3,GMM,BIC,3,1,0,1.0,1.0
---,0,0,0,13,3,GMM,AIC,3,1,0,1.0,1.0
---,0,0,0,13,3,GMM,ICL,3,1,0,1.0,1.0
---,0,0,0,13,3,GMM,BIC_Neff,3,1,0,1.0,1.0
---,0,0,0,13,3,HMM,BIC,4,0,1,0.8740742696806801,0.49698768529348364
---,0,0,0,13,3,HMM,AIC,4,0,1,0.8740742696806801,0.49698768529348364
---,0,0,0,13,3,HMM,ICL,4,0,1,0.8740742696806801,0.49698768529348364
---,0,0,0,13,3,K-Means,Gap (uniform),3,1,0,1.0,1.0
---,0,0,0,13,3,K-Means,Prediction Strength,6,0,3,0.5749204221217387,1.0
---,0,0,0,14,3,K-Means,Silhouette,3,1,0,1.0,1.0
---,0,0,0,14,3,K-Means,Davies-Bouldin,3,1,0,1.0,1.0
---,0,0,0,14,3,K-Means,Calinski-Harabasz,12,0,9,0.36058718761823444,1.0
---,0,0,0,14,3,GMM,BIC,3,1,0,1.0,1.0
---,0,0,0,14,3,GMM,AIC,3,1,0,1.0,1.0
---,0,0,0,14,3,GMM,ICL,3,1,0,1.0,1.0
---,0,0,0,14,3,GMM,BIC_Neff,3,1,0,1.0,1.0
---,0,0,0,14,3,HMM,BIC,5,0,2,0.7628789580896252,0.5161927775336171
---,0,0,0,14,3,HMM,AIC,5,0,2,0.7628789580896252,0.5161927775336171
---,0,0,0,14,3,HMM,ICL,5,0,2,0.7628789580896252,0.5161927775336171
---,0,0,0,14,3,K-Means,Gap (uniform),3,1,0,1.0,1.0
---,0,0,0,14,3,K-Means,Prediction Strength,6,0,3,0.57423352124686,1.0
---,0,0,0,15,3,K-Means,Silhouette,3,1,0,1.0,1.0
---,0,0,0,15,3,K-Means,Davies-Bouldin,3,1,0,1.0,1.0
---,0,0,0,15,3,K-Means,Calinski-Harabasz,12,0,9,0.3420653948193544,1.0
---,0,0,0,15,3,GMM,BIC,3,1,0,1.0,1.0
---,0,0,0,15,3,GMM,AIC,3,1,0,1.0,1.0
---,0,0,0,15,3,GMM,ICL,3,1,0,1.0,1.0
---,0,0,0,15,3,GMM,BIC_Neff,3,1,0,1.0,1.0
---,0,0,0,15,3,HMM,BIC,4,0,1,0.9976643534219901,0.5539151377927539
---,0,0,0,15,3,HMM,AIC,4,0,1,0.9976643534219901,0.5539151377927539
---,0,0,0,15,3,HMM,ICL,4,0,1,0.9976643534219901,0.5539151377927539
---,0,0,0,15,3,K-Means,Gap (uniform),3,1,0,1.0,1.0
---,0,0,0,15,3,K-Means,Prediction Strength,4,0,1,0.8754875871227793,1.0
---,0,0,0,16,3,K-Means,Silhouette,3,1,0,1.0,1.0
---,0,0,0,16,3,K-Means,Davies-Bouldin,3,1,0,1.0,1.0
---,0,0,0,16,3,K-Means,Calinski-Harabasz,12,0,9,0.35327849400003625,1.0
---,0,0,0,16,3,GMM,BIC,3,1,0,1.0,1.0
---,0,0,0,16,3,GMM,AIC,3,1,0,1.0,1.0
---,0,0,0,16,3,GMM,ICL,3,1,0,1.0,1.0
---,0,0,0,16,3,GMM,BIC_Neff,3,1,0,1.0,1.0
---,0,0,0,16,3,HMM,BIC,3,1,0,1.0,1.0
---,0,0,0,16,3,HMM,AIC,3,1,0,1.0,1.0
---,0,0,0,16,3,HMM,ICL,3,1,0,1.0,1.0
---,0,0,0,16,3,K-Means,Gap (uniform),3,1,0,1.0,1.0
---,0,0,0,16,3,K-Means,Prediction Strength,3,1,0,1.0,1.0
---,0,0,0,17,3,K-Means,Silhouette,3,1,0,1.0,1.0
---,0,0,0,17,3,K-Means,Davies-Bouldin,3,1,0,1.0,1.0
---,0,0,0,17,3,K-Means,Calinski-Harabasz,12,0,9,0.3389024247565101,1.0
---,0,0,0,17,3,GMM,BIC,3,1,0,1.0,1.0
---,0,0,0,17,3,GMM,AIC,3,1,0,1.0,1.0
---,0,0,0,17,3,GMM,ICL,3,1,0,1.0,1.0
---,0,0,0,17,3,GMM,BIC_Neff,3,1,0,1.0,1.0
---,0,0,0,17,3,HMM,BIC,5,0,2,0.9743774494166548,0.5035147413806713
---,0,0,0,17,3,HMM,AIC,5,0,2,0.9743774494166548,0.5035147413806713
---,0,0,0,17,3,HMM,ICL,5,0,2,0.9743774494166548,0.5035147413806713
---,0,0,0,17,3,K-Means,Gap (uniform),3,1,0,1.0,1.0
---,0,0,0,17,3,K-Means,Prediction Strength,6,0,3,0.5737960645218838,1.0
---,0,0,0,18,3,K-Means,Silhouette,3,1,0,1.0,1.0
---,0,0,0,18,3,K-Means,Davies-Bouldin,3,1,0,1.0,1.0
---,0,0,0,18,3,K-Means,Calinski-Harabasz,12,0,9,0.3490451832353061,1.0
---,0,0,0,18,3,GMM,BIC,3,1,0,1.0,1.0
---,0,0,0,18,3,GMM,AIC,3,1,0,1.0,1.0
---,0,0,0,18,3,GMM,ICL,3,1,0,1.0,1.0
---,0,0,0,18,3,GMM,BIC_Neff,3,1,0,1.0,1.0
---,0,0,0,18,3,HMM,BIC,4,0,1,0.9976351908470323,0.4896852600202463
---,0,0,0,18,3,HMM,AIC,4,0,1,0.9976351908470323,0.4896852600202463
---,0,0,0,18,3,HMM,ICL,4,0,1,0.9976351908470323,0.4896852600202463
---,0,0,0,18,3,K-Means,Gap (uniform),3,1,0,1.0,1.0
---,0,0,0,18,3,K-Means,Prediction Strength,3,1,0,1.0,1.0
---,0,0,0,19,3,K-Means,Silhouette,3,1,0,1.0,1.0
---,0,0,0,19,3,K-Means,Davies-Bouldin,3,1,0,1.0,1.0
---,0,0,0,19,3,K-Means,Calinski-Harabasz,12,0,9,0.34495637364811893,1.0
---,0,0,0,19,3,GMM,BIC,3,1,0,1.0,1.0
---,0,0,0,19,3,GMM,AIC,4,0,1,0.8603786442550106,1.0
---,0,0,0,19,3,GMM,ICL,3,1,0,1.0,1.0
---,0,0,0,19,3,GMM,BIC_Neff,3,1,0,1.0,1.0
---,0,0,0,19,3,HMM,BIC,5,0,2,0.9790458165873043,0.5365205354558454
---,0,0,0,19,3,HMM,AIC,5,0,2,0.9790458165873043,0.5365205354558454
---,0,0,0,19,3,HMM,ICL,5,0,2,0.9790458165873043,0.5365205354558454
---,0,0,0,19,3,K-Means,Gap (uniform),3,1,0,1.0,1.0
---,0,0,0,19,3,K-Means,Prediction Strength,5,0,2,0.7249838523724196,1.0
---,0,0,0,20,3,K-Means,Silhouette,3,1,0,1.0,1.0
---,0,0,0,20,3,K-Means,Davies-Bouldin,3,1,0,1.0,1.0
---,0,0,0,20,3,K-Means,Calinski-Harabasz,12,0,9,0.3465073677361806,1.0
---,0,0,0,20,3,GMM,BIC,3,1,0,1.0,1.0
---,0,0,0,20,3,GMM,AIC,3,1,0,1.0,1.0
---,0,0,0,20,3,GMM,ICL,3,1,0,1.0,1.0
---,0,0,0,20,3,GMM,BIC_Neff,3,1,0,1.0,1.0
---,0,0,0,20,3,HMM,BIC,4,0,1,0.8793539029761105,0.566562278223832
---,0,0,0,20,3,HMM,AIC,4,0,1,0.8793539029761105,0.566562278223832
---,0,0,0,20,3,HMM,ICL,4,0,1,0.8793539029761105,0.566562278223832
---,0,0,0,20,3,K-Means,Gap (uniform),3,1,0,1.0,1.0
---,0,0,0,20,3,K-Means,Prediction Strength,3,1,0,1.0,1.0
---,0,0,0,21,3,K-Means,Silhouette,3,1,0,1.0,1.0
---,0,0,0,21,3,K-Means,Davies-Bouldin,3,1,0,1.0,1.0
---,0,0,0,21,3,K-Means,Calinski-Harabasz,12,0,9,0.34084463629952866,1.0
---,0,0,0,21,3,GMM,BIC,3,1,0,1.0,1.0
---,0,0,0,21,3,GMM,AIC,3,1,0,1.0,1.0
---,0,0,0,21,3,GMM,ICL,3,1,0,1.0,1.0
---,0,0,0,21,3,GMM,BIC_Neff,3,1,0,1.0,1.0
---,0,0,0,21,3,HMM,BIC,4,0,1,0.9992230319060715,0.4989454126384299
---,0,0,0,21,3,HMM,AIC,4,0,1,0.9992230319060715,0.4989454126384299
---,0,0,0,21,3,HMM,ICL,4,0,1,0.9992230319060715,0.4989454126384299
---,0,0,0,21,3,K-Means,Gap (uniform),3,1,0,1.0,1.0
---,0,0,0,21,3,K-Means,Prediction Strength,3,1,0,1.0,1.0
---,0,0,0,22,3,K-Means,Silhouette,3,1,0,1.0,1.0
---,0,0,0,22,3,K-Means,Davies-Bouldin,3,1,0,1.0,1.0
---,0,0,0,22,3,K-Means,Calinski-Harabasz,12,0,9,0.3654000844013284,1.0
---,0,0,0,22,3,GMM,BIC,3,1,0,1.0,1.0
---,0,0,0,22,3,GMM,AIC,3,1,0,1.0,1.0
---,0,0,0,22,3,GMM,ICL,3,1,0,1.0,1.0
---,0,0,0,22,3,GMM,BIC_Neff,3,1,0,1.0,1.0
---,0,0,0,22,3,HMM,BIC,5,0,2,0.873701021486444,0.49231721163087666
---,0,0,0,22,3,HMM,AIC,5,0,2,0.873701021486444,0.49231721163087666
---,0,0,0,22,3,HMM,ICL,5,0,2,0.873701021486444,0.49231721163087666
---,0,0,0,22,3,K-Means,Gap (uniform),3,1,0,1.0,1.0
---,0,0,0,22,3,K-Means,Prediction Strength,3,1,0,1.0,1.0
---,0,0,0,23,3,K-Means,Silhouette,3,1,0,1.0,1.0
---,0,0,0,23,3,K-Means,Davies-Bouldin,3,1,0,1.0,1.0
---,0,0,0,23,3,K-Means,Calinski-Harabasz,12,0,9,0.3459760316658911,1.0
---,0,0,0,23,3,GMM,BIC,3,1,0,1.0,1.0
---,0,0,0,23,3,GMM,AIC,3,1,0,1.0,1.0
---,0,0,0,23,3,GMM,ICL,3,1,0,1.0,1.0
---,0,0,0,23,3,GMM,BIC_Neff,3,1,0,1.0,1.0
---,0,0,0,23,3,HMM,BIC,5,0,2,0.9962905154884674,0.5232780253698222
---,0,0,0,23,3,HMM,AIC,5,0,2,0.9962905154884674,0.5232780253698222
---,0,0,0,23,3,HMM,ICL,5,0,2,0.9962905154884674,0.5232780253698222
---,0,0,0,23,3,K-Means,Gap (uniform),3,1,0,1.0,1.0
---,0,0,0,23,3,K-Means,Prediction Strength,3,1,0,1.0,1.0
---,0,0,0,24,3,K-Means,Silhouette,3,1,0,1.0,1.0
---,0,0,0,24,3,K-Means,Davies-Bouldin,3,1,0,1.0,1.0
---,0,0,0,24,3,K-Means,Calinski-Harabasz,12,0,9,0.34675816084085764,1.0
---,0,0,0,24,3,GMM,BIC,3,1,0,1.0,1.0
---,0,0,0,24,3,GMM,AIC,3,1,0,1.0,1.0
---,0,0,0,24,3,GMM,ICL,3,1,0,1.0,1.0
---,0,0,0,24,3,GMM,BIC_Neff,3,1,0,1.0,1.0
---,0,0,0,24,3,HMM,BIC,3,1,0,1.0,1.0
---,0,0,0,24,3,HMM,AIC,3,1,0,1.0,1.0
---,0,0,0,24,3,HMM,ICL,3,1,0,1.0,1.0
---,0,0,0,24,3,K-Means,Gap (uniform),3,1,0,1.0,1.0
---,0,0,0,24,3,K-Means,Prediction Strength,3,1,0,1.0,1.0
---,0,0,0,25,3,K-Means,Silhouette,3,1,0,1.0,1.0
---,0,0,0,25,3,K-Means,Davies-Bouldin,3,1,0,1.0,1.0
---,0,0,0,25,3,K-Means,Calinski-Harabasz,12,0,9,0.34855527483021487,1.0
---,0,0,0,25,3,GMM,BIC,3,1,0,1.0,1.0
---,0,0,0,25,3,GMM,AIC,3,1,0,1.0,1.0
---,0,0,0,25,3,GMM,ICL,3,1,0,1.0,1.0
---,0,0,0,25,3,GMM,BIC_Neff,3,1,0,1.0,1.0
---,0,0,0,25,3,HMM,BIC,4,0,1,0.9750623201004256,0.5190721018611643
---,0,0,0,25,3,HMM,AIC,4,0,1,0.9750623201004256,0.5190721018611643
---,0,0,0,25,3,HMM,ICL,4,0,1,0.9750623201004256,0.5190721018611643
---,0,0,0,25,3,K-Means,Gap (uniform),3,1,0,1.0,1.0
---,0,0,0,25,3,K-Means,Prediction Strength,6,0,3,0.5710998513087084,1.0
---,0,0,0,26,3,K-Means,Silhouette,3,1,0,1.0,1.0
---,0,0,0,26,3,K-Means,Davies-Bouldin,3,1,0,1.0,1.0
---,0,0,0,26,3,K-Means,Calinski-Harabasz,12,0,9,0.3411649368464725,1.0
---,0,0,0,26,3,GMM,BIC,3,1,0,1.0,1.0
---,0,0,0,26,3,GMM,AIC,3,1,0,1.0,1.0
---,0,0,0,26,3,GMM,ICL,3,1,0,1.0,1.0
---,0,0,0,26,3,GMM,BIC_Neff,3,1,0,1.0,1.0
---,0,0,0,26,3,HMM,BIC,4,0,1,0.9947681081415096,0.5278239126501153
---,0,0,0,26,3,HMM,AIC,4,0,1,0.9947681081415096,0.5278239126501153
---,0,0,0,26,3,HMM,ICL,4,0,1,0.9947681081415096,0.5278239126501153
---,0,0,0,26,3,K-Means,Gap (uniform),3,1,0,1.0,1.0
---,0,0,0,26,3,K-Means,Prediction Strength,5,0,2,0.7151962085591206,1.0
---,0,0,0,27,3,K-Means,Silhouette,3,1,0,1.0,1.0
---,0,0,0,27,3,K-Means,Davies-Bouldin,3,1,0,1.0,1.0
---,0,0,0,27,3,K-Means,Calinski-Harabasz,12,0,9,0.3442566437234713,1.0
---,0,0,0,27,3,GMM,BIC,3,1,0,1.0,1.0
---,0,0,0,27,3,GMM,AIC,3,1,0,1.0,1.0
---,0,0,0,27,3,GMM,ICL,3,1,0,1.0,1.0
---,0,0,0,27,3,GMM,BIC_Neff,3,1,0,1.0,1.0
---,0,0,0,27,3,HMM,BIC,3,1,0,1.0,1.0
---,0,0,0,27,3,HMM,AIC,3,1,0,1.0,1.0
---,0,0,0,27,3,HMM,ICL,3,1,0,1.0,1.0
---,0,0,0,27,3,K-Means,Gap (uniform),3,1,0,1.0,1.0
---,0,0,0,27,3,K-Means,Prediction Strength,6,0,3,0.5728597127761457,1.0
---,0,0,0,28,3,K-Means,Silhouette,3,1,0,1.0,1.0
---,0,0,0,28,3,K-Means,Davies-Bouldin,3,1,0,1.0,1.0
---,0,0,0,28,3,K-Means,Calinski-Harabasz,12,0,9,0.34629949142720473,1.0
---,0,0,0,28,3,GMM,BIC,3,1,0,1.0,1.0
---,0,0,0,28,3,GMM,AIC,3,1,0,1.0,1.0
---,0,0,0,28,3,GMM,ICL,3,1,0,1.0,1.0
---,0,0,0,28,3,GMM,BIC_Neff,3,1,0,1.0,1.0
---,0,0,0,28,3,HMM,BIC,4,0,1,1.0,0.5590437635392018
---,0,0,0,28,3,HMM,AIC,4,0,1,1.0,0.5590437635392018
---,0,0,0,28,3,HMM,ICL,4,0,1,1.0,0.5590437635392018
---,0,0,0,28,3,K-Means,Gap (uniform),3,1,0,1.0,1.0
---,0,0,0,28,3,K-Means,Prediction Strength,3,1,0,1.0,1.0
---,0,0,0,29,3,K-Means,Silhouette,3,1,0,1.0,1.0
---,0,0,0,29,3,K-Means,Davies-Bouldin,3,1,0,1.0,1.0
---,0,0,0,29,3,K-Means,Calinski-Harabasz,12,0,9,0.34933310103965676,1.0
---,0,0,0,29,3,GMM,BIC,3,1,0,1.0,1.0
---,0,0,0,29,3,GMM,AIC,3,1,0,1.0,1.0
---,0,0,0,29,3,GMM,ICL,3,1,0,1.0,1.0
---,0,0,0,29,3,GMM,BIC_Neff,3,1,0,1.0,1.0
---,0,0,0,29,3,HMM,BIC,4,0,1,0.9992230949902632,0.5211766239819388
---,0,0,0,29,3,HMM,AIC,4,0,1,0.9992230949902632,0.5211766239819388
---,0,0,0,29,3,HMM,ICL,4,0,1,0.9992230949902632,0.5211766239819388
---,0,0,0,29,3,K-Means,Gap (uniform),3,1,0,1.0,1.0
---,0,0,0,29,3,K-Means,Prediction Strength,6,0,3,0.5730107517222429,1.0
--S,0,0,1,0,3,K-Means,Silhouette,2,0,-1,0.01648312311574261,0.017828191333631553
--S,0,0,1,0,3,K-Means,Davies-Bouldin,7,0,4,0.008492368495434357,0.017828191333631553
--S,0,0,1,0,3,K-Means,Calinski-Harabasz,12,0,9,0.005245652736939515,0.017828191333631553
--S,0,0,1,0,3,GMM,BIC,2,0,-1,0.016231081523968613,0.013915703247145285
--S,0,0,1,0,3,GMM,AIC,10,0,7,0.005678284940156634,0.013915703247145285
--S,0,0,1,0,3,GMM,ICL,10,0,7,0.005678284940156634,0.013915703247145285
--S,0,0,1,0,3,GMM,BIC_Neff,2,0,-1,0.016231081523968613,0.013915703247145285
--S,0,0,1,0,3,HMM,BIC,8,0,5,0.005212022578132023,0.010797856221748697
--S,0,0,1,0,3,HMM,AIC,12,0,9,0.006359265818720586,0.010797856221748697
--S,0,0,1,0,3,HMM,ICL,8,0,5,0.005212022578132023,0.010797856221748697
--S,0,0,1,0,3,K-Means,Gap (uniform),1,0,-2,0.0,0.017828191333631553
--S,0,0,1,0,3,K-Means,Prediction Strength,2,0,-1,0.01648312311574261,0.017828191333631553
--S,0,0,1,1,3,K-Means,Silhouette,12,0,9,0.006480180224643975,0.017431988700538536
--S,0,0,1,1,3,K-Means,Davies-Bouldin,12,0,9,0.006480180224643975,0.017431988700538536
--S,0,0,1,1,3,K-Means,Calinski-Harabasz,12,0,9,0.006480180224643975,0.017431988700538536
--S,0,0,1,1,3,GMM,BIC,2,0,-1,0.0267225324350644,0.014648753873162718
--S,0,0,1,1,3,GMM,AIC,12,0,9,0.006772110500907905,0.014648753873162718
--S,0,0,1,1,3,GMM,ICL,12,0,9,0.006772110500907905,0.014648753873162718
--S,0,0,1,1,3,GMM,BIC_Neff,3,1,0,0.014648753873162718,0.014648753873162718
--S,0,0,1,1,3,HMM,BIC,8,0,5,0.0068124165199471174,0.011278067052245138
--S,0,0,1,1,3,HMM,AIC,11,0,8,0.0053865789771790394,0.011278067052245138
--S,0,0,1,1,3,HMM,ICL,6,0,3,0.007539122804282943,0.011278067052245138
--S,0,0,1,1,3,K-Means,Gap (uniform),1,0,-2,0.0,0.017431988700538536
--S,0,0,1,1,3,K-Means,Prediction Strength,2,0,-1,0.024794158844409504,0.017431988700538536
--S,0,0,1,2,3,K-Means,Silhouette,2,0,-1,0.019964912501486468,0.012490997711928395
--S,0,0,1,2,3,K-Means,Davies-Bouldin,10,0,7,0.005990700178641796,0.012490997711928395
--S,0,0,1,2,3,K-Means,Calinski-Harabasz,12,0,9,0.005985327620823695,0.012490997711928395
--S,0,0,1,2,3,GMM,BIC,2,0,-1,0.01704746030997588,0.011611417221495984
--S,0,0,1,2,3,GMM,AIC,5,0,2,0.010513333655233504,0.011611417221495984
--S,0,0,1,2,3,GMM,ICL,12,0,9,0.004907267164317298,0.011611417221495984
--S,0,0,1,2,3,GMM,BIC_Neff,2,0,-1,0.01704746030997588,0.011611417221495984
--S,0,0,1,2,3,HMM,BIC,9,0,6,0.005147428610212916,0.00678728360076638
--S,0,0,1,2,3,HMM,AIC,9,0,6,0.005147428610212916,0.00678728360076638
--S,0,0,1,2,3,HMM,ICL,9,0,6,0.005147428610212916,0.00678728360076638
--S,0,0,1,2,3,K-Means,Gap (uniform),1,0,-2,0.0,0.012490997711928395
--S,0,0,1,2,3,K-Means,Prediction Strength,2,0,-1,0.019964912501486468,0.012490997711928395
--S,0,0,1,3,3,K-Means,Silhouette,2,0,-1,0.01628390726101876,0.014717923331068142
--S,0,0,1,3,3,K-Means,Davies-Bouldin,11,0,8,0.006178386280520165,0.014717923331068142
--S,0,0,1,3,3,K-Means,Calinski-Harabasz,12,0,9,0.005069166074103773,0.014717923331068142
--S,0,0,1,3,3,GMM,BIC,2,0,-1,0.014766947809416656,0.013150611705592287
--S,0,0,1,3,3,GMM,AIC,10,0,7,0.005929413545006878,0.013150611705592287
--S,0,0,1,3,3,GMM,ICL,10,0,7,0.005929413545006878,0.013150611705592287
--S,0,0,1,3,3,GMM,BIC_Neff,2,0,-1,0.014766947809416656,0.013150611705592287
--S,0,0,1,3,3,HMM,BIC,8,0,5,0.0020383251987291257,0.00424033838229536
--S,0,0,1,3,3,HMM,AIC,12,0,9,0.004885976159388091,0.00424033838229536
--S,0,0,1,3,3,HMM,ICL,6,0,3,0.003795421005515926,0.00424033838229536
--S,0,0,1,3,3,K-Means,Gap (uniform),1,0,-2,0.0,0.014717923331068142
--S,0,0,1,3,3,K-Means,Prediction Strength,2,0,-1,0.01628390726101876,0.014717923331068142
--S,0,0,1,4,3,K-Means,Silhouette,2,0,-1,0.0155525838563012,0.018144820610838934
--S,0,0,1,4,3,K-Means,Davies-Bouldin,10,0,7,0.006865856872038114,0.018144820610838934
--S,0,0,1,4,3,K-Means,Calinski-Harabasz,12,0,9,0.0070127003768349514,0.018144820610838934
--S,0,0,1,4,3,GMM,BIC,4,0,1,0.01609632408883934,0.012010253619194894
--S,0,0,1,4,3,GMM,AIC,8,0,5,0.008361802864024917,0.012010253619194894
--S,0,0,1,4,3,GMM,ICL,2,0,-1,0.014249021798334765,0.012010253619194894
--S,0,0,1,4,3,GMM,BIC_Neff,4,0,1,0.01609632408883934,0.012010253619194894
--S,0,0,1,4,3,HMM,BIC,7,0,4,0.006293995924100167,0.0073935836541290925
--S,0,0,1,4,3,HMM,AIC,10,0,7,0.005318690908082463,0.0073935836541290925
--S,0,0,1,4,3,HMM,ICL,6,0,3,0.006768316870159888,0.0073935836541290925
--S,0,0,1,4,3,K-Means,Gap (uniform),1,0,-2,0.0,0.018144820610838934
--S,0,0,1,4,3,K-Means,Prediction Strength,2,0,-1,0.0155525838563012,0.018144820610838934
--S,0,0,1,5,3,K-Means,Silhouette,2,0,-1,0.02044136779776563,0.017425792615018792
--S,0,0,1,5,3,K-Means,Davies-Bouldin,8,0,5,0.007243177705141139,0.017425792615018792
--S,0,0,1,5,3,K-Means,Calinski-Harabasz,12,0,9,0.005209104933886296,0.017425792615018792
--S,0,0,1,5,3,GMM,BIC,2,0,-1,0.01736361233194828,0.015409383237768444
--S,0,0,1,5,3,GMM,AIC,6,0,3,0.009900779165360345,0.015409383237768444
--S,0,0,1,5,3,GMM,ICL,9,0,6,0.006942076348726866,0.015409383237768444
--S,0,0,1,5,3,GMM,BIC_Neff,4,0,1,0.01094156874642842,0.015409383237768444
--S,0,0,1,5,3,HMM,BIC,8,0,5,0.004530459970829767,0.00550214124122952
--S,0,0,1,5,3,HMM,AIC,10,0,7,0.006541995124290566,0.00550214124122952
--S,0,0,1,5,3,HMM,ICL,8,0,5,0.004530459970829767,0.00550214124122952
--S,0,0,1,5,3,K-Means,Gap (uniform),1,0,-2,0.0,0.017425792615018792
--S,0,0,1,5,3,K-Means,Prediction Strength,2,0,-1,0.02044136779776563,0.017425792615018792
--S,0,0,1,6,3,K-Means,Silhouette,2,0,-1,0.025497301763679193,0.01793720732906559
--S,0,0,1,6,3,K-Means,Davies-Bouldin,12,0,9,0.006107256712909918,0.01793720732906559
--S,0,0,1,6,3,K-Means,Calinski-Harabasz,12,0,9,0.006107256712909918,0.01793720732906559
--S,0,0,1,6,3,GMM,BIC,2,0,-1,0.022163017782260735,0.016275405378162574
--S,0,0,1,6,3,GMM,AIC,2,0,-1,0.022163017782260735,0.016275405378162574
--S,0,0,1,6,3,GMM,ICL,2,0,-1,0.022163017782260735,0.016275405378162574
--S,0,0,1,6,3,GMM,BIC_Neff,2,0,-1,0.022163017782260735,0.016275405378162574
--S,0,0,1,6,3,HMM,BIC,10,0,7,0.0059912012745312986,0.01064191075710635
--S,0,0,1,6,3,HMM,AIC,11,0,8,0.005994018006439783,0.01064191075710635
--S,0,0,1,6,3,HMM,ICL,6,0,3,0.007975933420718739,0.01064191075710635
--S,0,0,1,6,3,K-Means,Gap (uniform),1,0,-2,0.0,0.01793720732906559
--S,0,0,1,6,3,K-Means,Prediction Strength,1,0,-2,0.0,0.01793720732906559
--S,0,0,1,7,3,K-Means,Silhouette,2,0,-1,0.01977041851158954,0.013772403543663853
--S,0,0,1,7,3,K-Means,Davies-Bouldin,8,0,5,0.007796076329811688,0.013772403543663853
--S,0,0,1,7,3,K-Means,Calinski-Harabasz,12,0,9,0.004684444397210122,0.013772403543663853
--S,0,0,1,7,3,GMM,BIC,2,0,-1,0.010739270626322685,0.012840085989972116
--S,0,0,1,7,3,GMM,AIC,7,0,4,0.007854466208972585,0.012840085989972116
--S,0,0,1,7,3,GMM,ICL,12,0,9,0.004664795746958213,0.012840085989972116
--S,0,0,1,7,3,GMM,BIC_Neff,2,0,-1,0.010739270626322685,0.012840085989972116
--S,0,0,1,7,3,HMM,BIC,8,0,5,0.004351332233316275,0.006891174332492421
--S,0,0,1,7,3,HMM,AIC,12,0,9,0.005116749733494105,0.006891174332492421
--S,0,0,1,7,3,HMM,ICL,8,0,5,0.004351332233316275,0.006891174332492421
--S,0,0,1,7,3,K-Means,Gap (uniform),1,0,-2,0.0,0.013772403543663853
--S,0,0,1,7,3,K-Means,Prediction Strength,1,0,-2,0.0,0.013772403543663853
--S,0,0,1,8,3,K-Means,Silhouette,2,0,-1,0.020873128401011177,0.017329785738907217
--S,0,0,1,8,3,K-Means,Davies-Bouldin,8,0,5,0.007953601231080484,0.017329785738907217
--S,0,0,1,8,3,K-Means,Calinski-Harabasz,12,0,9,0.0054048373644015385,0.017329785738907217
--S,0,0,1,8,3,GMM,BIC,2,0,-1,0.020391878460701247,0.015953208705352797
--S,0,0,1,8,3,GMM,AIC,2,0,-1,0.020391878460701247,0.015953208705352797
--S,0,0,1,8,3,GMM,ICL,2,0,-1,0.020391878460701247,0.015953208705352797
--S,0,0,1,8,3,GMM,BIC_Neff,2,0,-1,0.020391878460701247,0.015953208705352797
--S,0,0,1,8,3,HMM,BIC,10,0,7,0.004773366035011116,0.007187538454753392
--S,0,0,1,8,3,HMM,AIC,10,0,7,0.004773366035011116,0.007187538454753392
--S,0,0,1,8,3,HMM,ICL,10,0,7,0.004773366035011116,0.007187538454753392
--S,0,0,1,8,3,K-Means,Gap (uniform),1,0,-2,0.0,0.017329785738907217
--S,0,0,1,8,3,K-Means,Prediction Strength,1,0,-2,0.0,0.017329785738907217
--S,0,0,1,9,3,K-Means,Silhouette,2,0,-1,0.019647744006213948,0.011949253985074704
--S,0,0,1,9,3,K-Means,Davies-Bouldin,9,0,6,0.006030621774483812,0.011949253985074704
--S,0,0,1,9,3,K-Means,Calinski-Harabasz,12,0,9,0.004721436610873897,0.011949253985074704
--S,0,0,1,9,3,GMM,BIC,2,0,-1,0.018813786251361996,0.01163593805160763
--S,0,0,1,9,3,GMM,AIC,5,0,2,0.011467189226091688,0.01163593805160763
--S,0,0,1,9,3,GMM,ICL,2,0,-1,0.018813786251361996,0.01163593805160763
--S,0,0,1,9,3,GMM,BIC_Neff,5,0,2,0.011467189226091688,0.01163593805160763
--S,0,0,1,9,3,HMM,BIC,7,0,4,0.00611547534245125,0.008317757711039748
--S,0,0,1,9,3,HMM,AIC,9,0,6,0.008182720621237082,0.008317757711039748
--S,0,0,1,9,3,HMM,ICL,7,0,4,0.00611547534245125,0.008317757711039748
--S,0,0,1,9,3,K-Means,Gap (uniform),1,0,-2,0.0,0.011949253985074704
--S,0,0,1,9,3,K-Means,Prediction Strength,3,1,0,0.011949253985074704,0.011949253985074704
--S,0,0,1,10,3,K-Means,Silhouette,12,0,9,0.005017051539241831,0.013472698033586798
--S,0,0,1,10,3,K-Means,Davies-Bouldin,10,0,7,0.006530595815153366,0.013472698033586798
--S,0,0,1,10,3,K-Means,Calinski-Harabasz,12,0,9,0.005017051539241831,0.013472698033586798
--S,0,0,1,10,3,GMM,BIC,2,0,-1,0.017051583385524056,0.01096834787381496
--S,0,0,1,10,3,GMM,AIC,4,0,1,0.011338096758229142,0.01096834787381496
--S,0,0,1,10,3,GMM,ICL,11,0,8,0.0051957547884538486,0.01096834787381496
--S,0,0,1,10,3,GMM,BIC_Neff,2,0,-1,0.017051583385524056,0.01096834787381496
--S,0,0,1,10,3,HMM,BIC,10,0,7,0.009009155886138397,0.00791667848250586
--S,0,0,1,10,3,HMM,AIC,11,0,8,0.008273004605058046,0.00791667848250586
--S,0,0,1,10,3,HMM,ICL,7,0,4,0.008150764881919632,0.00791667848250586
--S,0,0,1,10,3,K-Means,Gap (uniform),1,0,-2,0.0,0.013472698033586798
--S,0,0,1,10,3,K-Means,Prediction Strength,1,0,-2,0.0,0.013472698033586798
--S,0,0,1,11,3,K-Means,Silhouette,2,0,-1,0.019720477503055504,0.013907105753367812
--S,0,0,1,11,3,K-Means,Davies-Bouldin,11,0,8,0.006491693058724154,0.013907105753367812
--S,0,0,1,11,3,K-Means,Calinski-Harabasz,12,0,9,0.006093987572358321,0.013907105753367812
--S,0,0,1,11,3,GMM,BIC,2,0,-1,0.019859108000366922,0.011377929426048337
--S,0,0,1,11,3,GMM,AIC,11,0,8,0.0063942592782842075,0.011377929426048337
--S,0,0,1,11,3,GMM,ICL,11,0,8,0.0063942592782842075,0.011377929426048337
--S,0,0,1,11,3,GMM,BIC_Neff,2,0,-1,0.019859108000366922,0.011377929426048337
--S,0,0,1,11,3,HMM,BIC,10,0,7,0.005644029031608203,0.00845272651077212
--S,0,0,1,11,3,HMM,AIC,10,0,7,0.005644029031608203,0.00845272651077212
--S,0,0,1,11,3,HMM,ICL,8,0,5,0.006333818607490992,0.00845272651077212
--S,0,0,1,11,3,K-Means,Gap (uniform),1,0,-2,0.0,0.013907105753367812
--S,0,0,1,11,3,K-Means,Prediction Strength,1,0,-2,0.0,0.013907105753367812
--S,0,0,1,12,3,K-Means,Silhouette,2,0,-1,0.016417049762178743,0.011993986075389085
--S,0,0,1,12,3,K-Means,Davies-Bouldin,7,0,4,0.006117125487905756,0.011993986075389085
--S,0,0,1,12,3,K-Means,Calinski-Harabasz,12,0,9,0.0034835819806500177,0.011993986075389085
--S,0,0,1,12,3,GMM,BIC,2,0,-1,0.016410512263643234,0.011687072704302562
--S,0,0,1,12,3,GMM,AIC,2,0,-1,0.016410512263643234,0.011687072704302562
--S,0,0,1,12,3,GMM,ICL,2,0,-1,0.016410512263643234,0.011687072704302562
--S,0,0,1,12,3,GMM,BIC_Neff,2,0,-1,0.016410512263643234,0.011687072704302562
--S,0,0,1,12,3,HMM,BIC,9,0,6,0.004040723086320384,0.006087299423037989
--S,0,0,1,12,3,HMM,AIC,9,0,6,0.004040723086320384,0.006087299423037989
--S,0,0,1,12,3,HMM,ICL,7,0,4,0.0038244866655708313,0.006087299423037989
--S,0,0,1,12,3,K-Means,Gap (uniform),1,0,-2,0.0,0.011993986075389085
--S,0,0,1,12,3,K-Means,Prediction Strength,1,0,-2,0.0,0.011993986075389085
--S,0,0,1,13,3,K-Means,Silhouette,2,0,-1,0.02291265494804789,0.01702211406609707
--S,0,0,1,13,3,K-Means,Davies-Bouldin,12,0,9,0.006154007141287784,0.01702211406609707
--S,0,0,1,13,3,K-Means,Calinski-Harabasz,12,0,9,0.006154007141287784,0.01702211406609707
--S,0,0,1,13,3,GMM,BIC,2,0,-1,0.018259077754821315,0.011926587256889689
--S,0,0,1,13,3,GMM,AIC,2,0,-1,0.018259077754821315,0.011926587256889689
--S,0,0,1,13,3,GMM,ICL,11,0,8,0.0063835221002058315,0.011926587256889689
--S,0,0,1,13,3,GMM,BIC_Neff,2,0,-1,0.018259077754821315,0.011926587256889689
--S,0,0,1,13,3,HMM,BIC,7,0,4,0.007784932750759231,0.010706623346050465
--S,0,0,1,13,3,HMM,AIC,12,0,9,0.010347240877827934,0.010706623346050465
--S,0,0,1,13,3,HMM,ICL,7,0,4,0.007784932750759231,0.010706623346050465
--S,0,0,1,13,3,K-Means,Gap (uniform),1,0,-2,0.0,0.01702211406609707
--S,0,0,1,13,3,K-Means,Prediction Strength,4,0,1,0.013568261740102026,0.01702211406609707
--S,0,0,1,14,3,K-Means,Silhouette,2,0,-1,0.014629623877856568,0.012981977142202646
--S,0,0,1,14,3,K-Means,Davies-Bouldin,12,0,9,0.004994876407135211,0.012981977142202646
--S,0,0,1,14,3,K-Means,Calinski-Harabasz,12,0,9,0.004994876407135211,0.012981977142202646
--S,0,0,1,14,3,GMM,BIC,2,0,-1,0.013342724536499258,0.013541562388435496
--S,0,0,1,14,3,GMM,AIC,5,0,2,0.009518523612207393,0.013541562388435496
--S,0,0,1,14,3,GMM,ICL,2,0,-1,0.013342724536499258,0.013541562388435496
--S,0,0,1,14,3,GMM,BIC_Neff,2,0,-1,0.013342724536499258,0.013541562388435496
--S,0,0,1,14,3,HMM,BIC,8,0,5,0.005883079318336863,0.00968430299772149
--S,0,0,1,14,3,HMM,AIC,12,0,9,0.0047959462772396025,0.00968430299772149
--S,0,0,1,14,3,HMM,ICL,8,0,5,0.005883079318336863,0.00968430299772149
--S,0,0,1,14,3,K-Means,Gap (uniform),1,0,-2,0.0,0.012981977142202646
--S,0,0,1,14,3,K-Means,Prediction Strength,2,0,-1,0.014629623877856568,0.012981977142202646
--S,0,0,1,15,3,K-Means,Silhouette,2,0,-1,0.02601096981249938,0.01970047461238899
--S,0,0,1,15,3,K-Means,Davies-Bouldin,8,0,5,0.009851290491087511,0.01970047461238899
--S,0,0,1,15,3,K-Means,Calinski-Harabasz,12,0,9,0.0071093728030905004,0.01970047461238899
--S,0,0,1,15,3,GMM,BIC,5,0,2,0.0137785222749648,0.0171617470762534
--S,0,0,1,15,3,GMM,AIC,6,0,3,0.010631089198304987,0.0171617470762534
--S,0,0,1,15,3,GMM,ICL,6,0,3,0.010631089198304987,0.0171617470762534
--S,0,0,1,15,3,GMM,BIC_Neff,6,0,3,0.010631089198304987,0.0171617470762534
--S,0,0,1,15,3,HMM,BIC,6,0,3,0.007480769698566188,0.010152866027107266
--S,0,0,1,15,3,HMM,AIC,10,0,7,0.006757359385280934,0.010152866027107266
--S,0,0,1,15,3,HMM,ICL,6,0,3,0.007480769698566188,0.010152866027107266
--S,0,0,1,15,3,K-Means,Gap (uniform),1,0,-2,0.0,0.01970047461238899
--S,0,0,1,15,3,K-Means,Prediction Strength,4,0,1,0.013877372973988824,0.01970047461238899
--S,0,0,1,16,3,K-Means,Silhouette,2,0,-1,0.012514576015253626,0.014600591949228952
--S,0,0,1,16,3,K-Means,Davies-Bouldin,11,0,8,0.005483691904343461,0.014600591949228952
--S,0,0,1,16,3,K-Means,Calinski-Harabasz,12,0,9,0.004296433061138614,0.014600591949228952
--S,0,0,1,16,3,GMM,BIC,2,0,-1,0.013600542791521638,0.013128174698226257
--S,0,0,1,16,3,GMM,AIC,12,0,9,0.0044465285822762055,0.013128174698226257
--S,0,0,1,16,3,GMM,ICL,12,0,9,0.0044465285822762055,0.013128174698226257
--S,0,0,1,16,3,GMM,BIC_Neff,4,0,1,0.009137807815979974,0.013128174698226257
--S,0,0,1,16,3,HMM,BIC,8,0,5,0.004826518097216809,0.00525969998690207
--S,0,0,1,16,3,HMM,AIC,9,0,6,0.004037180943827667,0.00525969998690207
--S,0,0,1,16,3,HMM,ICL,8,0,5,0.004826518097216809,0.00525969998690207
--S,0,0,1,16,3,K-Means,Gap (uniform),1,0,-2,0.0,0.014600591949228952
--S,0,0,1,16,3,K-Means,Prediction Strength,2,0,-1,0.012514576015253626,0.014600591949228952
--S,0,0,1,17,3,K-Means,Silhouette,2,0,-1,0.019109073834873154,0.014620322851438612
--S,0,0,1,17,3,K-Means,Davies-Bouldin,10,0,7,0.0058823753368021595,0.014620322851438612
--S,0,0,1,17,3,K-Means,Calinski-Harabasz,12,0,9,0.0046439464285527084,0.014620322851438612
--S,0,0,1,17,3,GMM,BIC,2,0,-1,0.017785894248733846,0.014121330170072123
--S,0,0,1,17,3,GMM,AIC,8,0,5,0.007142650923651942,0.014121330170072123
--S,0,0,1,17,3,GMM,ICL,2,0,-1,0.017785894248733846,0.014121330170072123
--S,0,0,1,17,3,GMM,BIC_Neff,2,0,-1,0.017785894248733846,0.014121330170072123
--S,0,0,1,17,3,HMM,BIC,9,0,6,0.0060182423925923215,0.008117840383247053
--S,0,0,1,17,3,HMM,AIC,12,0,9,0.007126281555127582,0.008117840383247053
--S,0,0,1,17,3,HMM,ICL,4,0,1,0.0062304375018958896,0.008117840383247053
--S,0,0,1,17,3,K-Means,Gap (uniform),1,0,-2,0.0,0.014620322851438612
--S,0,0,1,17,3,K-Means,Prediction Strength,1,0,-2,0.0,0.014620322851438612
--S,0,0,1,18,3,K-Means,Silhouette,2,0,-1,0.016353244642950415,0.016461528880735442
--S,0,0,1,18,3,K-Means,Davies-Bouldin,12,0,9,0.004288641855639444,0.016461528880735442
--S,0,0,1,18,3,K-Means,Calinski-Harabasz,12,0,9,0.004288641855639444,0.016461528880735442
--S,0,0,1,18,3,GMM,BIC,2,0,-1,0.016910999554531347,0.01658570514728826
--S,0,0,1,18,3,GMM,AIC,4,0,1,0.009704878922227775,0.01658570514728826
--S,0,0,1,18,3,GMM,ICL,2,0,-1,0.016910999554531347,0.01658570514728826
--S,0,0,1,18,3,GMM,BIC_Neff,2,0,-1,0.016910999554531347,0.01658570514728826
--S,0,0,1,18,3,HMM,BIC,8,0,5,0.006364207248315557,0.009556241375846597
--S,0,0,1,18,3,HMM,AIC,10,0,7,0.0051222079043651775,0.009556241375846597
--S,0,0,1,18,3,HMM,ICL,8,0,5,0.006364207248315557,0.009556241375846597
--S,0,0,1,18,3,K-Means,Gap (uniform),1,0,-2,0.0,0.016461528880735442
--S,0,0,1,18,3,K-Means,Prediction Strength,4,0,1,0.010430420354678603,0.016461528880735442
--S,0,0,1,19,3,K-Means,Silhouette,2,0,-1,0.021591620041660594,0.01598236687794647
--S,0,0,1,19,3,K-Means,Davies-Bouldin,11,0,8,0.005183044570194216,0.01598236687794647
--S,0,0,1,19,3,K-Means,Calinski-Harabasz,12,0,9,0.0046997073565065925,0.01598236687794647
--S,0,0,1,19,3,GMM,BIC,2,0,-1,0.021533246829299215,0.013232001645350495
--S,0,0,1,19,3,GMM,AIC,2,0,-1,0.021533246829299215,0.013232001645350495
--S,0,0,1,19,3,GMM,ICL,12,0,9,0.005077550453700949,0.013232001645350495
--S,0,0,1,19,3,GMM,BIC_Neff,2,0,-1,0.021533246829299215,0.013232001645350495
--S,0,0,1,19,3,HMM,BIC,7,0,4,0.004694991244295723,0.007340235012388941
--S,0,0,1,19,3,HMM,AIC,11,0,8,0.004282654141012268,0.007340235012388941
--S,0,0,1,19,3,HMM,ICL,7,0,4,0.004694991244295723,0.007340235012388941
--S,0,0,1,19,3,K-Means,Gap (uniform),1,0,-2,0.0,0.01598236687794647
--S,0,0,1,19,3,K-Means,Prediction Strength,1,0,-2,0.0,0.01598236687794647
--S,0,0,1,20,3,K-Means,Silhouette,2,0,-1,0.022282884610259582,0.0187241123339788
--S,0,0,1,20,3,K-Means,Davies-Bouldin,11,0,8,0.007027676647936742,0.0187241123339788
--S,0,0,1,20,3,K-Means,Calinski-Harabasz,12,0,9,0.00728502191033732,0.0187241123339788
--S,0,0,1,20,3,GMM,BIC,2,0,-1,0.01917817421915177,0.016458942918786842
--S,0,0,1,20,3,GMM,AIC,11,0,8,0.006698517425647713,0.016458942918786842
--S,0,0,1,20,3,GMM,ICL,12,0,9,0.005638288430698008,0.016458942918786842
--S,0,0,1,20,3,GMM,BIC_Neff,2,0,-1,0.01917817421915177,0.016458942918786842
--S,0,0,1,20,3,HMM,BIC,10,0,7,0.007999428373745815,0.009611884542087036
--S,0,0,1,20,3,HMM,AIC,12,0,9,0.006389369626946287,0.009611884542087036
--S,0,0,1,20,3,HMM,ICL,10,0,7,0.007999428373745815,0.009611884542087036
--S,0,0,1,20,3,K-Means,Gap (uniform),1,0,-2,0.0,0.0187241123339788
--S,0,0,1,20,3,K-Means,Prediction Strength,1,0,-2,0.0,0.0187241123339788
--S,0,0,1,21,3,K-Means,Silhouette,2,0,-1,0.02047101839996364,0.011917358200313357
--S,0,0,1,21,3,K-Means,Davies-Bouldin,12,0,9,0.004573689538315214,0.011917358200313357
--S,0,0,1,21,3,K-Means,Calinski-Harabasz,12,0,9,0.004573689538315214,0.011917358200313357
--S,0,0,1,21,3,GMM,BIC,2,0,-1,0.02047101839996364,0.009553317770735174
--S,0,0,1,21,3,GMM,AIC,6,0,3,0.007520814680143984,0.009553317770735174
--S,0,0,1,21,3,GMM,ICL,12,0,9,0.0046923277989506145,0.009553317770735174
--S,0,0,1,21,3,GMM,BIC_Neff,3,1,0,0.009553317770735174,0.009553317770735174
--S,0,0,1,21,3,HMM,BIC,8,0,5,0.004722600567997038,0.005462687855187648
--S,0,0,1,21,3,HMM,AIC,8,0,5,0.004722600567997038,0.005462687855187648
--S,0,0,1,21,3,HMM,ICL,8,0,5,0.004722600567997038,0.005462687855187648
--S,0,0,1,21,3,K-Means,Gap (uniform),1,0,-2,0.0,0.011917358200313357
--S,0,0,1,21,3,K-Means,Prediction Strength,2,0,-1,0.02047101839996364,0.011917358200313357
--S,0,0,1,22,3,K-Means,Silhouette,2,0,-1,0.020119918851013347,0.019370279337558624
--S,0,0,1,22,3,K-Means,Davies-Bouldin,11,0,8,0.006514637907056295,0.019370279337558624
--S,0,0,1,22,3,K-Means,Calinski-Harabasz,12,0,9,0.00634223879267634,0.019370279337558624
--S,0,0,1,22,3,GMM,BIC,2,0,-1,0.020328903993799673,0.01572247021537959
--S,0,0,1,22,3,GMM,AIC,10,0,7,0.007345783441436765,0.01572247021537959
--S,0,0,1,22,3,GMM,ICL,10,0,7,0.007345783441436765,0.01572247021537959
--S,0,0,1,22,3,GMM,BIC_Neff,2,0,-1,0.020328903993799673,0.01572247021537959
--S,0,0,1,22,3,HMM,BIC,7,0,4,0.008124870447087347,0.010917721109643603
--S,0,0,1,22,3,HMM,AIC,11,0,8,0.006207475439831101,0.010917721109643603
--S,0,0,1,22,3,HMM,ICL,7,0,4,0.008124870447087347,0.010917721109643603
--S,0,0,1,22,3,K-Means,Gap (uniform),1,0,-2,0.0,0.019370279337558624
--S,0,0,1,22,3,K-Means,Prediction Strength,1,0,-2,0.0,0.019370279337558624
--S,0,0,1,23,3,K-Means,Silhouette,2,0,-1,0.020135155408218763,0.01306517128052578
--S,0,0,1,23,3,K-Means,Davies-Bouldin,6,0,3,0.010028139577135317,0.01306517128052578
--S,0,0,1,23,3,K-Means,Calinski-Harabasz,12,0,9,0.005015436932012615,0.01306517128052578
--S,0,0,1,23,3,GMM,BIC,3,1,0,0.01024218679016239,0.01024218679016239
--S,0,0,1,23,3,GMM,AIC,6,0,3,0.009864137669678742,0.01024218679016239
--S,0,0,1,23,3,GMM,ICL,8,0,5,0.007151381662963821,0.01024218679016239
--S,0,0,1,23,3,GMM,BIC_Neff,6,0,3,0.009864137669678742,0.01024218679016239
--S,0,0,1,23,3,HMM,BIC,8,0,5,0.006803557268450683,0.009053806090962345
--S,0,0,1,23,3,HMM,AIC,11,0,8,0.008290638751557262,0.009053806090962345
--S,0,0,1,23,3,HMM,ICL,8,0,5,0.006803557268450683,0.009053806090962345
--S,0,0,1,23,3,K-Means,Gap (uniform),1,0,-2,0.0,0.01306517128052578
--S,0,0,1,23,3,K-Means,Prediction Strength,1,0,-2,0.0,0.01306517128052578
--S,0,0,1,24,3,K-Means,Silhouette,2,0,-1,0.02156917109258991,0.01475698193432076
--S,0,0,1,24,3,K-Means,Davies-Bouldin,12,0,9,0.005522732440736038,0.01475698193432076
--S,0,0,1,24,3,K-Means,Calinski-Harabasz,12,0,9,0.005522732440736038,0.01475698193432076
--S,0,0,1,24,3,GMM,BIC,2,0,-1,0.019617434160852584,0.017301364797150814
--S,0,0,1,24,3,GMM,AIC,12,0,9,0.0054828275672960175,0.017301364797150814
--S,0,0,1,24,3,GMM,ICL,2,0,-1,0.019617434160852584,0.017301364797150814
--S,0,0,1,24,3,GMM,BIC_Neff,2,0,-1,0.019617434160852584,0.017301364797150814
--S,0,0,1,24,3,HMM,BIC,8,0,5,0.003868578185601302,0.007950837939963455
--S,0,0,1,24,3,HMM,AIC,10,0,7,0.0052079782135941236,0.007950837939963455
--S,0,0,1,24,3,HMM,ICL,6,0,3,0.0045449303856292715,0.007950837939963455
--S,0,0,1,24,3,K-Means,Gap (uniform),1,0,-2,0.0,0.01475698193432076
--S,0,0,1,24,3,K-Means,Prediction Strength,2,0,-1,0.02156917109258991,0.01475698193432076
--S,0,0,1,25,3,K-Means,Silhouette,2,0,-1,0.02227684653731848,0.012678458777918117
--S,0,0,1,25,3,K-Means,Davies-Bouldin,9,0,6,0.006111156422901862,0.012678458777918117
--S,0,0,1,25,3,K-Means,Calinski-Harabasz,12,0,9,0.004624093909506147,0.012678458777918117
--S,0,0,1,25,3,GMM,BIC,2,0,-1,0.01864942827173669,0.011555555895146487
--S,0,0,1,25,3,GMM,AIC,6,0,3,0.009000628266724887,0.011555555895146487
--S,0,0,1,25,3,GMM,ICL,2,0,-1,0.01864942827173669,0.011555555895146487
--S,0,0,1,25,3,GMM,BIC_Neff,2,0,-1,0.01864942827173669,0.011555555895146487
--S,0,0,1,25,3,HMM,BIC,7,0,4,0.005626785765219064,0.005673839764663721
--S,0,0,1,25,3,HMM,AIC,9,0,6,0.0047123221343914196,0.005673839764663721
--S,0,0,1,25,3,HMM,ICL,7,0,4,0.005626785765219064,0.005673839764663721
--S,0,0,1,25,3,K-Means,Gap (uniform),1,0,-2,0.0,0.012678458777918117
--S,0,0,1,25,3,K-Means,Prediction Strength,1,0,-2,0.0,0.012678458777918117
--S,0,0,1,26,3,K-Means,Silhouette,2,0,-1,0.014051200327555547,0.014820371510786653
--S,0,0,1,26,3,K-Means,Davies-Bouldin,10,0,7,0.0057626935918035395,0.014820371510786653
--S,0,0,1,26,3,K-Means,Calinski-Harabasz,12,0,9,0.004670652356203866,0.014820371510786653
--S,0,0,1,26,3,GMM,BIC,5,0,2,0.012205386476218346,0.005725981515028669
--S,0,0,1,26,3,GMM,AIC,8,0,5,0.007751623602537367,0.005725981515028669
--S,0,0,1,26,3,GMM,ICL,9,0,6,0.00688071229444996,0.005725981515028669
--S,0,0,1,26,3,GMM,BIC_Neff,7,0,4,0.0073125795542825145,0.005725981515028669
--S,0,0,1,26,3,HMM,BIC,9,0,6,0.007920344988555605,0.0047823667038822135
--S,0,0,1,26,3,HMM,AIC,11,0,8,0.005043029415367277,0.0047823667038822135
--S,0,0,1,26,3,HMM,ICL,9,0,6,0.007920344988555605,0.0047823667038822135
--S,0,0,1,26,3,K-Means,Gap (uniform),1,0,-2,0.0,0.014820371510786653
--S,0,0,1,26,3,K-Means,Prediction Strength,3,1,0,0.014820371510786653,0.014820371510786653
--S,0,0,1,27,3,K-Means,Silhouette,2,0,-1,0.016325527930688435,0.015667911101297727
--S,0,0,1,27,3,K-Means,Davies-Bouldin,11,0,8,0.005316735964019009,0.015667911101297727
--S,0,0,1,27,3,K-Means,Calinski-Harabasz,12,0,9,0.005582091355267973,0.015667911101297727
--S,0,0,1,27,3,GMM,BIC,2,0,-1,0.018710176648768742,0.011959624064094478
--S,0,0,1,27,3,GMM,AIC,6,0,3,0.009385700318979782,0.011959624064094478
--S,0,0,1,27,3,GMM,ICL,12,0,9,0.005605235659662283,0.011959624064094478
--S,0,0,1,27,3,GMM,BIC_Neff,2,0,-1,0.018710176648768742,0.011959624064094478
--S,0,0,1,27,3,HMM,BIC,9,0,6,0.005891825465278577,0.0036338775790908722
--S,0,0,1,27,3,HMM,AIC,12,0,9,0.007418679044616993,0.0036338775790908722
--S,0,0,1,27,3,HMM,ICL,8,0,5,0.005746713683806335,0.0036338775790908722
--S,0,0,1,27,3,K-Means,Gap (uniform),1,0,-2,0.0,0.015667911101297727
--S,0,0,1,27,3,K-Means,Prediction Strength,1,0,-2,0.0,0.015667911101297727
--S,0,0,1,28,3,K-Means,Silhouette,2,0,-1,0.021845101975571574,0.01569269032458442
--S,0,0,1,28,3,K-Means,Davies-Bouldin,12,0,9,0.00514179106921042,0.01569269032458442
--S,0,0,1,28,3,K-Means,Calinski-Harabasz,12,0,9,0.00514179106921042,0.01569269032458442
--S,0,0,1,28,3,GMM,BIC,2,0,-1,0.02217907481253474,0.01437990071323013
--S,0,0,1,28,3,GMM,AIC,3,1,0,0.01437990071323013,0.01437990071323013
--S,0,0,1,28,3,GMM,ICL,2,0,-1,0.02217907481253474,0.01437990071323013
--S,0,0,1,28,3,GMM,BIC_Neff,2,0,-1,0.02217907481253474,0.01437990071323013
--S,0,0,1,28,3,HMM,BIC,9,0,6,0.006205879749129289,0.009978162274650643
--S,0,0,1,28,3,HMM,AIC,9,0,6,0.006205879749129289,0.009978162274650643
--S,0,0,1,28,3,HMM,ICL,8,0,5,0.0060508328483957746,0.009978162274650643
--S,0,0,1,28,3,K-Means,Gap (uniform),1,0,-2,0.0,0.01569269032458442
--S,0,0,1,28,3,K-Means,Prediction Strength,2,0,-1,0.021845101975571574,0.01569269032458442
--S,0,0,1,29,3,K-Means,Silhouette,8,0,5,0.008844669663560031,0.015063248555066657
--S,0,0,1,29,3,K-Means,Davies-Bouldin,9,0,6,0.009914194106614786,0.015063248555066657
--S,0,0,1,29,3,K-Means,Calinski-Harabasz,12,0,9,0.006542992926334521,0.015063248555066657
--S,0,0,1,29,3,GMM,BIC,3,1,0,0.011231815967932105,0.011231815967932105
--S,0,0,1,29,3,GMM,AIC,8,0,5,0.00951846226322321,0.011231815967932105
--S,0,0,1,29,3,GMM,ICL,8,0,5,0.00951846226322321,0.011231815967932105
--S,0,0,1,29,3,GMM,BIC_Neff,3,1,0,0.011231815967932105,0.011231815967932105
--S,0,0,1,29,3,HMM,BIC,9,0,6,0.006626610436754069,0.00018888452599170308
--S,0,0,1,29,3,HMM,AIC,11,0,8,0.005877297730414247,0.00018888452599170308
--S,0,0,1,29,3,HMM,ICL,6,0,3,0.006767258300473652,0.00018888452599170308
--S,0,0,1,29,3,K-Means,Gap (uniform),1,0,-2,0.0,0.015063248555066657
--S,0,0,1,29,3,K-Means,Prediction Strength,1,0,-2,0.0,0.015063248555066657
-K-,0,1,0,0,3,K-Means,Silhouette,2,0,-1,0.04567100828901629,0.07194647700327321
-K-,0,1,0,0,3,K-Means,Davies-Bouldin,12,0,9,0.0809245295109162,0.07194647700327321
-K-,0,1,0,0,3,K-Means,Calinski-Harabasz,12,0,9,0.0809245295109162,0.07194647700327321
-K-,0,1,0,0,3,GMM,BIC,5,0,2,0.12132942865197413,0.13162803117182223
-K-,0,1,0,0,3,GMM,AIC,12,0,9,0.07428974181237727,0.13162803117182223
-K-,0,1,0,0,3,GMM,ICL,6,0,3,0.11507747378745249,0.13162803117182223
-K-,0,1,0,0,3,GMM,BIC_Neff,12,0,9,0.07428974181237727,0.13162803117182223
-K-,0,1,0,0,3,HMM,BIC,4,0,1,0.12411646025973874,0.13296228655726242
-K-,0,1,0,0,3,HMM,AIC,5,0,2,0.10731015735890301,0.13296228655726242
-K-,0,1,0,0,3,HMM,ICL,2,0,-1,0.12223747498705637,0.13296228655726242
-K-,0,1,0,0,3,K-Means,Gap (uniform),1,0,-2,0.0,0.07194647700327321
-K-,0,1,0,0,3,K-Means,Prediction Strength,1,0,-2,0.0,0.07194647700327321
-K-,0,1,0,1,3,K-Means,Silhouette,2,0,-1,0.03448779918041864,0.09346443115642403
-K-,0,1,0,1,3,K-Means,Davies-Bouldin,5,0,2,0.10909594312276616,0.09346443115642403
-K-,0,1,0,1,3,K-Means,Calinski-Harabasz,12,0,9,0.06478772374687003,0.09346443115642403
-K-,0,1,0,1,3,GMM,BIC,9,0,6,0.07052610375376417,0.12534974790903092
-K-,0,1,0,1,3,GMM,AIC,11,0,8,0.06674964514032022,0.12534974790903092
-K-,0,1,0,1,3,GMM,ICL,5,0,2,0.10718634946068245,0.12534974790903092
-K-,0,1,0,1,3,GMM,BIC_Neff,9,0,6,0.07052610375376417,0.12534974790903092
-K-,0,1,0,1,3,HMM,BIC,5,0,2,0.0940859109698256,0.12389476592084639
-K-,0,1,0,1,3,HMM,AIC,7,0,4,0.07035360678566159,0.12389476592084639
-K-,0,1,0,1,3,HMM,ICL,2,0,-1,0.13261866036208048,0.12389476592084639
-K-,0,1,0,1,3,K-Means,Gap (uniform),1,0,-2,0.0,0.09346443115642403
-K-,0,1,0,1,3,K-Means,Prediction Strength,2,0,-1,0.03448779918041864,0.09346443115642403
-K-,0,1,0,2,3,K-Means,Silhouette,2,0,-1,0.04065213671215891,0.08467023346051983
-K-,0,1,0,2,3,K-Means,Davies-Bouldin,12,0,9,0.07902014493158362,0.08467023346051983
-K-,0,1,0,2,3,K-Means,Calinski-Harabasz,12,0,9,0.07902014493158362,0.08467023346051983
-K-,0,1,0,2,3,GMM,BIC,8,0,5,0.08560603993430303,0.1337023933074924
-K-,0,1,0,2,3,GMM,AIC,10,0,7,0.08041337713164955,0.1337023933074924
-K-,0,1,0,2,3,GMM,ICL,12,0,9,0.07847681159504605,0.1337023933074924
-K-,0,1,0,2,3,GMM,BIC_Neff,10,0,7,0.08041337713164955,0.1337023933074924
-K-,0,1,0,2,3,HMM,BIC,4,0,1,0.10811164416866928,0.12746068642708325
-K-,0,1,0,2,3,HMM,AIC,8,0,5,0.07393187477266712,0.12746068642708325
-K-,0,1,0,2,3,HMM,ICL,2,0,-1,0.12868430999162841,0.12746068642708325
-K-,0,1,0,2,3,K-Means,Gap (uniform),1,0,-2,0.0,0.08467023346051983
-K-,0,1,0,2,3,K-Means,Prediction Strength,3,1,0,0.08467023346051983,0.08467023346051983
-K-,0,1,0,3,3,K-Means,Silhouette,2,0,-1,0.061558034121534655,0.10980897692206665
-K-,0,1,0,3,3,K-Means,Davies-Bouldin,9,0,6,0.10247516855327479,0.10980897692206665
-K-,0,1,0,3,3,K-Means,Calinski-Harabasz,12,0,9,0.08432800563594978,0.10980897692206665
-K-,0,1,0,3,3,GMM,BIC,6,0,3,0.09883480557601243,0.13925167298751684
-K-,0,1,0,3,3,GMM,AIC,12,0,9,0.07207986814670016,0.13925167298751684
-K-,0,1,0,3,3,GMM,ICL,2,0,-1,0.12518703367577175,0.13925167298751684
-K-,0,1,0,3,3,GMM,BIC_Neff,11,0,8,0.07795300748923216,0.13925167298751684
-K-,0,1,0,3,3,HMM,BIC,4,0,1,0.11118785504992466,0.1231011436379581
-K-,0,1,0,3,3,HMM,AIC,5,0,2,0.10289443094093252,0.1231011436379581
-K-,0,1,0,3,3,HMM,ICL,2,0,-1,0.13539295798612833,0.1231011436379581
-K-,0,1,0,3,3,K-Means,Gap (uniform),1,0,-2,0.0,0.10980897692206665
-K-,0,1,0,3,3,K-Means,Prediction Strength,5,0,2,0.13190220554885645,0.10980897692206665
-K-,0,1,0,4,3,K-Means,Silhouette,2,0,-1,0.04612722115283115,0.07676451286212549
-K-,0,1,0,4,3,K-Means,Davies-Bouldin,9,0,6,0.07761406094002761,0.07676451286212549
-K-,0,1,0,4,3,K-Means,Calinski-Harabasz,12,0,9,0.06519284625326174,0.07676451286212549
-K-,0,1,0,4,3,GMM,BIC,9,0,6,0.06674456939754736,0.11230065677105566
-K-,0,1,0,4,3,GMM,AIC,12,0,9,0.05437268700127488,0.11230065677105566
-K-,0,1,0,4,3,GMM,ICL,6,0,3,0.08910971552778174,0.11230065677105566
-K-,0,1,0,4,3,GMM,BIC_Neff,10,0,7,0.06835424539006153,0.11230065677105566
-K-,0,1,0,4,3,HMM,BIC,4,0,1,0.09473476212458831,0.1120808341983997
-K-,0,1,0,4,3,HMM,AIC,8,0,5,0.05815065081507674,0.1120808341983997
-K-,0,1,0,4,3,HMM,ICL,2,0,-1,0.10924625827139686,0.1120808341983997
-K-,0,1,0,4,3,K-Means,Gap (uniform),1,0,-2,0.0,0.07676451286212549
-K-,0,1,0,4,3,K-Means,Prediction Strength,1,0,-2,0.0,0.07676451286212549
-K-,0,1,0,5,3,K-Means,Silhouette,2,0,-1,0.042025683233925776,0.09406912466133244
-K-,0,1,0,5,3,K-Means,Davies-Bouldin,10,0,7,0.1076716914503756,0.09406912466133244
-K-,0,1,0,5,3,K-Means,Calinski-Harabasz,12,0,9,0.09215251745199672,0.09406912466133244
-K-,0,1,0,5,3,GMM,BIC,8,0,5,0.10316347128900946,0.1462785775526337
-K-,0,1,0,5,3,GMM,AIC,11,0,8,0.07622635291815329,0.1462785775526337
-K-,0,1,0,5,3,GMM,ICL,6,0,3,0.13048648602012977,0.1462785775526337
-K-,0,1,0,5,3,GMM,BIC_Neff,11,0,8,0.07622635291815329,0.1462785775526337
-K-,0,1,0,5,3,HMM,BIC,5,0,2,0.1057899013655087,0.14863750789766875
-K-,0,1,0,5,3,HMM,AIC,6,0,3,0.09053524635047491,0.14863750789766875
-K-,0,1,0,5,3,HMM,ICL,3,1,0,0.14863750789766875,0.14863750789766875
-K-,0,1,0,5,3,K-Means,Gap (uniform),1,0,-2,0.0,0.09406912466133244
-K-,0,1,0,5,3,K-Means,Prediction Strength,1,0,-2,0.0,0.09406912466133244
-K-,0,1,0,6,3,K-Means,Silhouette,2,0,-1,0.04964322276948315,0.10034924200790518
-K-,0,1,0,6,3,K-Means,Davies-Bouldin,8,0,5,0.12549755676671107,0.10034924200790518
-K-,0,1,0,6,3,K-Means,Calinski-Harabasz,12,0,9,0.08434869883553495,0.10034924200790518
-K-,0,1,0,6,3,GMM,BIC,10,0,7,0.08581517189598219,0.16143855624956444
-K-,0,1,0,6,3,GMM,AIC,12,0,9,0.0788514716107178,0.16143855624956444
-K-,0,1,0,6,3,GMM,ICL,7,0,4,0.12779080539949528,0.16143855624956444
-K-,0,1,0,6,3,GMM,BIC_Neff,10,0,7,0.08581517189598219,0.16143855624956444
-K-,0,1,0,6,3,HMM,BIC,4,0,1,0.11491224605428807,0.1514238124234113
-K-,0,1,0,6,3,HMM,AIC,8,0,5,0.09030537125743082,0.1514238124234113
-K-,0,1,0,6,3,HMM,ICL,2,0,-1,0.14271007567015326,0.1514238124234113
-K-,0,1,0,6,3,K-Means,Gap (uniform),1,0,-2,0.0,0.10034924200790518
-K-,0,1,0,6,3,K-Means,Prediction Strength,1,0,-2,0.0,0.10034924200790518
-K-,0,1,0,7,3,K-Means,Silhouette,2,0,-1,0.04646038533757991,0.07941160063018986
-K-,0,1,0,7,3,K-Means,Davies-Bouldin,10,0,7,0.09920549276812904,0.07941160063018986
-K-,0,1,0,7,3,K-Means,Calinski-Harabasz,12,0,9,0.07440579911157921,0.07941160063018986
-K-,0,1,0,7,3,GMM,BIC,8,0,5,0.09872856324984046,0.13753022165244425
-K-,0,1,0,7,3,GMM,AIC,12,0,9,0.07439842234519169,0.13753022165244425
-K-,0,1,0,7,3,GMM,ICL,6,0,3,0.12556245112643669,0.13753022165244425
-K-,0,1,0,7,3,GMM,BIC_Neff,12,0,9,0.07439842234519169,0.13753022165244425
-K-,0,1,0,7,3,HMM,BIC,4,0,1,0.13472465999498762,0.1434530705934938
-K-,0,1,0,7,3,HMM,AIC,6,0,3,0.10741508526407813,0.1434530705934938
-K-,0,1,0,7,3,HMM,ICL,2,0,-1,0.1285261933647693,0.1434530705934938
-K-,0,1,0,7,3,K-Means,Gap (uniform),1,0,-2,0.0,0.07941160063018986
-K-,0,1,0,7,3,K-Means,Prediction Strength,5,0,2,0.1283182865640281,0.07941160063018986
-K-,0,1,0,8,3,K-Means,Silhouette,2,0,-1,0.05368679087864615,0.08448527409053064
-K-,0,1,0,8,3,K-Means,Davies-Bouldin,12,0,9,0.07649741507661265,0.08448527409053064
-K-,0,1,0,8,3,K-Means,Calinski-Harabasz,12,0,9,0.07649741507661265,0.08448527409053064
-K-,0,1,0,8,3,GMM,BIC,8,0,5,0.08613376751162055,0.1018078681225309
-K-,0,1,0,8,3,GMM,AIC,10,0,7,0.07689981067684255,0.1018078681225309
-K-,0,1,0,8,3,GMM,ICL,11,0,8,0.07502317205496463,0.1018078681225309
-K-,0,1,0,8,3,GMM,BIC_Neff,10,0,7,0.07689981067684255,0.1018078681225309
-K-,0,1,0,8,3,HMM,BIC,5,0,2,0.09166212195910985,0.12258618658448463
-K-,0,1,0,8,3,HMM,AIC,5,0,2,0.09166212195910985,0.12258618658448463
-K-,0,1,0,8,3,HMM,ICL,2,0,-1,0.11623239279052143,0.12258618658448463
-K-,0,1,0,8,3,K-Means,Gap (uniform),1,0,-2,0.0,0.08448527409053064
-K-,0,1,0,8,3,K-Means,Prediction Strength,4,0,1,0.09541885800861086,0.08448527409053064
-K-,0,1,0,9,3,K-Means,Silhouette,2,0,-1,0.030011640208438124,0.07523545111520599
-K-,0,1,0,9,3,K-Means,Davies-Bouldin,11,0,8,0.0903303816378875,0.07523545111520599
-K-,0,1,0,9,3,K-Means,Calinski-Harabasz,12,0,9,0.08303333454864742,0.07523545111520599
-K-,0,1,0,9,3,GMM,BIC,10,0,7,0.09047347458455779,0.1314040248331248
-K-,0,1,0,9,3,GMM,AIC,12,0,9,0.06952083625901312,0.1314040248331248
-K-,0,1,0,9,3,GMM,ICL,7,0,4,0.11019894005628333,0.1314040248331248
-K-,0,1,0,9,3,GMM,BIC_Neff,12,0,9,0.06952083625901312,0.1314040248331248
-K-,0,1,0,9,3,HMM,BIC,4,0,1,0.11495748344546661,0.11953272965750497
-K-,0,1,0,9,3,HMM,AIC,6,0,3,0.10445766697688856,0.11953272965750497
-K-,0,1,0,9,3,HMM,ICL,3,1,0,0.11953272965750497,0.11953272965750497
-K-,0,1,0,9,3,K-Means,Gap (uniform),1,0,-2,0.0,0.07523545111520599
-K-,0,1,0,9,3,K-Means,Prediction Strength,1,0,-2,0.0,0.07523545111520599
-K-,0,1,0,10,3,K-Means,Silhouette,2,0,-1,0.03733743908024203,0.0951649556125594
-K-,0,1,0,10,3,K-Means,Davies-Bouldin,9,0,6,0.0940168583267706,0.0951649556125594
-K-,0,1,0,10,3,K-Means,Calinski-Harabasz,12,0,9,0.06584265326055037,0.0951649556125594
-K-,0,1,0,10,3,GMM,BIC,8,0,5,0.08638918585979093,0.12997265052029458
-K-,0,1,0,10,3,GMM,AIC,11,0,8,0.06644987612301378,0.12997265052029458
-K-,0,1,0,10,3,GMM,ICL,7,0,4,0.0947919767243604,0.12997265052029458
-K-,0,1,0,10,3,GMM,BIC_Neff,11,0,8,0.06644987612301378,0.12997265052029458
-K-,0,1,0,10,3,HMM,BIC,4,0,1,0.11859728664569993,0.12698851886902904
-K-,0,1,0,10,3,HMM,AIC,6,0,3,0.09441043011911227,0.12698851886902904
-K-,0,1,0,10,3,HMM,ICL,2,0,-1,0.11162580735769355,0.12698851886902904
-K-,0,1,0,10,3,K-Means,Gap (uniform),1,0,-2,0.0,0.0951649556125594
-K-,0,1,0,10,3,K-Means,Prediction Strength,2,0,-1,0.03733743908024203,0.0951649556125594
-K-,0,1,0,11,3,K-Means,Silhouette,2,0,-1,0.053292024501202566,0.09313136510213806
-K-,0,1,0,11,3,K-Means,Davies-Bouldin,9,0,6,0.10084835870368983,0.09313136510213806
-K-,0,1,0,11,3,K-Means,Calinski-Harabasz,12,0,9,0.08648759992460774,0.09313136510213806
-K-,0,1,0,11,3,GMM,BIC,10,0,7,0.07991770999370099,0.13048871523523853
-K-,0,1,0,11,3,GMM,AIC,12,0,9,0.0658404091352287,0.13048871523523853
-K-,0,1,0,11,3,GMM,ICL,8,0,5,0.10430676792790274,0.13048871523523853
-K-,0,1,0,11,3,GMM,BIC_Neff,12,0,9,0.0658404091352287,0.13048871523523853
-K-,0,1,0,11,3,HMM,BIC,4,0,1,0.10800356271339805,0.11689958537142393
-K-,0,1,0,11,3,HMM,AIC,5,0,2,0.09858191777651278,0.11689958537142393
-K-,0,1,0,11,3,HMM,ICL,2,0,-1,0.11367811236997749,0.11689958537142393
-K-,0,1,0,11,3,K-Means,Gap (uniform),1,0,-2,0.0,0.09313136510213806
-K-,0,1,0,11,3,K-Means,Prediction Strength,4,0,1,0.11822458010259115,0.09313136510213806
-K-,0,1,0,12,3,K-Means,Silhouette,2,0,-1,0.028954757911905438,0.0724048867544791
-K-,0,1,0,12,3,K-Means,Davies-Bouldin,6,0,3,0.10943054692996605,0.0724048867544791
-K-,0,1,0,12,3,K-Means,Calinski-Harabasz,12,0,9,0.06431221149498106,0.0724048867544791
-K-,0,1,0,12,3,GMM,BIC,11,0,8,0.06575619162453707,0.1135631664418142
-K-,0,1,0,12,3,GMM,AIC,11,0,8,0.06575619162453707,0.1135631664418142
-K-,0,1,0,12,3,GMM,ICL,6,0,3,0.10520874008508484,0.1135631664418142
-K-,0,1,0,12,3,GMM,BIC_Neff,11,0,8,0.06575619162453707,0.1135631664418142
-K-,0,1,0,12,3,HMM,BIC,4,0,1,0.09386606179526123,0.12281880831561788
-K-,0,1,0,12,3,HMM,AIC,7,0,4,0.06761370664694254,0.12281880831561788
-K-,0,1,0,12,3,HMM,ICL,2,0,-1,0.09823158402731853,0.12281880831561788
-K-,0,1,0,12,3,K-Means,Gap (uniform),1,0,-2,0.0,0.0724048867544791
-K-,0,1,0,12,3,K-Means,Prediction Strength,3,1,0,0.0724048867544791,0.0724048867544791
-K-,0,1,0,13,3,K-Means,Silhouette,2,0,-1,0.05242170199907386,0.09960268193233558
-K-,0,1,0,13,3,K-Means,Davies-Bouldin,12,0,9,0.0965004587909231,0.09960268193233558
-K-,0,1,0,13,3,K-Means,Calinski-Harabasz,12,0,9,0.0965004587909231,0.09960268193233558
-K-,0,1,0,13,3,GMM,BIC,11,0,8,0.0768563384765159,0.14552575782287094
-K-,0,1,0,13,3,GMM,AIC,11,0,8,0.0768563384765159,0.14552575782287094
-K-,0,1,0,13,3,GMM,ICL,10,0,7,0.09665259521339549,0.14552575782287094
-K-,0,1,0,13,3,GMM,BIC_Neff,11,0,8,0.0768563384765159,0.14552575782287094
-K-,0,1,0,13,3,HMM,BIC,4,0,1,0.11467393186586163,0.12567282745825187
-K-,0,1,0,13,3,HMM,AIC,7,0,4,0.08990910431882984,0.12567282745825187
-K-,0,1,0,13,3,HMM,ICL,2,0,-1,0.12493730073022076,0.12567282745825187
-K-,0,1,0,13,3,K-Means,Gap (uniform),1,0,-2,0.0,0.09960268193233558
-K-,0,1,0,13,3,K-Means,Prediction Strength,5,0,2,0.13866259711981882,0.09960268193233558
-K-,0,1,0,14,3,K-Means,Silhouette,2,0,-1,0.04479136255526071,0.08172485687985404
-K-,0,1,0,14,3,K-Means,Davies-Bouldin,12,0,9,0.07274698926250665,0.08172485687985404
-K-,0,1,0,14,3,K-Means,Calinski-Harabasz,12,0,9,0.07274698926250665,0.08172485687985404
-K-,0,1,0,14,3,GMM,BIC,8,0,5,0.07569650887099151,0.11524689426286064
-K-,0,1,0,14,3,GMM,AIC,11,0,8,0.06735786151225606,0.11524689426286064
-K-,0,1,0,14,3,GMM,ICL,2,0,-1,0.10161415570456846,0.11524689426286064
-K-,0,1,0,14,3,GMM,BIC_Neff,8,0,5,0.07569650887099151,0.11524689426286064
-K-,0,1,0,14,3,HMM,BIC,4,0,1,0.10920551750339648,0.1237602902465948
-K-,0,1,0,14,3,HMM,AIC,7,0,4,0.06845326495859089,0.1237602902465948
-K-,0,1,0,14,3,HMM,ICL,2,0,-1,0.10927295437651928,0.1237602902465948
-K-,0,1,0,14,3,K-Means,Gap (uniform),1,0,-2,0.0,0.08172485687985404
-K-,0,1,0,14,3,K-Means,Prediction Strength,4,0,1,0.09611187484266398,0.08172485687985404
-K-,0,1,0,15,3,K-Means,Silhouette,2,0,-1,0.049204823196891366,0.09942080251883949
-K-,0,1,0,15,3,K-Means,Davies-Bouldin,9,0,6,0.10565760683591596,0.09942080251883949
-K-,0,1,0,15,3,K-Means,Calinski-Harabasz,12,0,9,0.0914447789050196,0.09942080251883949
-K-,0,1,0,15,3,GMM,BIC,8,0,5,0.09833910281505089,0.13880393423664958
-K-,0,1,0,15,3,GMM,AIC,12,0,9,0.07311228778438537,0.13880393423664958
-K-,0,1,0,15,3,GMM,ICL,8,0,5,0.09833910281505089,0.13880393423664958
-K-,0,1,0,15,3,GMM,BIC_Neff,8,0,5,0.09833910281505089,0.13880393423664958
-K-,0,1,0,15,3,HMM,BIC,4,0,1,0.11572243655049194,0.12759925172393646
-K-,0,1,0,15,3,HMM,AIC,5,0,2,0.10535017657704099,0.12759925172393646
-K-,0,1,0,15,3,HMM,ICL,2,0,-1,0.13905283317019929,0.12759925172393646
-K-,0,1,0,15,3,K-Means,Gap (uniform),1,0,-2,0.0,0.09942080251883949
-K-,0,1,0,15,3,K-Means,Prediction Strength,6,0,3,0.124806378530794,0.09942080251883949
-K-,0,1,0,16,3,K-Means,Silhouette,2,0,-1,0.05451248408702715,0.0954680194777802
-K-,0,1,0,16,3,K-Means,Davies-Bouldin,7,0,4,0.10733087192630872,0.0954680194777802
-K-,0,1,0,16,3,K-Means,Calinski-Harabasz,12,0,9,0.07612197490286941,0.0954680194777802
-K-,0,1,0,16,3,GMM,BIC,7,0,4,0.09588331796411635,0.12727615845718362
-K-,0,1,0,16,3,GMM,AIC,12,0,9,0.06714075793040354,0.12727615845718362
-K-,0,1,0,16,3,GMM,ICL,6,0,3,0.10736489644992167,0.12727615845718362
-K-,0,1,0,16,3,GMM,BIC_Neff,12,0,9,0.06714075793040354,0.12727615845718362
-K-,0,1,0,16,3,HMM,BIC,4,0,1,0.11680535166080423,0.131054428043796
-K-,0,1,0,16,3,HMM,AIC,6,0,3,0.09988529341975246,0.131054428043796
-K-,0,1,0,16,3,HMM,ICL,2,0,-1,0.13422051728053827,0.131054428043796
-K-,0,1,0,16,3,K-Means,Gap (uniform),1,0,-2,0.0,0.0954680194777802
-K-,0,1,0,16,3,K-Means,Prediction Strength,3,1,0,0.0954680194777802,0.0954680194777802
-K-,0,1,0,17,3,K-Means,Silhouette,2,0,-1,0.050197938730963544,0.08372784320767829
-K-,0,1,0,17,3,K-Means,Davies-Bouldin,7,0,4,0.13155744552315216,0.08372784320767829
-K-,0,1,0,17,3,K-Means,Calinski-Harabasz,12,0,9,0.07883402328302895,0.08372784320767829
-K-,0,1,0,17,3,GMM,BIC,10,0,7,0.07991405832441298,0.11114569012393546
-K-,0,1,0,17,3,GMM,AIC,10,0,7,0.07991405832441298,0.11114569012393546
-K-,0,1,0,17,3,GMM,ICL,10,0,7,0.07991405832441298,0.11114569012393546
-K-,0,1,0,17,3,GMM,BIC_Neff,10,0,7,0.07991405832441298,0.11114569012393546
-K-,0,1,0,17,3,HMM,BIC,5,0,2,0.09350240001710806,0.15290101826306987
-K-,0,1,0,17,3,HMM,AIC,6,0,3,0.09301835167521645,0.15290101826306987
-K-,0,1,0,17,3,HMM,ICL,2,0,-1,0.10910018306128348,0.15290101826306987
-K-,0,1,0,17,3,K-Means,Gap (uniform),1,0,-2,0.0,0.08372784320767829
-K-,0,1,0,17,3,K-Means,Prediction Strength,1,0,-2,0.0,0.08372784320767829
-K-,0,1,0,18,3,K-Means,Silhouette,2,0,-1,0.024221679362815232,0.06954316516959642
-K-,0,1,0,18,3,K-Means,Davies-Bouldin,12,0,9,0.09355801885777262,0.06954316516959642
-K-,0,1,0,18,3,K-Means,Calinski-Harabasz,12,0,9,0.09355801885777262,0.06954316516959642
-K-,0,1,0,18,3,GMM,BIC,9,0,6,0.08128367060862521,0.13751997957077358
-K-,0,1,0,18,3,GMM,AIC,10,0,7,0.07558847055711769,0.13751997957077358
-K-,0,1,0,18,3,GMM,ICL,9,0,6,0.08128367060862521,0.13751997957077358
-K-,0,1,0,18,3,GMM,BIC_Neff,10,0,7,0.07558847055711769,0.13751997957077358
-K-,0,1,0,18,3,HMM,BIC,6,0,3,0.08032140203563416,0.1384373166531756
-K-,0,1,0,18,3,HMM,AIC,6,0,3,0.08032140203563416,0.1384373166531756
-K-,0,1,0,18,3,HMM,ICL,2,0,-1,0.09496219533599698,0.1384373166531756
-K-,0,1,0,18,3,K-Means,Gap (uniform),1,0,-2,0.0,0.06954316516959642
-K-,0,1,0,18,3,K-Means,Prediction Strength,2,0,-1,0.024221679362815232,0.06954316516959642
-K-,0,1,0,19,3,K-Means,Silhouette,2,0,-1,0.032708361696145015,0.08028970301822033
-K-,0,1,0,19,3,K-Means,Davies-Bouldin,10,0,7,0.12476555355712969,0.08028970301822033
-K-,0,1,0,19,3,K-Means,Calinski-Harabasz,12,0,9,0.09916675948489831,0.08028970301822033
-K-,0,1,0,19,3,GMM,BIC,9,0,6,0.09891247619437495,0.15167012722677026
-K-,0,1,0,19,3,GMM,AIC,10,0,7,0.09503818947721812,0.15167012722677026
-K-,0,1,0,19,3,GMM,ICL,11,0,8,0.09093287469013209,0.15167012722677026
-K-,0,1,0,19,3,GMM,BIC_Neff,10,0,7,0.09503818947721812,0.15167012722677026
-K-,0,1,0,19,3,HMM,BIC,5,0,2,0.1238880760576301,0.15298775920608645
-K-,0,1,0,19,3,HMM,AIC,8,0,5,0.08866382619251856,0.15298775920608645
-K-,0,1,0,19,3,HMM,ICL,2,0,-1,0.11217446810120688,0.15298775920608645
-K-,0,1,0,19,3,K-Means,Gap (uniform),1,0,-2,0.0,0.08028970301822033
-K-,0,1,0,19,3,K-Means,Prediction Strength,3,1,0,0.08028970301822033,0.08028970301822033
-K-,0,1,0,20,3,K-Means,Silhouette,2,0,-1,0.047736651184074344,0.09927333072726179
-K-,0,1,0,20,3,K-Means,Davies-Bouldin,11,0,8,0.08714406826129442,0.09927333072726179
-K-,0,1,0,20,3,K-Means,Calinski-Harabasz,12,0,9,0.08648275810220984,0.09927333072726179
-K-,0,1,0,20,3,GMM,BIC,9,0,6,0.09153248027990006,0.141712499995307
-K-,0,1,0,20,3,GMM,AIC,12,0,9,0.07557592926861037,0.141712499995307
-K-,0,1,0,20,3,GMM,ICL,5,0,2,0.1305597824522675,0.141712499995307
-K-,0,1,0,20,3,GMM,BIC_Neff,9,0,6,0.09153248027990006,0.141712499995307
-K-,0,1,0,20,3,HMM,BIC,5,0,2,0.10785849107838473,0.1426878853976376
-K-,0,1,0,20,3,HMM,AIC,5,0,2,0.10785849107838473,0.1426878853976376
-K-,0,1,0,20,3,HMM,ICL,2,0,-1,0.14155648880414767,0.1426878853976376
-K-,0,1,0,20,3,K-Means,Gap (uniform),1,0,-2,0.0,0.09927333072726179
-K-,0,1,0,20,3,K-Means,Prediction Strength,3,1,0,0.09927333072726179,0.09927333072726179
-K-,0,1,0,21,3,K-Means,Silhouette,2,0,-1,0.04523562567749063,0.11472632679642597
-K-,0,1,0,21,3,K-Means,Davies-Bouldin,12,0,9,0.07558669583991547,0.11472632679642597
-K-,0,1,0,21,3,K-Means,Calinski-Harabasz,12,0,9,0.07558669583991547,0.11472632679642597
-K-,0,1,0,21,3,GMM,BIC,11,0,8,0.07819687581789331,0.14971356060432506
-K-,0,1,0,21,3,GMM,AIC,11,0,8,0.07819687581789331,0.14971356060432506
-K-,0,1,0,21,3,GMM,ICL,4,0,1,0.14624658437546845,0.14971356060432506
-K-,0,1,0,21,3,GMM,BIC_Neff,11,0,8,0.07819687581789331,0.14971356060432506
-K-,0,1,0,21,3,HMM,BIC,5,0,2,0.11229846969409825,0.13864628290555864
-K-,0,1,0,21,3,HMM,AIC,5,0,2,0.11229846969409825,0.13864628290555864
-K-,0,1,0,21,3,HMM,ICL,2,0,-1,0.13727855414658544,0.13864628290555864
-K-,0,1,0,21,3,K-Means,Gap (uniform),1,0,-2,0.0,0.11472632679642597
-K-,0,1,0,21,3,K-Means,Prediction Strength,1,0,-2,0.0,0.11472632679642597
-K-,0,1,0,22,3,K-Means,Silhouette,2,0,-1,0.05693009724014925,0.09464882934576895
-K-,0,1,0,22,3,K-Means,Davies-Bouldin,6,0,3,0.11187814160330538,0.09464882934576895
-K-,0,1,0,22,3,K-Means,Calinski-Harabasz,12,0,9,0.07395245506038566,0.09464882934576895
-K-,0,1,0,22,3,GMM,BIC,8,0,5,0.09059270025309396,0.14064727209923225
-K-,0,1,0,22,3,GMM,AIC,12,0,9,0.06599330595514755,0.14064727209923225
-K-,0,1,0,22,3,GMM,ICL,6,0,3,0.1115702346256982,0.14064727209923225
-K-,0,1,0,22,3,GMM,BIC_Neff,9,0,6,0.07995713868508146,0.14064727209923225
-K-,0,1,0,22,3,HMM,BIC,5,0,2,0.09347919098806026,0.12696555581758237
-K-,0,1,0,22,3,HMM,AIC,6,0,3,0.08477835762684442,0.12696555581758237
-K-,0,1,0,22,3,HMM,ICL,2,0,-1,0.1453614557082986,0.12696555581758237
-K-,0,1,0,22,3,K-Means,Gap (uniform),1,0,-2,0.0,0.09464882934576895
-K-,0,1,0,22,3,K-Means,Prediction Strength,2,0,-1,0.05693009724014925,0.09464882934576895
-K-,0,1,0,23,3,K-Means,Silhouette,2,0,-1,0.06653403108120874,0.12643076409132875
-K-,0,1,0,23,3,K-Means,Davies-Bouldin,9,0,6,0.0984092057686212,0.12643076409132875
-K-,0,1,0,23,3,K-Means,Calinski-Harabasz,12,0,9,0.0886085680869766,0.12643076409132875
-K-,0,1,0,23,3,GMM,BIC,6,0,3,0.09929278269961937,0.1445580682728369
-K-,0,1,0,23,3,GMM,AIC,12,0,9,0.0772763964312514,0.1445580682728369
-K-,0,1,0,23,3,GMM,ICL,4,0,1,0.14074825743177216,0.1445580682728369
-K-,0,1,0,23,3,GMM,BIC_Neff,10,0,7,0.08326042703681874,0.1445580682728369
-K-,0,1,0,23,3,HMM,BIC,5,0,2,0.10670343335599816,0.15475198936930704
-K-,0,1,0,23,3,HMM,AIC,7,0,4,0.08983404212512713,0.15475198936930704
-K-,0,1,0,23,3,HMM,ICL,2,0,-1,0.1579161553079916,0.15475198936930704
-K-,0,1,0,23,3,K-Means,Gap (uniform),1,0,-2,0.0,0.12643076409132875
-K-,0,1,0,23,3,K-Means,Prediction Strength,5,0,2,0.14246423190898216,0.12643076409132875
-K-,0,1,0,24,3,K-Means,Silhouette,2,0,-1,0.06270255481670448,0.11823911692892698
-K-,0,1,0,24,3,K-Means,Davies-Bouldin,9,0,6,0.11611251025265494,0.11823911692892698
-K-,0,1,0,24,3,K-Means,Calinski-Harabasz,12,0,9,0.09439952104560675,0.11823911692892698
-K-,0,1,0,24,3,GMM,BIC,6,0,3,0.11609613696848178,0.16857782833426813
-K-,0,1,0,24,3,GMM,AIC,12,0,9,0.07432361563409978,0.16857782833426813
-K-,0,1,0,24,3,GMM,ICL,9,0,6,0.11559153833688066,0.16857782833426813
-K-,0,1,0,24,3,GMM,BIC_Neff,12,0,9,0.07432361563409978,0.16857782833426813
-K-,0,1,0,24,3,HMM,BIC,5,0,2,0.09833293540897291,0.14122054119866706
-K-,0,1,0,24,3,HMM,AIC,8,0,5,0.07744594808275052,0.14122054119866706
-K-,0,1,0,24,3,HMM,ICL,2,0,-1,0.1566850936782104,0.14122054119866706
-K-,0,1,0,24,3,K-Means,Gap (uniform),1,0,-2,0.0,0.11823911692892698
-K-,0,1,0,24,3,K-Means,Prediction Strength,5,0,2,0.1515887055025192,0.11823911692892698
-K-,0,1,0,25,3,K-Means,Silhouette,2,0,-1,0.039524380777993424,0.07501034502518776
-K-,0,1,0,25,3,K-Means,Davies-Bouldin,11,0,8,0.07538115727250705,0.07501034502518776
-K-,0,1,0,25,3,K-Means,Calinski-Harabasz,12,0,9,0.061594683513892294,0.07501034502518776
-K-,0,1,0,25,3,GMM,BIC,9,0,6,0.06613208163782675,0.12237144219621778
-K-,0,1,0,25,3,GMM,AIC,12,0,9,0.057921578461282174,0.12237144219621778
-K-,0,1,0,25,3,GMM,ICL,7,0,4,0.08947047185951247,0.12237144219621778
-K-,0,1,0,25,3,GMM,BIC_Neff,12,0,9,0.057921578461282174,0.12237144219621778
-K-,0,1,0,25,3,HMM,BIC,5,0,2,0.08434824529625756,0.11032335631660553
-K-,0,1,0,25,3,HMM,AIC,5,0,2,0.08434824529625756,0.11032335631660553
-K-,0,1,0,25,3,HMM,ICL,2,0,-1,0.116564182835197,0.11032335631660553
-K-,0,1,0,25,3,K-Means,Gap (uniform),1,0,-2,0.0,0.07501034502518776
-K-,0,1,0,25,3,K-Means,Prediction Strength,6,0,3,0.10110489148071795,0.07501034502518776
-K-,0,1,0,26,3,K-Means,Silhouette,2,0,-1,0.03993633939730119,0.08953054016227495
-K-,0,1,0,26,3,K-Means,Davies-Bouldin,10,0,7,0.09568716102668696,0.08953054016227495
-K-,0,1,0,26,3,K-Means,Calinski-Harabasz,12,0,9,0.07535305331992244,0.08953054016227495
-K-,0,1,0,26,3,GMM,BIC,9,0,6,0.08065574180740856,0.12259608598008583
-K-,0,1,0,26,3,GMM,AIC,9,0,6,0.08065574180740856,0.12259608598008583
-K-,0,1,0,26,3,GMM,ICL,6,0,3,0.11331475356820851,0.12259608598008583
-K-,0,1,0,26,3,GMM,BIC_Neff,9,0,6,0.08065574180740856,0.12259608598008583
-K-,0,1,0,26,3,HMM,BIC,4,0,1,0.10701155393423292,0.1389299726165514
-K-,0,1,0,26,3,HMM,AIC,7,0,4,0.07790843166895942,0.1389299726165514
-K-,0,1,0,26,3,HMM,ICL,2,0,-1,0.11748026011572034,0.1389299726165514
-K-,0,1,0,26,3,K-Means,Gap (uniform),1,0,-2,0.0,0.08953054016227495
-K-,0,1,0,26,3,K-Means,Prediction Strength,3,1,0,0.08953054016227495,0.08953054016227495
-K-,0,1,0,27,3,K-Means,Silhouette,2,0,-1,0.03352949908859452,0.0809426388304003
-K-,0,1,0,27,3,K-Means,Davies-Bouldin,10,0,7,0.1100461114099414,0.0809426388304003
-K-,0,1,0,27,3,K-Means,Calinski-Harabasz,12,0,9,0.08797854675897504,0.0809426388304003
-K-,0,1,0,27,3,GMM,BIC,6,0,3,0.12423756700618492,0.15203672813939023
-K-,0,1,0,27,3,GMM,AIC,12,0,9,0.08092344726766323,0.15203672813939023
-K-,0,1,0,27,3,GMM,ICL,7,0,4,0.11925319656053632,0.15203672813939023
-K-,0,1,0,27,3,GMM,BIC_Neff,12,0,9,0.08092344726766323,0.15203672813939023
-K-,0,1,0,27,3,HMM,BIC,4,0,1,0.13015061611732448,0.14791886331652826
-K-,0,1,0,27,3,HMM,AIC,6,0,3,0.10233026193536293,0.14791886331652826
-K-,0,1,0,27,3,HMM,ICL,3,1,0,0.14791886331652826,0.14791886331652826
-K-,0,1,0,27,3,K-Means,Gap (uniform),1,0,-2,0.0,0.0809426388304003
-K-,0,1,0,27,3,K-Means,Prediction Strength,4,0,1,0.1313738410061292,0.0809426388304003
-K-,0,1,0,28,3,K-Means,Silhouette,2,0,-1,0.04310876914968158,0.06253707170595854
-K-,0,1,0,28,3,K-Means,Davies-Bouldin,8,0,5,0.09853127091134282,0.06253707170595854
-K-,0,1,0,28,3,K-Means,Calinski-Harabasz,12,0,9,0.07443950267096354,0.06253707170595854
-K-,0,1,0,28,3,GMM,BIC,11,0,8,0.06448795209243134,0.14348509384695243
-K-,0,1,0,28,3,GMM,AIC,11,0,8,0.06448795209243134,0.14348509384695243
-K-,0,1,0,28,3,GMM,ICL,8,0,5,0.09122740730355136,0.14348509384695243
-K-,0,1,0,28,3,GMM,BIC_Neff,11,0,8,0.06448795209243134,0.14348509384695243
-K-,0,1,0,28,3,HMM,BIC,4,0,1,0.11516949532651036,0.12437304172845741
-K-,0,1,0,28,3,HMM,AIC,7,0,4,0.08279283105953951,0.12437304172845741
-K-,0,1,0,28,3,HMM,ICL,2,0,-1,0.10615613172335245,0.12437304172845741
-K-,0,1,0,28,3,K-Means,Gap (uniform),1,0,-2,0.0,0.06253707170595854
-K-,0,1,0,28,3,K-Means,Prediction Strength,1,0,-2,0.0,0.06253707170595854
-K-,0,1,0,29,3,K-Means,Silhouette,2,0,-1,0.05586637125244036,0.10466219787566756
-K-,0,1,0,29,3,K-Means,Davies-Bouldin,9,0,6,0.10982262826047408,0.10466219787566756
-K-,0,1,0,29,3,K-Means,Calinski-Harabasz,12,0,9,0.08836278918159854,0.10466219787566756
-K-,0,1,0,29,3,GMM,BIC,8,0,5,0.10448581961359484,0.15253790274231216
-K-,0,1,0,29,3,GMM,AIC,12,0,9,0.08253293331030451,0.15253790274231216
-K-,0,1,0,29,3,GMM,ICL,8,0,5,0.10448581961359484,0.15253790274231216
-K-,0,1,0,29,3,GMM,BIC_Neff,10,0,7,0.09082340182760708,0.15253790274231216
-K-,0,1,0,29,3,HMM,BIC,4,0,1,0.13083788214834305,0.15387140576982805
-K-,0,1,0,29,3,HMM,AIC,8,0,5,0.07324132724525913,0.15387140576982805
-K-,0,1,0,29,3,HMM,ICL,2,0,-1,0.13897862071268288,0.15387140576982805
-K-,0,1,0,29,3,K-Means,Gap (uniform),1,0,-2,0.0,0.10466219787566756
-K-,0,1,0,29,3,K-Means,Prediction Strength,5,0,2,0.13928351219913257,0.10466219787566756
-KS,0,1,1,0,3,K-Means,Silhouette,2,0,-1,-0.0001298937888603436,0.0005251487358087143
-KS,0,1,1,0,3,K-Means,Davies-Bouldin,9,0,6,-7.791883569917172e-05,0.0005251487358087143
-KS,0,1,1,0,3,K-Means,Calinski-Harabasz,12,0,9,-0.000256052480457495,0.0005251487358087143
-KS,0,1,1,0,3,GMM,BIC,2,0,-1,0.000550677809765781,0.000488565258258033
-KS,0,1,1,0,3,GMM,AIC,3,1,0,0.000488565258258033,0.000488565258258033
-KS,0,1,1,0,3,GMM,ICL,2,0,-1,0.000550677809765781,0.000488565258258033
-KS,0,1,1,0,3,GMM,BIC_Neff,2,0,-1,0.000550677809765781,0.000488565258258033
-KS,0,1,1,0,3,HMM,BIC,7,0,4,-2.3463488250191394e-06,-0.0006619969508292085
-KS,0,1,1,0,3,HMM,AIC,12,0,9,-0.0004525551343452943,-0.0006619969508292085
-KS,0,1,1,0,3,HMM,ICL,7,0,4,-2.3463488250191394e-06,-0.0006619969508292085
-KS,0,1,1,0,3,K-Means,Gap (uniform),1,0,-2,0.0,0.0005251487358087143
-KS,0,1,1,0,3,K-Means,Prediction Strength,2,0,-1,-0.0001298937888603436,0.0005251487358087143
-KS,0,1,1,1,3,K-Means,Silhouette,2,0,-1,0.0072046406529543095,0.00403907703992683
-KS,0,1,1,1,3,K-Means,Davies-Bouldin,11,0,8,0.002804329959488747,0.00403907703992683
-KS,0,1,1,1,3,K-Means,Calinski-Harabasz,12,0,9,0.002735235256137273,0.00403907703992683
-KS,0,1,1,1,3,GMM,BIC,2,0,-1,0.004324778988631732,0.0037583325137849513
-KS,0,1,1,1,3,GMM,AIC,9,0,6,0.0023540006028202956,0.0037583325137849513
-KS,0,1,1,1,3,GMM,ICL,2,0,-1,0.004324778988631732,0.0037583325137849513
-KS,0,1,1,1,3,GMM,BIC_Neff,2,0,-1,0.004324778988631732,0.0037583325137849513
-KS,0,1,1,1,3,HMM,BIC,7,0,4,0.0019314874415482283,0.002540920112453471
-KS,0,1,1,1,3,HMM,AIC,12,0,9,0.0021399395012273994,0.002540920112453471
-KS,0,1,1,1,3,HMM,ICL,5,0,2,0.0019616841894178243,0.002540920112453471
-KS,0,1,1,1,3,K-Means,Gap (uniform),1,0,-2,0.0,0.00403907703992683
-KS,0,1,1,1,3,K-Means,Prediction Strength,6,0,3,0.0034727726886455415,0.00403907703992683
-KS,0,1,1,2,3,K-Means,Silhouette,2,0,-1,0.003310486548438231,0.003596817717056198
-KS,0,1,1,2,3,K-Means,Davies-Bouldin,12,0,9,0.0016626823142595675,0.003596817717056198
-KS,0,1,1,2,3,K-Means,Calinski-Harabasz,12,0,9,0.0016626823142595675,0.003596817717056198
-KS,0,1,1,2,3,GMM,BIC,2,0,-1,0.002721828911465291,0.002400350948921771
-KS,0,1,1,2,3,GMM,AIC,2,0,-1,0.002721828911465291,0.002400350948921771
-KS,0,1,1,2,3,GMM,ICL,2,0,-1,0.002721828911465291,0.002400350948921771
-KS,0,1,1,2,3,GMM,BIC_Neff,2,0,-1,0.002721828911465291,0.002400350948921771
-KS,0,1,1,2,3,HMM,BIC,7,0,4,0.0019945983680460886,0.002101613931057493
-KS,0,1,1,2,3,HMM,AIC,10,0,7,0.0010373085559165654,0.002101613931057493
-KS,0,1,1,2,3,HMM,ICL,7,0,4,0.0019945983680460886,0.002101613931057493
-KS,0,1,1,2,3,K-Means,Gap (uniform),1,0,-2,0.0,0.003596817717056198
-KS,0,1,1,2,3,K-Means,Prediction Strength,2,0,-1,0.003310486548438231,0.003596817717056198
-KS,0,1,1,3,3,K-Means,Silhouette,2,0,-1,0.0023150196509907407,0.0029490810523144857
-KS,0,1,1,3,3,K-Means,Davies-Bouldin,10,0,7,0.0016384325039123535,0.0029490810523144857
-KS,0,1,1,3,3,K-Means,Calinski-Harabasz,12,0,9,0.0015008438838511992,0.0029490810523144857
-KS,0,1,1,3,3,GMM,BIC,3,1,0,0.0027003676074144308,0.0027003676074144308
-KS,0,1,1,3,3,GMM,AIC,3,1,0,0.0027003676074144308,0.0027003676074144308
-KS,0,1,1,3,3,GMM,ICL,2,0,-1,0.005301147551499481,0.0027003676074144308
-KS,0,1,1,3,3,GMM,BIC_Neff,3,1,0,0.0027003676074144308,0.0027003676074144308
-KS,0,1,1,3,3,HMM,BIC,9,0,6,0.0019493837897267986,0.0027641021667299663
-KS,0,1,1,3,3,HMM,AIC,12,0,9,0.00137430031062239,0.0027641021667299663
-KS,0,1,1,3,3,HMM,ICL,9,0,6,0.0019493837897267986,0.0027641021667299663
-KS,0,1,1,3,3,K-Means,Gap (uniform),1,0,-2,0.0,0.0029490810523144857
-KS,0,1,1,3,3,K-Means,Prediction Strength,4,0,1,0.002589067054811821,0.0029490810523144857
-KS,0,1,1,4,3,K-Means,Silhouette,2,0,-1,0.0019128993863387037,0.0016639966667975278
-KS,0,1,1,4,3,K-Means,Davies-Bouldin,9,0,6,0.0004940152028753031,0.0016639966667975278
-KS,0,1,1,4,3,K-Means,Calinski-Harabasz,12,0,9,0.00026942027254739555,0.0016639966667975278
-KS,0,1,1,4,3,GMM,BIC,2,0,-1,0.0020818816992902995,0.0019029119314610923
-KS,0,1,1,4,3,GMM,AIC,10,0,7,0.00043800336959217876,0.0019029119314610923
-KS,0,1,1,4,3,GMM,ICL,11,0,8,0.00042804902434372556,0.0019029119314610923
-KS,0,1,1,4,3,GMM,BIC_Neff,2,0,-1,0.0020818816992902995,0.0019029119314610923
-KS,0,1,1,4,3,HMM,BIC,9,0,6,0.0008650629731796633,0.0009921417833585126
-KS,0,1,1,4,3,HMM,AIC,12,0,9,0.0021823210657838416,0.0009921417833585126
-KS,0,1,1,4,3,HMM,ICL,5,0,2,0.001046842087059799,0.0009921417833585126
-KS,0,1,1,4,3,K-Means,Gap (uniform),1,0,-2,0.0,0.0016639966667975278
-KS,0,1,1,4,3,K-Means,Prediction Strength,1,0,-2,0.0,0.0016639966667975278
-KS,0,1,1,5,3,K-Means,Silhouette,2,0,-1,0.003255956748852133,-0.00015897818332664387
-KS,0,1,1,5,3,K-Means,Davies-Bouldin,12,0,9,0.0016262975713766193,-0.00015897818332664387
-KS,0,1,1,5,3,K-Means,Calinski-Harabasz,12,0,9,0.0016262975713766193,-0.00015897818332664387
-KS,0,1,1,5,3,GMM,BIC,4,0,1,0.002662923293812339,-0.0002517967547624108
-KS,0,1,1,5,3,GMM,AIC,7,0,4,0.0011966472586077677,-0.0002517967547624108
-KS,0,1,1,5,3,GMM,ICL,3,1,0,-0.0002517967547624108,-0.0002517967547624108
-KS,0,1,1,5,3,GMM,BIC_Neff,4,0,1,0.002662923293812339,-0.0002517967547624108
-KS,0,1,1,5,3,HMM,BIC,10,0,7,0.0015389924853099516,0.002127826104211202
-KS,0,1,1,5,3,HMM,AIC,11,0,8,0.0011860018947567135,0.002127826104211202
-KS,0,1,1,5,3,HMM,ICL,6,0,3,0.00110063706286993,0.002127826104211202
-KS,0,1,1,5,3,K-Means,Gap (uniform),1,0,-2,0.0,-0.00015897818332664387
-KS,0,1,1,5,3,K-Means,Prediction Strength,1,0,-2,0.0,-0.00015897818332664387
-KS,0,1,1,6,3,K-Means,Silhouette,2,0,-1,0.005068376633001402,0.0038481220298298186
-KS,0,1,1,6,3,K-Means,Davies-Bouldin,8,0,5,0.0034608318386381686,0.0038481220298298186
-KS,0,1,1,6,3,K-Means,Calinski-Harabasz,12,0,9,0.002014977995172297,0.0038481220298298186
-KS,0,1,1,6,3,GMM,BIC,3,1,0,0.004563610087936859,0.004563610087936859
-KS,0,1,1,6,3,GMM,AIC,8,0,5,0.0032542203523300227,0.004563610087936859
-KS,0,1,1,6,3,GMM,ICL,8,0,5,0.0032542203523300227,0.004563610087936859
-KS,0,1,1,6,3,GMM,BIC_Neff,3,1,0,0.004563610087936859,0.004563610087936859
-KS,0,1,1,6,3,HMM,BIC,9,0,6,0.001502990834186141,0.002928137060847431
-KS,0,1,1,6,3,HMM,AIC,9,0,6,0.001502990834186141,0.002928137060847431
-KS,0,1,1,6,3,HMM,ICL,9,0,6,0.001502990834186141,0.002928137060847431
-KS,0,1,1,6,3,K-Means,Gap (uniform),1,0,-2,0.0,0.0038481220298298186
-KS,0,1,1,6,3,K-Means,Prediction Strength,1,0,-2,0.0,0.0038481220298298186
-KS,0,1,1,7,3,K-Means,Silhouette,2,0,-1,0.002257978736106284,0.003029030843249023
-KS,0,1,1,7,3,K-Means,Davies-Bouldin,12,0,9,0.0002847416730352607,0.003029030843249023
-KS,0,1,1,7,3,K-Means,Calinski-Harabasz,12,0,9,0.0002847416730352607,0.003029030843249023
-KS,0,1,1,7,3,GMM,BIC,4,0,1,0.0016712677261732818,0.0024862771751648347
-KS,0,1,1,7,3,GMM,AIC,7,0,4,0.001189919605589709,0.0024862771751648347
-KS,0,1,1,7,3,GMM,ICL,2,0,-1,0.0032669313081584686,0.0024862771751648347
-KS,0,1,1,7,3,GMM,BIC_Neff,4,0,1,0.0016712677261732818,0.0024862771751648347
-KS,0,1,1,7,3,HMM,BIC,10,0,7,0.0003407081478129342,0.00041582717463383036
-KS,0,1,1,7,3,HMM,AIC,11,0,8,0.000565386283463864,0.00041582717463383036
-KS,0,1,1,7,3,HMM,ICL,10,0,7,0.0003407081478129342,0.00041582717463383036
-KS,0,1,1,7,3,K-Means,Gap (uniform),1,0,-2,0.0,0.003029030843249023
-KS,0,1,1,7,3,K-Means,Prediction Strength,1,0,-2,0.0,0.003029030843249023
-KS,0,1,1,8,3,K-Means,Silhouette,2,0,-1,0.002822404906200063,0.0024022845651186556
-KS,0,1,1,8,3,K-Means,Davies-Bouldin,5,0,2,0.0015907551575471246,0.0024022845651186556
-KS,0,1,1,8,3,K-Means,Calinski-Harabasz,12,0,9,0.0007070940166787854,0.0024022845651186556
-KS,0,1,1,8,3,GMM,BIC,2,0,-1,0.00275435094237196,0.0014941804868422734
-KS,0,1,1,8,3,GMM,AIC,5,0,2,0.0013432433384223275,0.0014941804868422734
-KS,0,1,1,8,3,GMM,ICL,2,0,-1,0.00275435094237196,0.0014941804868422734
-KS,0,1,1,8,3,GMM,BIC_Neff,2,0,-1,0.00275435094237196,0.0014941804868422734
-KS,0,1,1,8,3,HMM,BIC,7,0,4,0.0003233242475112026,0.0011765277302395107
-KS,0,1,1,8,3,HMM,AIC,11,0,8,0.00045819609728310693,0.0011765277302395107
-KS,0,1,1,8,3,HMM,ICL,7,0,4,0.0003233242475112026,0.0011765277302395107
-KS,0,1,1,8,3,K-Means,Gap (uniform),1,0,-2,0.0,0.0024022845651186556
-KS,0,1,1,8,3,K-Means,Prediction Strength,5,0,2,0.0015907551575471246,0.0024022845651186556
-KS,0,1,1,9,3,K-Means,Silhouette,2,0,-1,0.0008970008265620727,0.0019000049205194608
-KS,0,1,1,9,3,K-Means,Davies-Bouldin,12,0,9,4.846361398483944e-06,0.0019000049205194608
-KS,0,1,1,9,3,K-Means,Calinski-Harabasz,12,0,9,4.846361398483944e-06,0.0019000049205194608
-KS,0,1,1,9,3,GMM,BIC,2,0,-1,0.0017710081767365864,0.0016252599650639743
-KS,0,1,1,9,3,GMM,AIC,8,0,5,0.00026457901589882287,0.0016252599650639743
-KS,0,1,1,9,3,GMM,ICL,3,1,0,0.0016252599650639743,0.0016252599650639743
-KS,0,1,1,9,3,GMM,BIC_Neff,2,0,-1,0.0017710081767365864,0.0016252599650639743
-KS,0,1,1,9,3,HMM,BIC,8,0,5,0.00010260218019640086,-0.0002557585585737214
-KS,0,1,1,9,3,HMM,AIC,12,0,9,0.0003023524099875562,-0.0002557585585737214
-KS,0,1,1,9,3,HMM,ICL,8,0,5,0.00010260218019640086,-0.0002557585585737214
-KS,0,1,1,9,3,K-Means,Gap (uniform),1,0,-2,0.0,0.0019000049205194608
-KS,0,1,1,9,3,K-Means,Prediction Strength,1,0,-2,0.0,0.0019000049205194608
-KS,0,1,1,10,3,K-Means,Silhouette,2,0,-1,0.003483346619081005,0.002690708077755828
-KS,0,1,1,10,3,K-Means,Davies-Bouldin,11,0,8,0.0008098206461031261,0.002690708077755828
-KS,0,1,1,10,3,K-Means,Calinski-Harabasz,12,0,9,0.0013306843355289626,0.002690708077755828
-KS,0,1,1,10,3,GMM,BIC,2,0,-1,0.00280761718079776,0.0028723129257057444
-KS,0,1,1,10,3,GMM,AIC,4,0,1,0.001391928854769294,0.0028723129257057444
-KS,0,1,1,10,3,GMM,ICL,2,0,-1,0.00280761718079776,0.0028723129257057444
-KS,0,1,1,10,3,GMM,BIC_Neff,4,0,1,0.001391928854769294,0.0028723129257057444
-KS,0,1,1,10,3,HMM,BIC,7,0,4,0.0009032087693143452,0.0007696161764583443
-KS,0,1,1,10,3,HMM,AIC,12,0,9,0.0006020278156558839,0.0007696161764583443
-KS,0,1,1,10,3,HMM,ICL,7,0,4,0.0009032087693143452,0.0007696161764583443
-KS,0,1,1,10,3,K-Means,Gap (uniform),1,0,-2,0.0,0.002690708077755828
-KS,0,1,1,10,3,K-Means,Prediction Strength,2,0,-1,0.003483346619081005,0.002690708077755828
-KS,0,1,1,11,3,K-Means,Silhouette,2,0,-1,0.0036279953078216846,0.003935444980208427
-KS,0,1,1,11,3,K-Means,Davies-Bouldin,10,0,7,0.001901167995490554,0.003935444980208427
-KS,0,1,1,11,3,K-Means,Calinski-Harabasz,12,0,9,0.0016573077973021943,0.003935444980208427
-KS,0,1,1,11,3,GMM,BIC,2,0,-1,0.002180113118197635,0.00438173706759433
-KS,0,1,1,11,3,GMM,AIC,9,0,6,0.002224505605000687,0.00438173706759433
-KS,0,1,1,11,3,GMM,ICL,2,0,-1,0.002180113118197635,0.00438173706759433
-KS,0,1,1,11,3,GMM,BIC_Neff,2,0,-1,0.002180113118197635,0.00438173706759433
-KS,0,1,1,11,3,HMM,BIC,8,0,5,0.0016091740410279017,0.008662114369786762
-KS,0,1,1,11,3,HMM,AIC,11,0,8,0.0019953958878197995,0.008662114369786762
-KS,0,1,1,11,3,HMM,ICL,8,0,5,0.0016091740410279017,0.008662114369786762
-KS,0,1,1,11,3,K-Means,Gap (uniform),1,0,-2,0.0,0.003935444980208427
-KS,0,1,1,11,3,K-Means,Prediction Strength,1,0,-2,0.0,0.003935444980208427
-KS,0,1,1,12,3,K-Means,Silhouette,2,0,-1,0.004932053374046941,0.0034692680290282336
-KS,0,1,1,12,3,K-Means,Davies-Bouldin,7,0,4,0.0010796955165955852,0.0034692680290282336
-KS,0,1,1,12,3,K-Means,Calinski-Harabasz,12,0,9,0.0009939082744192856,0.0034692680290282336
-KS,0,1,1,12,3,GMM,BIC,3,1,0,0.004121199470188217,0.004121199470188217
-KS,0,1,1,12,3,GMM,AIC,8,0,5,0.0013580863021503435,0.004121199470188217
-KS,0,1,1,12,3,GMM,ICL,8,0,5,0.0013580863021503435,0.004121199470188217
-KS,0,1,1,12,3,GMM,BIC_Neff,7,0,4,0.0013097756877507643,0.004121199470188217
-KS,0,1,1,12,3,HMM,BIC,8,0,5,0.00038114622266078707,0.0009390714099730567
-KS,0,1,1,12,3,HMM,AIC,12,0,9,0.001180933868844955,0.0009390714099730567
-KS,0,1,1,12,3,HMM,ICL,6,0,3,0.000786946972942234,0.0009390714099730567
-KS,0,1,1,12,3,K-Means,Gap (uniform),1,0,-2,0.0,0.0034692680290282336
-KS,0,1,1,12,3,K-Means,Prediction Strength,2,0,-1,0.004932053374046941,0.0034692680290282336
-KS,0,1,1,13,3,K-Means,Silhouette,2,0,-1,0.004059009010689395,0.0050356374949106705
-KS,0,1,1,13,3,K-Means,Davies-Bouldin,11,0,8,0.0009469068659912474,0.0050356374949106705
-KS,0,1,1,13,3,K-Means,Calinski-Harabasz,12,0,9,0.0011105645573028658,0.0050356374949106705
-KS,0,1,1,13,3,GMM,BIC,3,1,0,0.004710610399093642,0.004710610399093642
-KS,0,1,1,13,3,GMM,AIC,12,0,9,0.0013784449278175437,0.004710610399093642
-KS,0,1,1,13,3,GMM,ICL,9,0,6,0.0013896080924591147,0.004710610399093642
-KS,0,1,1,13,3,GMM,BIC_Neff,5,0,2,0.0021225751171842834,0.004710610399093642
-KS,0,1,1,13,3,HMM,BIC,8,0,5,0.001975023957081966,0.002824796885461624
-KS,0,1,1,13,3,HMM,AIC,12,0,9,0.0007886601869767869,0.002824796885461624
-KS,0,1,1,13,3,HMM,ICL,8,0,5,0.001975023957081966,0.002824796885461624
-KS,0,1,1,13,3,K-Means,Gap (uniform),1,0,-2,0.0,0.0050356374949106705
-KS,0,1,1,13,3,K-Means,Prediction Strength,1,0,-2,0.0,0.0050356374949106705
-KS,0,1,1,14,3,K-Means,Silhouette,2,0,-1,0.0035522602258055485,0.0044636054170097555
-KS,0,1,1,14,3,K-Means,Davies-Bouldin,8,0,5,0.001182135800274354,0.0044636054170097555
-KS,0,1,1,14,3,K-Means,Calinski-Harabasz,12,0,9,0.0010965317551596887,0.0044636054170097555
-KS,0,1,1,14,3,GMM,BIC,2,0,-1,0.0022886791695578895,0.00414273283999656
-KS,0,1,1,14,3,GMM,AIC,5,0,2,0.0011395999656025019,0.00414273283999656
-KS,0,1,1,14,3,GMM,ICL,2,0,-1,0.0022886791695578895,0.00414273283999656
-KS,0,1,1,14,3,GMM,BIC_Neff,2,0,-1,0.0022886791695578895,0.00414273283999656
-KS,0,1,1,14,3,HMM,BIC,9,0,6,0.0017275506341096125,0.0022081620861244336
-KS,0,1,1,14,3,HMM,AIC,9,0,6,0.0017275506341096125,0.0022081620861244336
-KS,0,1,1,14,3,HMM,ICL,5,0,2,0.001561291132327831,0.0022081620861244336
-KS,0,1,1,14,3,K-Means,Gap (uniform),1,0,-2,0.0,0.0044636054170097555
-KS,0,1,1,14,3,K-Means,Prediction Strength,1,0,-2,0.0,0.0044636054170097555
-KS,0,1,1,15,3,K-Means,Silhouette,2,0,-1,0.0025625835807790583,0.002612592694326759
-KS,0,1,1,15,3,K-Means,Davies-Bouldin,12,0,9,0.0007171844869024904,0.002612592694326759
-KS,0,1,1,15,3,K-Means,Calinski-Harabasz,12,0,9,0.0007171844869024904,0.002612592694326759
-KS,0,1,1,15,3,GMM,BIC,2,0,-1,0.0003797153664147975,0.0026925606441207937
-KS,0,1,1,15,3,GMM,AIC,2,0,-1,0.0003797153664147975,0.0026925606441207937
-KS,0,1,1,15,3,GMM,ICL,2,0,-1,0.0003797153664147975,0.0026925606441207937
-KS,0,1,1,15,3,GMM,BIC_Neff,2,0,-1,0.0003797153664147975,0.0026925606441207937
-KS,0,1,1,15,3,HMM,BIC,8,0,5,0.0005345014725931754,0.0006024441733706499
-KS,0,1,1,15,3,HMM,AIC,11,0,8,0.0006078149979268855,0.0006024441733706499
-KS,0,1,1,15,3,HMM,ICL,6,0,3,0.0009030049170163657,0.0006024441733706499
-KS,0,1,1,15,3,K-Means,Gap (uniform),1,0,-2,0.0,0.002612592694326759
-KS,0,1,1,15,3,K-Means,Prediction Strength,1,0,-2,0.0,0.002612592694326759
-KS,0,1,1,16,3,K-Means,Silhouette,2,0,-1,0.006775800886391318,0.006711906059590895
-KS,0,1,1,16,3,K-Means,Davies-Bouldin,12,0,9,0.0020477376240539092,0.006711906059590895
-KS,0,1,1,16,3,K-Means,Calinski-Harabasz,12,0,9,0.0020477376240539092,0.006711906059590895
-KS,0,1,1,16,3,GMM,BIC,3,1,0,0.006379305442814988,0.006379305442814988
-KS,0,1,1,16,3,GMM,AIC,11,0,8,0.0022086039591912333,0.006379305442814988
-KS,0,1,1,16,3,GMM,ICL,11,0,8,0.0022086039591912333,0.006379305442814988
-KS,0,1,1,16,3,GMM,BIC_Neff,3,1,0,0.006379305442814988,0.006379305442814988
-KS,0,1,1,16,3,HMM,BIC,6,0,3,0.0020264946222786338,0.005115494575502924
-KS,0,1,1,16,3,HMM,AIC,10,0,7,0.00166359903090765,0.005115494575502924
-KS,0,1,1,16,3,HMM,ICL,6,0,3,0.0020264946222786338,0.005115494575502924
-KS,0,1,1,16,3,K-Means,Gap (uniform),1,0,-2,0.0,0.006711906059590895
-KS,0,1,1,16,3,K-Means,Prediction Strength,1,0,-2,0.0,0.006711906059590895
-KS,0,1,1,17,3,K-Means,Silhouette,2,0,-1,0.004329660129410336,0.006756981270712056
-KS,0,1,1,17,3,K-Means,Davies-Bouldin,12,0,9,0.0023494741797139033,0.006756981270712056
-KS,0,1,1,17,3,K-Means,Calinski-Harabasz,12,0,9,0.0023494741797139033,0.006756981270712056
-KS,0,1,1,17,3,GMM,BIC,2,0,-1,0.0030458710528595994,0.00507468374447552
-KS,0,1,1,17,3,GMM,AIC,2,0,-1,0.0030458710528595994,0.00507468374447552
-KS,0,1,1,17,3,GMM,ICL,2,0,-1,0.0030458710528595994,0.00507468374447552
-KS,0,1,1,17,3,GMM,BIC_Neff,2,0,-1,0.0030458710528595994,0.00507468374447552
-KS,0,1,1,17,3,HMM,BIC,10,0,7,0.001712097787352652,0.0034301963914045277
-KS,0,1,1,17,3,HMM,AIC,10,0,7,0.001712097787352652,0.0034301963914045277
-KS,0,1,1,17,3,HMM,ICL,4,0,1,0.0019454955847191093,0.0034301963914045277
-KS,0,1,1,17,3,K-Means,Gap (uniform),1,0,-2,0.0,0.006756981270712056
-KS,0,1,1,17,3,K-Means,Prediction Strength,1,0,-2,0.0,0.006756981270712056
-KS,0,1,1,18,3,K-Means,Silhouette,5,0,2,0.005210907672727771,0.004131717470229852
-KS,0,1,1,18,3,K-Means,Davies-Bouldin,5,0,2,0.005210907672727771,0.004131717470229852
-KS,0,1,1,18,3,K-Means,Calinski-Harabasz,12,0,9,0.0020588772329979453,0.004131717470229852
-KS,0,1,1,18,3,GMM,BIC,6,0,3,0.004758026090580491,0.003349057055225537
-KS,0,1,1,18,3,GMM,AIC,6,0,3,0.004758026090580491,0.003349057055225537
-KS,0,1,1,18,3,GMM,ICL,2,0,-1,0.002009119164788577,0.003349057055225537
-KS,0,1,1,18,3,GMM,BIC_Neff,6,0,3,0.004758026090580491,0.003349057055225537
-KS,0,1,1,18,3,HMM,BIC,10,0,7,0.0021493950514904904,0.002634568222147772
-KS,0,1,1,18,3,HMM,AIC,12,0,9,0.0016559849609793823,0.002634568222147772
-KS,0,1,1,18,3,HMM,ICL,7,0,4,0.00428250667264392,0.002634568222147772
-KS,0,1,1,18,3,K-Means,Gap (uniform),1,0,-2,0.0,0.004131717470229852
-KS,0,1,1,18,3,K-Means,Prediction Strength,1,0,-2,0.0,0.004131717470229852
-KS,0,1,1,19,3,K-Means,Silhouette,2,0,-1,0.00369391712659968,0.003561652495331793
-KS,0,1,1,19,3,K-Means,Davies-Bouldin,12,0,9,0.00033750680062709533,0.003561652495331793
-KS,0,1,1,19,3,K-Means,Calinski-Harabasz,12,0,9,0.00033750680062709533,0.003561652495331793
-KS,0,1,1,19,3,GMM,BIC,3,1,0,0.003349938222902414,0.003349938222902414
-KS,0,1,1,19,3,GMM,AIC,3,1,0,0.003349938222902414,0.003349938222902414
-KS,0,1,1,19,3,GMM,ICL,2,0,-1,0.002542703908415255,0.003349938222902414
-KS,0,1,1,19,3,GMM,BIC_Neff,3,1,0,0.003349938222902414,0.003349938222902414
-KS,0,1,1,19,3,HMM,BIC,10,0,7,0.0012674099999041143,0.0020209221753768815
-KS,0,1,1,19,3,HMM,AIC,11,0,8,0.0015369452050684235,0.0020209221753768815
-KS,0,1,1,19,3,HMM,ICL,4,0,1,0.0021368484780261944,0.0020209221753768815
-KS,0,1,1,19,3,K-Means,Gap (uniform),1,0,-2,0.0,0.003561652495331793
-KS,0,1,1,19,3,K-Means,Prediction Strength,2,0,-1,0.00369391712659968,0.003561652495331793
-KS,0,1,1,20,3,K-Means,Silhouette,2,0,-1,0.003421852072445477,0.005278489980848462
-KS,0,1,1,20,3,K-Means,Davies-Bouldin,9,0,6,0.003079376142723775,0.005278489980848462
-KS,0,1,1,20,3,K-Means,Calinski-Harabasz,12,0,9,0.0020121739036415304,0.005278489980848462
-KS,0,1,1,20,3,GMM,BIC,2,0,-1,0.0017050382480578393,0.005818491637616704
-KS,0,1,1,20,3,GMM,AIC,8,0,5,0.003716663707783409,0.005818491637616704
-KS,0,1,1,20,3,GMM,ICL,2,0,-1,0.0017050382480578393,0.005818491637616704
-KS,0,1,1,20,3,GMM,BIC_Neff,2,0,-1,0.0017050382480578393,0.005818491637616704
-KS,0,1,1,20,3,HMM,BIC,9,0,6,0.003653801742401184,0.0055761370231257905
-KS,0,1,1,20,3,HMM,AIC,9,0,6,0.003653801742401184,0.0055761370231257905
-KS,0,1,1,20,3,HMM,ICL,6,0,3,0.004194118991822523,0.0055761370231257905
-KS,0,1,1,20,3,K-Means,Gap (uniform),1,0,-2,0.0,0.005278489980848462
-KS,0,1,1,20,3,K-Means,Prediction Strength,1,0,-2,0.0,0.005278489980848462
-KS,0,1,1,21,3,K-Means,Silhouette,3,1,0,0.004722535839999224,0.004722535839999224
-KS,0,1,1,21,3,K-Means,Davies-Bouldin,9,0,6,0.001695302101979377,0.004722535839999224
-KS,0,1,1,21,3,K-Means,Calinski-Harabasz,12,0,9,0.0011587875412933746,0.004722535839999224
-KS,0,1,1,21,3,GMM,BIC,3,1,0,0.0038048422790397953,0.0038048422790397953
-KS,0,1,1,21,3,GMM,AIC,9,0,6,0.0016973964622329777,0.0038048422790397953
-KS,0,1,1,21,3,GMM,ICL,2,0,-1,3.539558999401028e-05,0.0038048422790397953
-KS,0,1,1,21,3,GMM,BIC_Neff,5,0,2,0.0019543514558557845,0.0038048422790397953
-KS,0,1,1,21,3,HMM,BIC,9,0,6,0.0013438812689679114,0.0016249689928509094
-KS,0,1,1,21,3,HMM,AIC,11,0,8,0.0016216079482221897,0.0016249689928509094
-KS,0,1,1,21,3,HMM,ICL,6,0,3,0.0016595596875145174,0.0016249689928509094
-KS,0,1,1,21,3,K-Means,Gap (uniform),1,0,-2,0.0,0.004722535839999224
-KS,0,1,1,21,3,K-Means,Prediction Strength,2,0,-1,0.003749345216162474,0.004722535839999224
-KS,0,1,1,22,3,K-Means,Silhouette,2,0,-1,0.0045875243961231915,0.002107089976381907
-KS,0,1,1,22,3,K-Means,Davies-Bouldin,12,0,9,0.0009458508844212596,0.002107089976381907
-KS,0,1,1,22,3,K-Means,Calinski-Harabasz,12,0,9,0.0009458508844212596,0.002107089976381907
-KS,0,1,1,22,3,GMM,BIC,2,0,-1,0.005569740786373888,0.002489026274835592
-KS,0,1,1,22,3,GMM,AIC,4,0,1,0.0023871531900487852,0.002489026274835592
-KS,0,1,1,22,3,GMM,ICL,4,0,1,0.0023871531900487852,0.002489026274835592
-KS,0,1,1,22,3,GMM,BIC_Neff,2,0,-1,0.005569740786373888,0.002489026274835592
-KS,0,1,1,22,3,HMM,BIC,8,0,5,0.001151725880498723,0.0009908719664442267
-KS,0,1,1,22,3,HMM,AIC,11,0,8,0.0016090944222814437,0.0009908719664442267
-KS,0,1,1,22,3,HMM,ICL,8,0,5,0.001151725880498723,0.0009908719664442267
-KS,0,1,1,22,3,K-Means,Gap (uniform),1,0,-2,0.0,0.002107089976381907
-KS,0,1,1,22,3,K-Means,Prediction Strength,1,0,-2,0.0,0.002107089976381907
-KS,0,1,1,23,3,K-Means,Silhouette,3,1,0,0.004342407665531244,0.004342407665531244
-KS,0,1,1,23,3,K-Means,Davies-Bouldin,11,0,8,0.001527241467432196,0.004342407665531244
-KS,0,1,1,23,3,K-Means,Calinski-Harabasz,12,0,9,0.0015080587336075847,0.004342407665531244
-KS,0,1,1,23,3,GMM,BIC,3,1,0,0.004200029937939927,0.004200029937939927
-KS,0,1,1,23,3,GMM,AIC,3,1,0,0.004200029937939927,0.004200029937939927
-KS,0,1,1,23,3,GMM,ICL,3,1,0,0.004200029937939927,0.004200029937939927
-KS,0,1,1,23,3,GMM,BIC_Neff,3,1,0,0.004200029937939927,0.004200029937939927
-KS,0,1,1,23,3,HMM,BIC,8,0,5,0.0022755741819993278,0.0029324644681597155
-KS,0,1,1,23,3,HMM,AIC,11,0,8,0.001689739812586796,0.0029324644681597155
-KS,0,1,1,23,3,HMM,ICL,6,0,3,0.002147359363434925,0.0029324644681597155
-KS,0,1,1,23,3,K-Means,Gap (uniform),1,0,-2,0.0,0.004342407665531244
-KS,0,1,1,23,3,K-Means,Prediction Strength,3,1,0,0.004342407665531244,0.004342407665531244
-KS,0,1,1,24,3,K-Means,Silhouette,6,0,3,0.0006242725867247532,0.0015499389999881392
-KS,0,1,1,24,3,K-Means,Davies-Bouldin,6,0,3,0.0006242725867247532,0.0015499389999881392
-KS,0,1,1,24,3,K-Means,Calinski-Harabasz,12,0,9,0.00016181165815696788,0.0015499389999881392
-KS,0,1,1,24,3,GMM,BIC,3,1,0,0.001710132840732202,0.001710132840732202
-KS,0,1,1,24,3,GMM,AIC,12,0,9,-3.4950440565521045e-05,0.001710132840732202
-KS,0,1,1,24,3,GMM,ICL,6,0,3,0.0009525371106593833,0.001710132840732202
-KS,0,1,1,24,3,GMM,BIC_Neff,6,0,3,0.0009525371106593833,0.001710132840732202
-KS,0,1,1,24,3,HMM,BIC,7,0,4,-8.387795028837858e-06,0.0007136674665780851
-KS,0,1,1,24,3,HMM,AIC,11,0,8,0.0004523127986279762,0.0007136674665780851
-KS,0,1,1,24,3,HMM,ICL,6,0,3,0.00011361618055776816,0.0007136674665780851
-KS,0,1,1,24,3,K-Means,Gap (uniform),1,0,-2,0.0,0.0015499389999881392
-KS,0,1,1,24,3,K-Means,Prediction Strength,2,0,-1,0.0028221822732503762,0.0015499389999881392
-KS,0,1,1,25,3,K-Means,Silhouette,2,0,-1,0.005048099164308787,0.0037789662359088627
-KS,0,1,1,25,3,K-Means,Davies-Bouldin,7,0,4,0.002525956568158228,0.0037789662359088627
-KS,0,1,1,25,3,K-Means,Calinski-Harabasz,12,0,9,0.001452908988872798,0.0037789662359088627
-KS,0,1,1,25,3,GMM,BIC,4,0,1,0.00353293151157291,0.0049796440666254795
-KS,0,1,1,25,3,GMM,AIC,12,0,9,0.002347803563802276,0.0049796440666254795
-KS,0,1,1,25,3,GMM,ICL,2,0,-1,0.0010861243184420138,0.0049796440666254795
-KS,0,1,1,25,3,GMM,BIC_Neff,4,0,1,0.00353293151157291,0.0049796440666254795
-KS,0,1,1,25,3,HMM,BIC,10,0,7,0.0005905399919514101,0.0017496022230044411
-KS,0,1,1,25,3,HMM,AIC,10,0,7,0.0005905399919514101,0.0017496022230044411
-KS,0,1,1,25,3,HMM,ICL,8,0,5,0.0022555586467131903,0.0017496022230044411
-KS,0,1,1,25,3,K-Means,Gap (uniform),1,0,-2,0.0,0.0037789662359088627
-KS,0,1,1,25,3,K-Means,Prediction Strength,1,0,-2,0.0,0.0037789662359088627
-KS,0,1,1,26,3,K-Means,Silhouette,2,0,-1,0.006132478905166313,0.0043610835182685825
-KS,0,1,1,26,3,K-Means,Davies-Bouldin,10,0,7,0.0017957052881746966,0.0043610835182685825
-KS,0,1,1,26,3,K-Means,Calinski-Harabasz,12,0,9,0.0012216668085769898,0.0043610835182685825
-KS,0,1,1,26,3,GMM,BIC,2,0,-1,0.004357042867686934,0.00450500835238349
-KS,0,1,1,26,3,GMM,AIC,10,0,7,0.001405505092931752,0.00450500835238349
-KS,0,1,1,26,3,GMM,ICL,2,0,-1,0.004357042867686934,0.00450500835238349
-KS,0,1,1,26,3,GMM,BIC_Neff,3,1,0,0.00450500835238349,0.00450500835238349
-KS,0,1,1,26,3,HMM,BIC,7,0,4,0.0016792249284314509,0.0035437726157687005
-KS,0,1,1,26,3,HMM,AIC,11,0,8,0.0018550458565194242,0.0035437726157687005
-KS,0,1,1,26,3,HMM,ICL,7,0,4,0.0016792249284314509,0.0035437726157687005
-KS,0,1,1,26,3,K-Means,Gap (uniform),1,0,-2,0.0,0.0043610835182685825
-KS,0,1,1,26,3,K-Means,Prediction Strength,1,0,-2,0.0,0.0043610835182685825
-KS,0,1,1,27,3,K-Means,Silhouette,2,0,-1,0.0007860032166266886,0.0014340459727771886
-KS,0,1,1,27,3,K-Means,Davies-Bouldin,11,0,8,-3.840067851024282e-05,0.0014340459727771886
-KS,0,1,1,27,3,K-Means,Calinski-Harabasz,12,0,9,0.0001062644441097926,0.0014340459727771886
-KS,0,1,1,27,3,GMM,BIC,2,0,-1,0.0013683933923266472,0.0024562959166789388
-KS,0,1,1,27,3,GMM,AIC,12,0,9,-0.0002057959291203543,0.0024562959166789388
-KS,0,1,1,27,3,GMM,ICL,2,0,-1,0.0013683933923266472,0.0024562959166789388
-KS,0,1,1,27,3,GMM,BIC_Neff,2,0,-1,0.0013683933923266472,0.0024562959166789388
-KS,0,1,1,27,3,HMM,BIC,10,0,7,0.00011228093715970562,0.0006692208078154422
-KS,0,1,1,27,3,HMM,AIC,11,0,8,0.0012953898733707332,0.0006692208078154422
-KS,0,1,1,27,3,HMM,ICL,5,0,2,-0.00023769891240979043,0.0006692208078154422
-KS,0,1,1,27,3,K-Means,Gap (uniform),1,0,-2,0.0,0.0014340459727771886
-KS,0,1,1,27,3,K-Means,Prediction Strength,3,1,0,0.0014340459727771886,0.0014340459727771886
-KS,0,1,1,28,3,K-Means,Silhouette,2,0,-1,0.0047163746137694395,0.0034942339809910243
-KS,0,1,1,28,3,K-Means,Davies-Bouldin,12,0,9,0.0017176042385084601,0.0034942339809910243
-KS,0,1,1,28,3,K-Means,Calinski-Harabasz,12,0,9,0.0017176042385084601,0.0034942339809910243
-KS,0,1,1,28,3,GMM,BIC,2,0,-1,0.004197987562315163,0.0029858187069656543
-KS,0,1,1,28,3,GMM,AIC,6,0,3,0.0020784361591727448,0.0029858187069656543
-KS,0,1,1,28,3,GMM,ICL,2,0,-1,0.004197987562315163,0.0029858187069656543
-KS,0,1,1,28,3,GMM,BIC_Neff,2,0,-1,0.004197987562315163,0.0029858187069656543
-KS,0,1,1,28,3,HMM,BIC,9,0,6,0.0011325892676455696,0.003570724367983727
-KS,0,1,1,28,3,HMM,AIC,12,0,9,0.0010042174930151658,0.003570724367983727
-KS,0,1,1,28,3,HMM,ICL,6,0,3,0.0013411202954107752,0.003570724367983727
-KS,0,1,1,28,3,K-Means,Gap (uniform),1,0,-2,0.0,0.0034942339809910243
-KS,0,1,1,28,3,K-Means,Prediction Strength,3,1,0,0.0034942339809910243,0.0034942339809910243
-KS,0,1,1,29,3,K-Means,Silhouette,2,0,-1,0.005658890168389485,0.007766150497958891
-KS,0,1,1,29,3,K-Means,Davies-Bouldin,5,0,2,0.005422541244736371,0.007766150497958891
-KS,0,1,1,29,3,K-Means,Calinski-Harabasz,12,0,9,0.0018889835358565476,0.007766150497958891
-KS,0,1,1,29,3,GMM,BIC,3,1,0,0.007228547252677023,0.007228547252677023
-KS,0,1,1,29,3,GMM,AIC,4,0,1,0.005403580313072317,0.007228547252677023
-KS,0,1,1,29,3,GMM,ICL,3,1,0,0.007228547252677023,0.007228547252677023
-KS,0,1,1,29,3,GMM,BIC_Neff,3,1,0,0.007228547252677023,0.007228547252677023
-KS,0,1,1,29,3,HMM,BIC,7,0,4,0.003451398250201923,0.005512776668285782
-KS,0,1,1,29,3,HMM,AIC,12,0,9,0.0029931434866315994,0.005512776668285782
-KS,0,1,1,29,3,HMM,ICL,7,0,4,0.003451398250201923,0.005512776668285782
-KS,0,1,1,29,3,K-Means,Gap (uniform),1,0,-2,0.0,0.007766150497958891
-KS,0,1,1,29,3,K-Means,Prediction Strength,1,0,-2,0.0,0.007766150497958891
P--,1,0,0,0,3,K-Means,Silhouette,3,1,0,1.0,1.0
P--,1,0,0,0,3,K-Means,Davies-Bouldin,3,1,0,1.0,1.0
P--,1,0,0,0,3,K-Means,Calinski-Harabasz,12,0,9,0.34043343082866817,1.0
P--,1,0,0,0,3,GMM,BIC,3,1,0,1.0,1.0
P--,1,0,0,0,3,GMM,AIC,3,1,0,1.0,1.0
P--,1,0,0,0,3,GMM,ICL,3,1,0,1.0,1.0
P--,1,0,0,0,3,GMM,BIC_Neff,3,1,0,1.0,1.0
P--,1,0,0,0,3,HMM,BIC,4,0,1,0.986496561198881,0.6343427030028257
P--,1,0,0,0,3,HMM,AIC,4,0,1,0.986496561198881,0.6343427030028257
P--,1,0,0,0,3,HMM,ICL,4,0,1,0.986496561198881,0.6343427030028257
P--,1,0,0,0,3,K-Means,Gap (uniform),3,1,0,1.0,1.0
P--,1,0,0,0,3,K-Means,Prediction Strength,3,1,0,1.0,1.0
P--,1,0,0,1,3,K-Means,Silhouette,3,1,0,1.0,1.0
P--,1,0,0,1,3,K-Means,Davies-Bouldin,3,1,0,1.0,1.0
P--,1,0,0,1,3,K-Means,Calinski-Harabasz,12,0,9,0.3440191801253045,1.0
P--,1,0,0,1,3,GMM,BIC,3,1,0,1.0,1.0
P--,1,0,0,1,3,GMM,AIC,3,1,0,1.0,1.0
P--,1,0,0,1,3,GMM,ICL,3,1,0,1.0,1.0
P--,1,0,0,1,3,GMM,BIC_Neff,3,1,0,1.0,1.0
P--,1,0,0,1,3,HMM,BIC,3,1,0,1.0,1.0
P--,1,0,0,1,3,HMM,AIC,3,1,0,1.0,1.0
P--,1,0,0,1,3,HMM,ICL,3,1,0,1.0,1.0
P--,1,0,0,1,3,K-Means,Gap (uniform),3,1,0,1.0,1.0
P--,1,0,0,1,3,K-Means,Prediction Strength,3,1,0,1.0,1.0
P--,1,0,0,2,3,K-Means,Silhouette,3,1,0,1.0,1.0
P--,1,0,0,2,3,K-Means,Davies-Bouldin,3,1,0,1.0,1.0
P--,1,0,0,2,3,K-Means,Calinski-Harabasz,12,0,9,0.34544094403604325,1.0
P--,1,0,0,2,3,GMM,BIC,3,1,0,1.0,1.0
P--,1,0,0,2,3,GMM,AIC,3,1,0,1.0,1.0
P--,1,0,0,2,3,GMM,ICL,3,1,0,1.0,1.0
P--,1,0,0,2,3,GMM,BIC_Neff,3,1,0,1.0,1.0
P--,1,0,0,2,3,HMM,BIC,6,0,3,0.9674231849564905,0.5823221425522571
P--,1,0,0,2,3,HMM,AIC,6,0,3,0.9674231849564905,0.5823221425522571
P--,1,0,0,2,3,HMM,ICL,6,0,3,0.9674231849564905,0.5823221425522571
P--,1,0,0,2,3,K-Means,Gap (uniform),3,1,0,1.0,1.0
P--,1,0,0,2,3,K-Means,Prediction Strength,3,1,0,1.0,1.0
P--,1,0,0,3,3,K-Means,Silhouette,3,1,0,1.0,1.0
P--,1,0,0,3,3,K-Means,Davies-Bouldin,3,1,0,1.0,1.0
P--,1,0,0,3,3,K-Means,Calinski-Harabasz,12,0,9,0.35706816599562086,1.0
P--,1,0,0,3,3,GMM,BIC,3,1,0,1.0,1.0
P--,1,0,0,3,3,GMM,AIC,3,1,0,1.0,1.0
P--,1,0,0,3,3,GMM,ICL,3,1,0,1.0,1.0
P--,1,0,0,3,3,GMM,BIC_Neff,3,1,0,1.0,1.0
P--,1,0,0,3,3,HMM,BIC,4,0,1,0.8578072070571747,0.5078609169510344
P--,1,0,0,3,3,HMM,AIC,4,0,1,0.8578072070571747,0.5078609169510344
P--,1,0,0,3,3,HMM,ICL,8,0,5,0.8247796280705786,0.5078609169510344
P--,1,0,0,3,3,K-Means,Gap (uniform),3,1,0,1.0,1.0
P--,1,0,0,3,3,K-Means,Prediction Strength,3,1,0,1.0,1.0
P--,1,0,0,4,3,K-Means,Silhouette,3,1,0,1.0,1.0
P--,1,0,0,4,3,K-Means,Davies-Bouldin,3,1,0,1.0,1.0
P--,1,0,0,4,3,K-Means,Calinski-Harabasz,12,0,9,0.34960865909569927,1.0
P--,1,0,0,4,3,GMM,BIC,3,1,0,1.0,1.0
P--,1,0,0,4,3,GMM,AIC,3,1,0,1.0,1.0
P--,1,0,0,4,3,GMM,ICL,3,1,0,1.0,1.0
P--,1,0,0,4,3,GMM,BIC_Neff,3,1,0,1.0,1.0
P--,1,0,0,4,3,HMM,BIC,4,0,1,0.8508029554060142,0.37920836725203166
P--,1,0,0,4,3,HMM,AIC,4,0,1,0.8508029554060142,0.37920836725203166
P--,1,0,0,4,3,HMM,ICL,4,0,1,0.8508029554060142,0.37920836725203166
P--,1,0,0,4,3,K-Means,Gap (uniform),3,1,0,1.0,1.0
P--,1,0,0,4,3,K-Means,Prediction Strength,5,0,2,0.6571432586350575,1.0
P--,1,0,0,5,3,K-Means,Silhouette,3,1,0,1.0,1.0
P--,1,0,0,5,3,K-Means,Davies-Bouldin,3,1,0,1.0,1.0
P--,1,0,0,5,3,K-Means,Calinski-Harabasz,12,0,9,0.349072517869061,1.0
P--,1,0,0,5,3,GMM,BIC,3,1,0,1.0,1.0
P--,1,0,0,5,3,GMM,AIC,3,1,0,1.0,1.0
P--,1,0,0,5,3,GMM,ICL,3,1,0,1.0,1.0
P--,1,0,0,5,3,GMM,BIC_Neff,3,1,0,1.0,1.0
P--,1,0,0,5,3,HMM,BIC,3,1,0,1.0,1.0
P--,1,0,0,5,3,HMM,AIC,3,1,0,1.0,1.0
P--,1,0,0,5,3,HMM,ICL,3,1,0,1.0,1.0
P--,1,0,0,5,3,K-Means,Gap (uniform),3,1,0,1.0,1.0
P--,1,0,0,5,3,K-Means,Prediction Strength,3,1,0,1.0,1.0
P--,1,0,0,6,3,K-Means,Silhouette,3,1,0,1.0,1.0
P--,1,0,0,6,3,K-Means,Davies-Bouldin,3,1,0,1.0,1.0
P--,1,0,0,6,3,K-Means,Calinski-Harabasz,12,0,9,0.35348729736050255,1.0
P--,1,0,0,6,3,GMM,BIC,3,1,0,1.0,1.0
P--,1,0,0,6,3,GMM,AIC,3,1,0,1.0,1.0
P--,1,0,0,6,3,GMM,ICL,3,1,0,1.0,1.0
P--,1,0,0,6,3,GMM,BIC_Neff,3,1,0,1.0,1.0
P--,1,0,0,6,3,HMM,BIC,4,0,1,0.8537119707658075,0.584948783811971
P--,1,0,0,6,3,HMM,AIC,4,0,1,0.8537119707658075,0.584948783811971
P--,1,0,0,6,3,HMM,ICL,4,0,1,0.8537119707658075,0.584948783811971
P--,1,0,0,6,3,K-Means,Gap (uniform),3,1,0,1.0,1.0
P--,1,0,0,6,3,K-Means,Prediction Strength,6,0,3,0.57156789592248,1.0
P--,1,0,0,7,3,K-Means,Silhouette,3,1,0,1.0,1.0
P--,1,0,0,7,3,K-Means,Davies-Bouldin,3,1,0,1.0,1.0
P--,1,0,0,7,3,K-Means,Calinski-Harabasz,12,0,9,0.35494088966363424,1.0
P--,1,0,0,7,3,GMM,BIC,3,1,0,1.0,1.0
P--,1,0,0,7,3,GMM,AIC,3,1,0,1.0,1.0
P--,1,0,0,7,3,GMM,ICL,3,1,0,1.0,1.0
P--,1,0,0,7,3,GMM,BIC_Neff,3,1,0,1.0,1.0
P--,1,0,0,7,3,HMM,BIC,3,1,0,1.0,1.0
P--,1,0,0,7,3,HMM,AIC,3,1,0,1.0,1.0
P--,1,0,0,7,3,HMM,ICL,3,1,0,1.0,1.0
P--,1,0,0,7,3,K-Means,Gap (uniform),3,1,0,1.0,1.0
P--,1,0,0,7,3,K-Means,Prediction Strength,4,0,1,0.8430548733171115,1.0
P--,1,0,0,8,3,K-Means,Silhouette,3,1,0,1.0,1.0
P--,1,0,0,8,3,K-Means,Davies-Bouldin,3,1,0,1.0,1.0
P--,1,0,0,8,3,K-Means,Calinski-Harabasz,12,0,9,0.3378031963058122,1.0
P--,1,0,0,8,3,GMM,BIC,3,1,0,1.0,1.0
P--,1,0,0,8,3,GMM,AIC,3,1,0,1.0,1.0
P--,1,0,0,8,3,GMM,ICL,3,1,0,1.0,1.0
P--,1,0,0,8,3,GMM,BIC_Neff,3,1,0,1.0,1.0
P--,1,0,0,8,3,HMM,BIC,4,0,1,0.8497721749529863,0.45111633622134434
P--,1,0,0,8,3,HMM,AIC,4,0,1,0.8497721749529863,0.45111633622134434
P--,1,0,0,8,3,HMM,ICL,4,0,1,0.8497721749529863,0.45111633622134434
P--,1,0,0,8,3,K-Means,Gap (uniform),3,1,0,1.0,1.0
P--,1,0,0,8,3,K-Means,Prediction Strength,4,0,1,0.8498803245529217,1.0
P--,1,0,0,9,3,K-Means,Silhouette,3,1,0,1.0,1.0
P--,1,0,0,9,3,K-Means,Davies-Bouldin,3,1,0,1.0,1.0
P--,1,0,0,9,3,K-Means,Calinski-Harabasz,12,0,9,0.3432478336057048,1.0
P--,1,0,0,9,3,GMM,BIC,3,1,0,1.0,1.0
P--,1,0,0,9,3,GMM,AIC,3,1,0,1.0,1.0
P--,1,0,0,9,3,GMM,ICL,3,1,0,1.0,1.0
P--,1,0,0,9,3,GMM,BIC_Neff,3,1,0,1.0,1.0
P--,1,0,0,9,3,HMM,BIC,4,0,1,0.990515676185546,0.522269652850324
P--,1,0,0,9,3,HMM,AIC,4,0,1,0.990515676185546,0.522269652850324
P--,1,0,0,9,3,HMM,ICL,4,0,1,0.990515676185546,0.522269652850324
P--,1,0,0,9,3,K-Means,Gap (uniform),3,1,0,1.0,1.0
P--,1,0,0,9,3,K-Means,Prediction Strength,3,1,0,1.0,1.0
P--,1,0,0,10,3,K-Means,Silhouette,3,1,0,1.0,1.0
P--,1,0,0,10,3,K-Means,Davies-Bouldin,3,1,0,1.0,1.0
P--,1,0,0,10,3,K-Means,Calinski-Harabasz,12,0,9,0.34572765394672994,1.0
P--,1,0,0,10,3,GMM,BIC,3,1,0,1.0,1.0
P--,1,0,0,10,3,GMM,AIC,3,1,0,1.0,1.0
P--,1,0,0,10,3,GMM,ICL,3,1,0,1.0,1.0
P--,1,0,0,10,3,GMM,BIC_Neff,3,1,0,1.0,1.0
P--,1,0,0,10,3,HMM,BIC,4,0,1,0.9781849672186624,0.5105571432019295
P--,1,0,0,10,3,HMM,AIC,4,0,1,0.9781849672186624,0.5105571432019295
P--,1,0,0,10,3,HMM,ICL,4,0,1,0.9781849672186624,0.5105571432019295
P--,1,0,0,10,3,K-Means,Gap (uniform),3,1,0,1.0,1.0
P--,1,0,0,10,3,K-Means,Prediction Strength,3,1,0,1.0,1.0
P--,1,0,0,11,3,K-Means,Silhouette,3,1,0,1.0,1.0
P--,1,0,0,11,3,K-Means,Davies-Bouldin,3,1,0,1.0,1.0
P--,1,0,0,11,3,K-Means,Calinski-Harabasz,12,0,9,0.34797645264824467,1.0
P--,1,0,0,11,3,GMM,BIC,3,1,0,1.0,1.0
P--,1,0,0,11,3,GMM,AIC,3,1,0,1.0,1.0
P--,1,0,0,11,3,GMM,ICL,3,1,0,1.0,1.0
P--,1,0,0,11,3,GMM,BIC_Neff,3,1,0,1.0,1.0
P--,1,0,0,11,3,HMM,BIC,6,0,3,0.9058609831963532,0.5020754367189019
P--,1,0,0,11,3,HMM,AIC,6,0,3,0.9058609831963532,0.5020754367189019
P--,1,0,0,11,3,HMM,ICL,6,0,3,0.9058609831963532,0.5020754367189019
P--,1,0,0,11,3,K-Means,Gap (uniform),3,1,0,1.0,1.0
P--,1,0,0,11,3,K-Means,Prediction Strength,5,0,2,0.6797607007121574,1.0
P--,1,0,0,12,3,K-Means,Silhouette,3,1,0,1.0,1.0
P--,1,0,0,12,3,K-Means,Davies-Bouldin,3,1,0,1.0,1.0
P--,1,0,0,12,3,K-Means,Calinski-Harabasz,12,0,9,0.3389573625758014,1.0
P--,1,0,0,12,3,GMM,BIC,3,1,0,1.0,1.0
P--,1,0,0,12,3,GMM,AIC,3,1,0,1.0,1.0
P--,1,0,0,12,3,GMM,ICL,3,1,0,1.0,1.0
P--,1,0,0,12,3,GMM,BIC_Neff,3,1,0,1.0,1.0
P--,1,0,0,12,3,HMM,BIC,4,0,1,0.94182974723757,0.45074528679334297
P--,1,0,0,12,3,HMM,AIC,4,0,1,0.94182974723757,0.45074528679334297
P--,1,0,0,12,3,HMM,ICL,5,0,2,0.7363106891935857,0.45074528679334297
P--,1,0,0,12,3,K-Means,Gap (uniform),3,1,0,1.0,1.0
P--,1,0,0,12,3,K-Means,Prediction Strength,3,1,0,1.0,1.0
P--,1,0,0,13,3,K-Means,Silhouette,3,1,0,1.0,1.0
P--,1,0,0,13,3,K-Means,Davies-Bouldin,3,1,0,1.0,1.0
P--,1,0,0,13,3,K-Means,Calinski-Harabasz,12,0,9,0.3414641203509577,1.0
P--,1,0,0,13,3,GMM,BIC,3,1,0,1.0,1.0
P--,1,0,0,13,3,GMM,AIC,3,1,0,1.0,1.0
P--,1,0,0,13,3,GMM,ICL,3,1,0,1.0,1.0
P--,1,0,0,13,3,GMM,BIC_Neff,3,1,0,1.0,1.0
P--,1,0,0,13,3,HMM,BIC,4,0,1,0.9898463434291201,0.6057274431171579
P--,1,0,0,13,3,HMM,AIC,4,0,1,0.9898463434291201,0.6057274431171579
P--,1,0,0,13,3,HMM,ICL,4,0,1,0.9898463434291201,0.6057274431171579
P--,1,0,0,13,3,K-Means,Gap (uniform),3,1,0,1.0,1.0
P--,1,0,0,13,3,K-Means,Prediction Strength,3,1,0,1.0,1.0
P--,1,0,0,14,3,K-Means,Silhouette,3,1,0,1.0,1.0
P--,1,0,0,14,3,K-Means,Davies-Bouldin,3,1,0,1.0,1.0
P--,1,0,0,14,3,K-Means,Calinski-Harabasz,12,0,9,0.3389155449510036,1.0
P--,1,0,0,14,3,GMM,BIC,3,1,0,1.0,1.0
P--,1,0,0,14,3,GMM,AIC,3,1,0,1.0,1.0
P--,1,0,0,14,3,GMM,ICL,3,1,0,1.0,1.0
P--,1,0,0,14,3,GMM,BIC_Neff,3,1,0,1.0,1.0
P--,1,0,0,14,3,HMM,BIC,3,1,0,1.0,1.0
P--,1,0,0,14,3,HMM,AIC,3,1,0,1.0,1.0
P--,1,0,0,14,3,HMM,ICL,3,1,0,1.0,1.0
P--,1,0,0,14,3,K-Means,Gap (uniform),3,1,0,1.0,1.0
P--,1,0,0,14,3,K-Means,Prediction Strength,6,0,3,0.5687209173305541,1.0
P--,1,0,0,15,3,K-Means,Silhouette,3,1,0,1.0,1.0
P--,1,0,0,15,3,K-Means,Davies-Bouldin,3,1,0,1.0,1.0
P--,1,0,0,15,3,K-Means,Calinski-Harabasz,12,0,9,0.35282513172259466,1.0
P--,1,0,0,15,3,GMM,BIC,3,1,0,1.0,1.0
P--,1,0,0,15,3,GMM,AIC,3,1,0,1.0,1.0
P--,1,0,0,15,3,GMM,ICL,3,1,0,1.0,1.0
P--,1,0,0,15,3,GMM,BIC_Neff,3,1,0,1.0,1.0
P--,1,0,0,15,3,HMM,BIC,4,0,1,0.8361345460366988,0.5552054047283363
P--,1,0,0,15,3,HMM,AIC,4,0,1,0.8361345460366988,0.5552054047283363
P--,1,0,0,15,3,HMM,ICL,5,0,2,0.8706859161304835,0.5552054047283363
P--,1,0,0,15,3,K-Means,Gap (uniform),3,1,0,1.0,1.0
P--,1,0,0,15,3,K-Means,Prediction Strength,3,1,0,1.0,1.0
P--,1,0,0,16,3,K-Means,Silhouette,3,1,0,1.0,1.0
P--,1,0,0,16,3,K-Means,Davies-Bouldin,3,1,0,1.0,1.0
P--,1,0,0,16,3,K-Means,Calinski-Harabasz,12,0,9,0.34731554604194353,1.0
P--,1,0,0,16,3,GMM,BIC,3,1,0,1.0,1.0
P--,1,0,0,16,3,GMM,AIC,3,1,0,1.0,1.0
P--,1,0,0,16,3,GMM,ICL,3,1,0,1.0,1.0
P--,1,0,0,16,3,GMM,BIC_Neff,3,1,0,1.0,1.0
P--,1,0,0,16,3,HMM,BIC,4,0,1,0.9279506190819047,0.6859188685473538
P--,1,0,0,16,3,HMM,AIC,4,0,1,0.9279506190819047,0.6859188685473538
P--,1,0,0,16,3,HMM,ICL,5,0,2,0.9712153943360667,0.6859188685473538
P--,1,0,0,16,3,K-Means,Gap (uniform),3,1,0,1.0,1.0
P--,1,0,0,16,3,K-Means,Prediction Strength,3,1,0,1.0,1.0
P--,1,0,0,17,3,K-Means,Silhouette,3,1,0,1.0,1.0
P--,1,0,0,17,3,K-Means,Davies-Bouldin,3,1,0,1.0,1.0
P--,1,0,0,17,3,K-Means,Calinski-Harabasz,12,0,9,0.33475914278713503,1.0
P--,1,0,0,17,3,GMM,BIC,3,1,0,1.0,1.0
P--,1,0,0,17,3,GMM,AIC,3,1,0,1.0,1.0
P--,1,0,0,17,3,GMM,ICL,3,1,0,1.0,1.0
P--,1,0,0,17,3,GMM,BIC_Neff,3,1,0,1.0,1.0
P--,1,0,0,17,3,HMM,BIC,3,1,0,1.0,1.0
P--,1,0,0,17,3,HMM,AIC,3,1,0,1.0,1.0
P--,1,0,0,17,3,HMM,ICL,3,1,0,1.0,1.0
P--,1,0,0,17,3,K-Means,Gap (uniform),3,1,0,1.0,1.0
P--,1,0,0,17,3,K-Means,Prediction Strength,3,1,0,1.0,1.0
P--,1,0,0,18,3,K-Means,Silhouette,3,1,0,1.0,1.0
P--,1,0,0,18,3,K-Means,Davies-Bouldin,3,1,0,1.0,1.0
P--,1,0,0,18,3,K-Means,Calinski-Harabasz,12,0,9,0.3325290872832141,1.0
P--,1,0,0,18,3,GMM,BIC,3,1,0,1.0,1.0
P--,1,0,0,18,3,GMM,AIC,3,1,0,1.0,1.0
P--,1,0,0,18,3,GMM,ICL,3,1,0,1.0,1.0
P--,1,0,0,18,3,GMM,BIC_Neff,3,1,0,1.0,1.0
P--,1,0,0,18,3,HMM,BIC,4,0,1,0.9869022389185023,0.00035430773354112166
P--,1,0,0,18,3,HMM,AIC,4,0,1,0.9869022389185023,0.00035430773354112166
P--,1,0,0,18,3,HMM,ICL,4,0,1,0.9869022389185023,0.00035430773354112166
P--,1,0,0,18,3,K-Means,Gap (uniform),3,1,0,1.0,1.0
P--,1,0,0,18,3,K-Means,Prediction Strength,6,0,3,0.5690242802109379,1.0
P--,1,0,0,19,3,K-Means,Silhouette,3,1,0,1.0,1.0
P--,1,0,0,19,3,K-Means,Davies-Bouldin,3,1,0,1.0,1.0
P--,1,0,0,19,3,K-Means,Calinski-Harabasz,12,0,9,0.3298706536229785,1.0
P--,1,0,0,19,3,GMM,BIC,3,1,0,1.0,1.0
P--,1,0,0,19,3,GMM,AIC,3,1,0,1.0,1.0
P--,1,0,0,19,3,GMM,ICL,3,1,0,1.0,1.0
P--,1,0,0,19,3,GMM,BIC_Neff,3,1,0,1.0,1.0
P--,1,0,0,19,3,HMM,BIC,3,1,0,1.0,1.0
P--,1,0,0,19,3,HMM,AIC,3,1,0,1.0,1.0
P--,1,0,0,19,3,HMM,ICL,3,1,0,1.0,1.0
P--,1,0,0,19,3,K-Means,Gap (uniform),3,1,0,1.0,1.0
P--,1,0,0,19,3,K-Means,Prediction Strength,3,1,0,1.0,1.0
P--,1,0,0,20,3,K-Means,Silhouette,3,1,0,1.0,1.0
P--,1,0,0,20,3,K-Means,Davies-Bouldin,3,1,0,1.0,1.0
P--,1,0,0,20,3,K-Means,Calinski-Harabasz,12,0,9,0.35295844496655354,1.0
P--,1,0,0,20,3,GMM,BIC,3,1,0,1.0,1.0
P--,1,0,0,20,3,GMM,AIC,3,1,0,1.0,1.0
P--,1,0,0,20,3,GMM,ICL,3,1,0,1.0,1.0
P--,1,0,0,20,3,GMM,BIC_Neff,3,1,0,1.0,1.0
P--,1,0,0,20,3,HMM,BIC,5,0,2,0.9718610701512759,0.5374406180859818
P--,1,0,0,20,3,HMM,AIC,5,0,2,0.9718610701512759,0.5374406180859818
P--,1,0,0,20,3,HMM,ICL,5,0,2,0.9718610701512759,0.5374406180859818
P--,1,0,0,20,3,K-Means,Gap (uniform),3,1,0,1.0,1.0
P--,1,0,0,20,3,K-Means,Prediction Strength,3,1,0,1.0,1.0
P--,1,0,0,21,3,K-Means,Silhouette,3,1,0,1.0,1.0
P--,1,0,0,21,3,K-Means,Davies-Bouldin,3,1,0,1.0,1.0
P--,1,0,0,21,3,K-Means,Calinski-Harabasz,12,0,9,0.34427539227559495,1.0
P--,1,0,0,21,3,GMM,BIC,3,1,0,1.0,1.0
P--,1,0,0,21,3,GMM,AIC,3,1,0,1.0,1.0
P--,1,0,0,21,3,GMM,ICL,3,1,0,1.0,1.0
P--,1,0,0,21,3,GMM,BIC_Neff,3,1,0,1.0,1.0
P--,1,0,0,21,3,HMM,BIC,4,0,1,0.847794213476626,0.5943639001507464
P--,1,0,0,21,3,HMM,AIC,4,0,1,0.847794213476626,0.5943639001507464
P--,1,0,0,21,3,HMM,ICL,4,0,1,0.847794213476626,0.5943639001507464
P--,1,0,0,21,3,K-Means,Gap (uniform),3,1,0,1.0,1.0
P--,1,0,0,21,3,K-Means,Prediction Strength,4,0,1,0.8482370648203755,1.0
P--,1,0,0,22,3,K-Means,Silhouette,3,1,0,1.0,1.0
P--,1,0,0,22,3,K-Means,Davies-Bouldin,3,1,0,1.0,1.0
P--,1,0,0,22,3,K-Means,Calinski-Harabasz,12,0,9,0.3490602492274822,1.0
P--,1,0,0,22,3,GMM,BIC,3,1,0,1.0,1.0
P--,1,0,0,22,3,GMM,AIC,3,1,0,1.0,1.0
P--,1,0,0,22,3,GMM,ICL,3,1,0,1.0,1.0
P--,1,0,0,22,3,GMM,BIC_Neff,3,1,0,1.0,1.0
P--,1,0,0,22,3,HMM,BIC,4,0,1,0.8817202108600777,0.5497012837776521
P--,1,0,0,22,3,HMM,AIC,4,0,1,0.8817202108600777,0.5497012837776521
P--,1,0,0,22,3,HMM,ICL,5,0,2,0.7133785137918937,0.5497012837776521
P--,1,0,0,22,3,K-Means,Gap (uniform),3,1,0,1.0,1.0
P--,1,0,0,22,3,K-Means,Prediction Strength,3,1,0,1.0,1.0
P--,1,0,0,23,3,K-Means,Silhouette,3,1,0,1.0,1.0
P--,1,0,0,23,3,K-Means,Davies-Bouldin,3,1,0,1.0,1.0
P--,1,0,0,23,3,K-Means,Calinski-Harabasz,12,0,9,0.34529762988300383,1.0
P--,1,0,0,23,3,GMM,BIC,3,1,0,1.0,1.0
P--,1,0,0,23,3,GMM,AIC,3,1,0,1.0,1.0
P--,1,0,0,23,3,GMM,ICL,3,1,0,1.0,1.0
P--,1,0,0,23,3,GMM,BIC_Neff,3,1,0,1.0,1.0
P--,1,0,0,23,3,HMM,BIC,4,0,1,0.8994035564754727,0.43150075223257034
P--,1,0,0,23,3,HMM,AIC,4,0,1,0.8994035564754727,0.43150075223257034
P--,1,0,0,23,3,HMM,ICL,6,0,3,0.9692047895812115,0.43150075223257034
P--,1,0,0,23,3,K-Means,Gap (uniform),3,1,0,1.0,1.0
P--,1,0,0,23,3,K-Means,Prediction Strength,4,0,1,0.8413194664758225,1.0
P--,1,0,0,24,3,K-Means,Silhouette,3,1,0,1.0,1.0
P--,1,0,0,24,3,K-Means,Davies-Bouldin,3,1,0,1.0,1.0
P--,1,0,0,24,3,K-Means,Calinski-Harabasz,12,0,9,0.3578460207452115,1.0
P--,1,0,0,24,3,GMM,BIC,3,1,0,1.0,1.0
P--,1,0,0,24,3,GMM,AIC,3,1,0,1.0,1.0
P--,1,0,0,24,3,GMM,ICL,3,1,0,1.0,1.0
P--,1,0,0,24,3,GMM,BIC_Neff,3,1,0,1.0,1.0
P--,1,0,0,24,3,HMM,BIC,6,0,3,0.8570848501927972,0.5977370324155612
P--,1,0,0,24,3,HMM,AIC,6,0,3,0.8570848501927972,0.5977370324155612
P--,1,0,0,24,3,HMM,ICL,9,0,6,0.8290630021424232,0.5977370324155612
P--,1,0,0,24,3,K-Means,Gap (uniform),3,1,0,1.0,1.0
P--,1,0,0,24,3,K-Means,Prediction Strength,3,1,0,1.0,1.0
P--,1,0,0,25,3,K-Means,Silhouette,3,1,0,1.0,1.0
P--,1,0,0,25,3,K-Means,Davies-Bouldin,3,1,0,1.0,1.0
P--,1,0,0,25,3,K-Means,Calinski-Harabasz,12,0,9,0.33818073387124664,1.0
P--,1,0,0,25,3,GMM,BIC,3,1,0,1.0,1.0
P--,1,0,0,25,3,GMM,AIC,3,1,0,1.0,1.0
P--,1,0,0,25,3,GMM,ICL,3,1,0,1.0,1.0
P--,1,0,0,25,3,GMM,BIC_Neff,3,1,0,1.0,1.0
P--,1,0,0,25,3,HMM,BIC,3,1,0,1.0,1.0
P--,1,0,0,25,3,HMM,AIC,3,1,0,1.0,1.0
P--,1,0,0,25,3,HMM,ICL,3,1,0,1.0,1.0
P--,1,0,0,25,3,K-Means,Gap (uniform),3,1,0,1.0,1.0
P--,1,0,0,25,3,K-Means,Prediction Strength,3,1,0,1.0,1.0
P--,1,0,0,26,3,K-Means,Silhouette,3,1,0,1.0,1.0
P--,1,0,0,26,3,K-Means,Davies-Bouldin,3,1,0,1.0,1.0
P--,1,0,0,26,3,K-Means,Calinski-Harabasz,12,0,9,0.33504825382902315,1.0
P--,1,0,0,26,3,GMM,BIC,3,1,0,1.0,1.0
P--,1,0,0,26,3,GMM,AIC,3,1,0,1.0,1.0
P--,1,0,0,26,3,GMM,ICL,3,1,0,1.0,1.0
P--,1,0,0,26,3,GMM,BIC_Neff,3,1,0,1.0,1.0
P--,1,0,0,26,3,HMM,BIC,4,0,1,0.8948323812601265,0.45143393087487743
P--,1,0,0,26,3,HMM,AIC,4,0,1,0.8948323812601265,0.45143393087487743
P--,1,0,0,26,3,HMM,ICL,5,0,2,0.9564873049020548,0.45143393087487743
P--,1,0,0,26,3,K-Means,Gap (uniform),3,1,0,1.0,1.0
P--,1,0,0,26,3,K-Means,Prediction Strength,3,1,0,1.0,1.0
P--,1,0,0,27,3,K-Means,Silhouette,3,1,0,1.0,1.0
P--,1,0,0,27,3,K-Means,Davies-Bouldin,3,1,0,1.0,1.0
P--,1,0,0,27,3,K-Means,Calinski-Harabasz,12,0,9,0.3259978756753288,1.0
P--,1,0,0,27,3,GMM,BIC,3,1,0,1.0,1.0
P--,1,0,0,27,3,GMM,AIC,3,1,0,1.0,1.0
P--,1,0,0,27,3,GMM,ICL,3,1,0,1.0,1.0
P--,1,0,0,27,3,GMM,BIC_Neff,3,1,0,1.0,1.0
P--,1,0,0,27,3,HMM,BIC,3,1,0,1.0,1.0
P--,1,0,0,27,3,HMM,AIC,3,1,0,1.0,1.0
P--,1,0,0,27,3,HMM,ICL,3,1,0,1.0,1.0
P--,1,0,0,27,3,K-Means,Gap (uniform),3,1,0,1.0,1.0
P--,1,0,0,27,3,K-Means,Prediction Strength,6,0,3,0.5689500572068676,1.0
P--,1,0,0,28,3,K-Means,Silhouette,3,1,0,1.0,1.0
P--,1,0,0,28,3,K-Means,Davies-Bouldin,3,1,0,1.0,1.0
P--,1,0,0,28,3,K-Means,Calinski-Harabasz,12,0,9,0.3221750712599457,1.0
P--,1,0,0,28,3,GMM,BIC,3,1,0,1.0,1.0
P--,1,0,0,28,3,GMM,AIC,4,0,1,0.9123801076322012,1.0
P--,1,0,0,28,3,GMM,ICL,3,1,0,1.0,1.0
P--,1,0,0,28,3,GMM,BIC_Neff,3,1,0,1.0,1.0
P--,1,0,0,28,3,HMM,BIC,4,0,1,0.7549933645883972,0.46715789970993693
P--,1,0,0,28,3,HMM,AIC,4,0,1,0.7549933645883972,0.46715789970993693
P--,1,0,0,28,3,HMM,ICL,7,0,4,0.9662510646348555,0.46715789970993693
P--,1,0,0,28,3,K-Means,Gap (uniform),3,1,0,1.0,1.0
P--,1,0,0,28,3,K-Means,Prediction Strength,3,1,0,1.0,1.0
P--,1,0,0,29,3,K-Means,Silhouette,3,1,0,1.0,1.0
P--,1,0,0,29,3,K-Means,Davies-Bouldin,3,1,0,1.0,1.0
P--,1,0,0,29,3,K-Means,Calinski-Harabasz,12,0,9,0.34033329059700007,1.0
P--,1,0,0,29,3,GMM,BIC,3,1,0,1.0,1.0
P--,1,0,0,29,3,GMM,AIC,3,1,0,1.0,1.0
P--,1,0,0,29,3,GMM,ICL,3,1,0,1.0,1.0
P--,1,0,0,29,3,GMM,BIC_Neff,3,1,0,1.0,1.0
P--,1,0,0,29,3,HMM,BIC,4,0,1,0.9961389579456545,0.4515472558759253
P--,1,0,0,29,3,HMM,AIC,4,0,1,0.9961389579456545,0.4515472558759253
P--,1,0,0,29,3,HMM,ICL,4,0,1,0.9961389579456545,0.4515472558759253
P--,1,0,0,29,3,K-Means,Gap (uniform),3,1,0,1.0,1.0
P--,1,0,0,29,3,K-Means,Prediction Strength,6,0,3,0.5735296016508298,1.0
P-S,1,0,1,0,3,K-Means,Silhouette,4,0,1,0.24503944306828288,0.24718399512152334
P-S,1,0,1,0,3,K-Means,Davies-Bouldin,4,0,1,0.24503944306828288,0.24718399512152334
P-S,1,0,1,0,3,K-Means,Calinski-Harabasz,12,0,9,0.18883141738714965,0.24718399512152334
P-S,1,0,1,0,3,GMM,BIC,8,0,5,0.1778841514470551,0.10041648537599042
P-S,1,0,1,0,3,GMM,AIC,10,0,7,0.17359961733217064,0.10041648537599042
P-S,1,0,1,0,3,GMM,ICL,3,1,0,0.10041648537599042,0.10041648537599042
P-S,1,0,1,0,3,GMM,BIC_Neff,8,0,5,0.1778841514470551,0.10041648537599042
P-S,1,0,1,0,3,HMM,BIC,11,0,8,0.1432625292788772,0.26882448317845975
P-S,1,0,1,0,3,HMM,AIC,11,0,8,0.1432625292788772,0.26882448317845975
P-S,1,0,1,0,3,HMM,ICL,11,0,8,0.1432625292788772,0.26882448317845975
P-S,1,0,1,0,3,K-Means,Gap (uniform),4,0,1,0.24503944306828288,0.24718399512152334
P-S,1,0,1,0,3,K-Means,Prediction Strength,5,0,2,0.21428287776685662,0.24718399512152334
P-S,1,0,1,1,3,K-Means,Silhouette,2,0,-1,0.2657970708684284,0.29111726076849737
P-S,1,0,1,1,3,K-Means,Davies-Bouldin,4,0,1,0.27173058539452927,0.29111726076849737
P-S,1,0,1,1,3,K-Means,Calinski-Harabasz,12,0,9,0.21046214869575644,0.29111726076849737
P-S,1,0,1,1,3,GMM,BIC,8,0,5,0.21542371159228052,0.1329051874130615
P-S,1,0,1,1,3,GMM,AIC,11,0,8,0.21167756839060653,0.1329051874130615
P-S,1,0,1,1,3,GMM,ICL,7,0,4,0.22033360714121186,0.1329051874130615
P-S,1,0,1,1,3,GMM,BIC_Neff,8,0,5,0.21542371159228052,0.1329051874130615
P-S,1,0,1,1,3,HMM,BIC,12,0,9,0.1510871050869359,0.19920175884987593
P-S,1,0,1,1,3,HMM,AIC,12,0,9,0.1510871050869359,0.19920175884987593
P-S,1,0,1,1,3,HMM,ICL,12,0,9,0.1510871050869359,0.19920175884987593
P-S,1,0,1,1,3,K-Means,Gap (uniform),4,0,1,0.27173058539452927,0.29111726076849737
P-S,1,0,1,1,3,K-Means,Prediction Strength,2,0,-1,0.2657970708684284,0.29111726076849737
P-S,1,0,1,2,3,K-Means,Silhouette,2,0,-1,0.2070714368638593,0.2547914781772342
P-S,1,0,1,2,3,K-Means,Davies-Bouldin,4,0,1,0.21613905119827778,0.2547914781772342
P-S,1,0,1,2,3,K-Means,Calinski-Harabasz,12,0,9,0.17166066129852128,0.2547914781772342
P-S,1,0,1,2,3,GMM,BIC,9,0,6,0.15764097387471923,0.1272219897340477
P-S,1,0,1,2,3,GMM,AIC,12,0,9,0.15328914495292714,0.1272219897340477
P-S,1,0,1,2,3,GMM,ICL,3,1,0,0.1272219897340477,0.1272219897340477
P-S,1,0,1,2,3,GMM,BIC_Neff,9,0,6,0.15764097387471923,0.1272219897340477
P-S,1,0,1,2,3,HMM,BIC,12,0,9,0.15687144562747982,0.18338327743685973
P-S,1,0,1,2,3,HMM,AIC,12,0,9,0.15687144562747982,0.18338327743685973
P-S,1,0,1,2,3,HMM,ICL,12,0,9,0.15687144562747982,0.18338327743685973
P-S,1,0,1,2,3,K-Means,Gap (uniform),1,0,-2,0.0,0.2547914781772342
P-S,1,0,1,2,3,K-Means,Prediction Strength,6,0,3,0.2041345865288833,0.2547914781772342
P-S,1,0,1,3,3,K-Means,Silhouette,4,0,1,0.23926388994142372,0.27797481529872475
P-S,1,0,1,3,3,K-Means,Davies-Bouldin,4,0,1,0.23926388994142372,0.27797481529872475
P-S,1,0,1,3,3,K-Means,Calinski-Harabasz,12,0,9,0.18527593190712988,0.27797481529872475
P-S,1,0,1,3,3,GMM,BIC,9,0,6,0.18146259207103016,0.14473015344193146
P-S,1,0,1,3,3,GMM,AIC,12,0,9,0.1719428701586394,0.14473015344193146
P-S,1,0,1,3,3,GMM,ICL,12,0,9,0.1719428701586394,0.14473015344193146
P-S,1,0,1,3,3,GMM,BIC_Neff,12,0,9,0.1719428701586394,0.14473015344193146
P-S,1,0,1,3,3,HMM,BIC,12,0,9,0.17984594743177076,0.17362406540144099
P-S,1,0,1,3,3,HMM,AIC,12,0,9,0.17984594743177076,0.17362406540144099
P-S,1,0,1,3,3,HMM,ICL,12,0,9,0.17984594743177076,0.17362406540144099
P-S,1,0,1,3,3,K-Means,Gap (uniform),1,0,-2,0.0,0.27797481529872475
P-S,1,0,1,3,3,K-Means,Prediction Strength,6,0,3,0.21019423430190795,0.27797481529872475
P-S,1,0,1,4,3,K-Means,Silhouette,9,0,6,0.16426988095482087,0.21411786050274176
P-S,1,0,1,4,3,K-Means,Davies-Bouldin,7,0,4,0.16899772999073592,0.21411786050274176
P-S,1,0,1,4,3,K-Means,Calinski-Harabasz,12,0,9,0.15983417050579832,0.21411786050274176
P-S,1,0,1,4,3,GMM,BIC,7,0,4,0.16677888409974204,0.17014986533108195
P-S,1,0,1,4,3,GMM,AIC,10,0,7,0.1515147675828488,0.17014986533108195
P-S,1,0,1,4,3,GMM,ICL,4,0,1,0.17059702498519624,0.17014986533108195
P-S,1,0,1,4,3,GMM,BIC_Neff,9,0,6,0.1538514051862869,0.17014986533108195
P-S,1,0,1,4,3,HMM,BIC,10,0,7,0.15538025914849987,0.21567690430429007
P-S,1,0,1,4,3,HMM,AIC,10,0,7,0.15538025914849987,0.21567690430429007
P-S,1,0,1,4,3,HMM,ICL,10,0,7,0.15538025914849987,0.21567690430429007
P-S,1,0,1,4,3,K-Means,Gap (uniform),1,0,-2,0.0,0.21411786050274176
P-S,1,0,1,4,3,K-Means,Prediction Strength,5,0,2,0.19395565393271538,0.21411786050274176
P-S,1,0,1,5,3,K-Means,Silhouette,8,0,5,0.1824846689696931,0.214499766853181
P-S,1,0,1,5,3,K-Means,Davies-Bouldin,8,0,5,0.1824846689696931,0.214499766853181
P-S,1,0,1,5,3,K-Means,Calinski-Harabasz,12,0,9,0.17848906742498463,0.214499766853181
P-S,1,0,1,5,3,GMM,BIC,7,0,4,0.1694530606814762,0.09809441377592688
P-S,1,0,1,5,3,GMM,AIC,12,0,9,0.16748273951864373,0.09809441377592688
P-S,1,0,1,5,3,GMM,ICL,3,1,0,0.09809441377592688,0.09809441377592688
P-S,1,0,1,5,3,GMM,BIC_Neff,8,0,5,0.17281054833947154,0.09809441377592688
P-S,1,0,1,5,3,HMM,BIC,8,0,5,0.1669584763251912,0.1819888924736424
P-S,1,0,1,5,3,HMM,AIC,11,0,8,0.16629453147288017,0.1819888924736424
P-S,1,0,1,5,3,HMM,ICL,8,0,5,0.1669584763251912,0.1819888924736424
P-S,1,0,1,5,3,K-Means,Gap (uniform),4,0,1,0.20003207385952518,0.214499766853181
P-S,1,0,1,5,3,K-Means,Prediction Strength,1,0,-2,0.0,0.214499766853181
P-S,1,0,1,6,3,K-Means,Silhouette,4,0,1,0.22515822093245116,0.22901729778653074
P-S,1,0,1,6,3,K-Means,Davies-Bouldin,4,0,1,0.22515822093245116,0.22901729778653074
P-S,1,0,1,6,3,K-Means,Calinski-Harabasz,12,0,9,0.17708181623129682,0.22901729778653074
P-S,1,0,1,6,3,GMM,BIC,11,0,8,0.15469010400093086,0.10678182640824484
P-S,1,0,1,6,3,GMM,AIC,11,0,8,0.15469010400093086,0.10678182640824484
P-S,1,0,1,6,3,GMM,ICL,3,1,0,0.10678182640824484,0.10678182640824484
P-S,1,0,1,6,3,GMM,BIC_Neff,11,0,8,0.15469010400093086,0.10678182640824484
P-S,1,0,1,6,3,HMM,BIC,12,0,9,0.15338428281213595,0.1699513149716942
P-S,1,0,1,6,3,HMM,AIC,12,0,9,0.15338428281213595,0.1699513149716942
P-S,1,0,1,6,3,HMM,ICL,12,0,9,0.15338428281213595,0.1699513149716942
P-S,1,0,1,6,3,K-Means,Gap (uniform),1,0,-2,0.0,0.22901729778653074
P-S,1,0,1,6,3,K-Means,Prediction Strength,2,0,-1,0.1940024204317414,0.22901729778653074
P-S,1,0,1,7,3,K-Means,Silhouette,3,1,0,0.21547355922539174,0.21547355922539174
P-S,1,0,1,7,3,K-Means,Davies-Bouldin,3,1,0,0.21547355922539174,0.21547355922539174
P-S,1,0,1,7,3,K-Means,Calinski-Harabasz,12,0,9,0.17354173711931944,0.21547355922539174
P-S,1,0,1,7,3,GMM,BIC,7,0,4,0.15784927380130293,0.20096009442050974
P-S,1,0,1,7,3,GMM,AIC,9,0,6,0.1588343022636131,0.20096009442050974
P-S,1,0,1,7,3,GMM,ICL,5,0,2,0.1736990829581085,0.20096009442050974
P-S,1,0,1,7,3,GMM,BIC_Neff,7,0,4,0.15784927380130293,0.20096009442050974
P-S,1,0,1,7,3,HMM,BIC,10,0,7,0.1239086112207548,0.22003597426627133
P-S,1,0,1,7,3,HMM,AIC,10,0,7,0.1239086112207548,0.22003597426627133
P-S,1,0,1,7,3,HMM,ICL,10,0,7,0.1239086112207548,0.22003597426627133
P-S,1,0,1,7,3,K-Means,Gap (uniform),1,0,-2,0.0,0.21547355922539174
P-S,1,0,1,7,3,K-Means,Prediction Strength,4,0,1,0.2129979991072057,0.21547355922539174
P-S,1,0,1,8,3,K-Means,Silhouette,9,0,6,0.14872988050407948,0.17822912097210616
P-S,1,0,1,8,3,K-Means,Davies-Bouldin,6,0,3,0.16495827615815142,0.17822912097210616
P-S,1,0,1,8,3,K-Means,Calinski-Harabasz,12,0,9,0.14267853476277284,0.17822912097210616
P-S,1,0,1,8,3,GMM,BIC,7,0,4,0.13935360083955972,0.12207968601406705
P-S,1,0,1,8,3,GMM,AIC,7,0,4,0.13935360083955972,0.12207968601406705
P-S,1,0,1,8,3,GMM,ICL,3,1,0,0.12207968601406705,0.12207968601406705
P-S,1,0,1,8,3,GMM,BIC_Neff,7,0,4,0.13935360083955972,0.12207968601406705
P-S,1,0,1,8,3,HMM,BIC,9,0,6,0.14423616488931298,0.14830579107027553
P-S,1,0,1,8,3,HMM,AIC,11,0,8,0.1377810095799811,0.14830579107027553
P-S,1,0,1,8,3,HMM,ICL,9,0,6,0.14423616488931298,0.14830579107027553
P-S,1,0,1,8,3,K-Means,Gap (uniform),1,0,-2,0.0,0.17822912097210616
P-S,1,0,1,8,3,K-Means,Prediction Strength,2,0,-1,0.15022395575284936,0.17822912097210616
P-S,1,0,1,9,3,K-Means,Silhouette,11,0,8,0.1546497902324633,0.22271425325113184
P-S,1,0,1,9,3,K-Means,Davies-Bouldin,7,0,4,0.17549417843462226,0.22271425325113184
P-S,1,0,1,9,3,K-Means,Calinski-Harabasz,12,0,9,0.14604352019842431,0.22271425325113184
P-S,1,0,1,9,3,GMM,BIC,7,0,4,0.1453215716710124,0.06426390969229996
P-S,1,0,1,9,3,GMM,AIC,9,0,6,0.14227598246730278,0.06426390969229996
P-S,1,0,1,9,3,GMM,ICL,3,1,0,0.06426390969229996,0.06426390969229996
P-S,1,0,1,9,3,GMM,BIC_Neff,9,0,6,0.14227598246730278,0.06426390969229996
P-S,1,0,1,9,3,HMM,BIC,8,0,5,0.1511895455578164,0.21567087964177165
P-S,1,0,1,9,3,HMM,AIC,12,0,9,0.12427487111966237,0.21567087964177165
P-S,1,0,1,9,3,HMM,ICL,8,0,5,0.1511895455578164,0.21567087964177165
P-S,1,0,1,9,3,K-Means,Gap (uniform),1,0,-2,0.0,0.22271425325113184
P-S,1,0,1,9,3,K-Means,Prediction Strength,4,0,1,0.21149773855466852,0.22271425325113184
P-S,1,0,1,10,3,K-Means,Silhouette,6,0,3,0.21897568287762784,0.26806842186969676
P-S,1,0,1,10,3,K-Means,Davies-Bouldin,5,0,2,0.21998980838852383,0.26806842186969676
P-S,1,0,1,10,3,K-Means,Calinski-Harabasz,12,0,9,0.21889877332484325,0.26806842186969676
P-S,1,0,1,10,3,GMM,BIC,6,0,3,0.2080257359615928,0.17003362633810518
P-S,1,0,1,10,3,GMM,AIC,12,0,9,0.19998120949005457,0.17003362633810518
P-S,1,0,1,10,3,GMM,ICL,4,0,1,0.16268524258541733,0.17003362633810518
P-S,1,0,1,10,3,GMM,BIC_Neff,6,0,3,0.2080257359615928,0.17003362633810518
P-S,1,0,1,10,3,HMM,BIC,12,0,9,0.15744064618627926,0.18481701194595562
P-S,1,0,1,10,3,HMM,AIC,12,0,9,0.15744064618627926,0.18481701194595562
P-S,1,0,1,10,3,HMM,ICL,8,0,5,0.21088156974400263,0.18481701194595562
P-S,1,0,1,10,3,K-Means,Gap (uniform),1,0,-2,0.0,0.26806842186969676
P-S,1,0,1,10,3,K-Means,Prediction Strength,1,0,-2,0.0,0.26806842186969676
P-S,1,0,1,11,3,K-Means,Silhouette,2,0,-1,0.2031365928675044,0.21193558762543957
P-S,1,0,1,11,3,K-Means,Davies-Bouldin,4,0,1,0.20412057386472288,0.21193558762543957
P-S,1,0,1,11,3,K-Means,Calinski-Harabasz,12,0,9,0.15432350767013267,0.21193558762543957
P-S,1,0,1,11,3,GMM,BIC,8,0,5,0.1541689722064091,0.10501395863614223
P-S,1,0,1,11,3,GMM,AIC,10,0,7,0.15244950405810362,0.10501395863614223
P-S,1,0,1,11,3,GMM,ICL,4,0,1,0.13124836880525723,0.10501395863614223
P-S,1,0,1,11,3,GMM,BIC_Neff,9,0,6,0.1530731596761912,0.10501395863614223
P-S,1,0,1,11,3,HMM,BIC,11,0,8,0.15472135108442406,0.20656823326139584
P-S,1,0,1,11,3,HMM,AIC,11,0,8,0.15472135108442406,0.20656823326139584
P-S,1,0,1,11,3,HMM,ICL,11,0,8,0.15472135108442406,0.20656823326139584
P-S,1,0,1,11,3,K-Means,Gap (uniform),4,0,1,0.20412057386472288,0.21193558762543957
P-S,1,0,1,11,3,K-Means,Prediction Strength,5,0,2,0.18928493814038364,0.21193558762543957
P-S,1,0,1,12,3,K-Means,Silhouette,11,0,8,0.14321927806577403,0.19925871159234979
P-S,1,0,1,12,3,K-Means,Davies-Bouldin,6,0,3,0.15826458666035897,0.19925871159234979
P-S,1,0,1,12,3,K-Means,Calinski-Harabasz,12,0,9,0.1410736180149776,0.19925871159234979
P-S,1,0,1,12,3,GMM,BIC,5,0,2,0.12098713766414704,0.18149256604422204
P-S,1,0,1,12,3,GMM,AIC,9,0,6,0.13066690244088705,0.18149256604422204
P-S,1,0,1,12,3,GMM,ICL,5,0,2,0.12098713766414704,0.18149256604422204
P-S,1,0,1,12,3,GMM,BIC_Neff,7,0,4,0.12555755096772006,0.18149256604422204
P-S,1,0,1,12,3,HMM,BIC,10,0,7,0.12929430864965846,0.19052455944549604
P-S,1,0,1,12,3,HMM,AIC,11,0,8,0.11447659433778352,0.19052455944549604
P-S,1,0,1,12,3,HMM,ICL,10,0,7,0.12929430864965846,0.19052455944549604
P-S,1,0,1,12,3,K-Means,Gap (uniform),1,0,-2,0.0,0.19925871159234979
P-S,1,0,1,12,3,K-Means,Prediction Strength,4,0,1,0.18269248607298916,0.19925871159234979
P-S,1,0,1,13,3,K-Means,Silhouette,9,0,6,0.17276715697953726,0.2136055796173026
P-S,1,0,1,13,3,K-Means,Davies-Bouldin,6,0,3,0.17937193272055885,0.2136055796173026
P-S,1,0,1,13,3,K-Means,Calinski-Harabasz,12,0,9,0.16639633026579118,0.2136055796173026
P-S,1,0,1,13,3,GMM,BIC,10,0,7,0.16361093734294685,0.14186353821287787
P-S,1,0,1,13,3,GMM,AIC,11,0,8,0.16355915068445395,0.14186353821287787
P-S,1,0,1,13,3,GMM,ICL,5,0,2,0.16745822608821131,0.14186353821287787
P-S,1,0,1,13,3,GMM,BIC_Neff,10,0,7,0.16361093734294685,0.14186353821287787
P-S,1,0,1,13,3,HMM,BIC,7,0,4,0.16664132537205226,0.23194124356662915
P-S,1,0,1,13,3,HMM,AIC,10,0,7,0.1386195698551466,0.23194124356662915
P-S,1,0,1,13,3,HMM,ICL,7,0,4,0.16664132537205226,0.23194124356662915
P-S,1,0,1,13,3,K-Means,Gap (uniform),1,0,-2,0.0,0.2136055796173026
P-S,1,0,1,13,3,K-Means,Prediction Strength,3,1,0,0.2136055796173026,0.2136055796173026
P-S,1,0,1,14,3,K-Means,Silhouette,9,0,6,0.15215576007841516,0.17784604432305012
P-S,1,0,1,14,3,K-Means,Davies-Bouldin,9,0,6,0.15215576007841516,0.17784604432305012
P-S,1,0,1,14,3,K-Means,Calinski-Harabasz,12,0,9,0.14009366729739706,0.17784604432305012
P-S,1,0,1,14,3,GMM,BIC,9,0,6,0.13075362728421472,0.06729288737290752
P-S,1,0,1,14,3,GMM,AIC,11,0,8,0.12719858769868153,0.06729288737290752
P-S,1,0,1,14,3,GMM,ICL,3,1,0,0.06729288737290752,0.06729288737290752
P-S,1,0,1,14,3,GMM,BIC_Neff,11,0,8,0.12719858769868153,0.06729288737290752
P-S,1,0,1,14,3,HMM,BIC,7,0,4,0.13062435395080327,0.15058745270517127
P-S,1,0,1,14,3,HMM,AIC,11,0,8,0.12910175020662407,0.15058745270517127
P-S,1,0,1,14,3,HMM,ICL,7,0,4,0.13062435395080327,0.15058745270517127
P-S,1,0,1,14,3,K-Means,Gap (uniform),1,0,-2,0.0,0.17784604432305012
P-S,1,0,1,14,3,K-Means,Prediction Strength,4,0,1,0.17696233354708638,0.17784604432305012
P-S,1,0,1,15,3,K-Means,Silhouette,4,0,1,0.22653406042238286,0.23122012639184245
P-S,1,0,1,15,3,K-Means,Davies-Bouldin,4,0,1,0.22653406042238286,0.23122012639184245
P-S,1,0,1,15,3,K-Means,Calinski-Harabasz,12,0,9,0.20570243656843354,0.23122012639184245
P-S,1,0,1,15,3,GMM,BIC,8,0,5,0.20245486829604953,0.11203548380989843
P-S,1,0,1,15,3,GMM,AIC,12,0,9,0.20009387630702982,0.11203548380989843
P-S,1,0,1,15,3,GMM,ICL,3,1,0,0.11203548380989843,0.11203548380989843
P-S,1,0,1,15,3,GMM,BIC_Neff,8,0,5,0.20245486829604953,0.11203548380989843
P-S,1,0,1,15,3,HMM,BIC,9,0,6,0.2067536348842657,0.1667518858587308
P-S,1,0,1,15,3,HMM,AIC,12,0,9,0.20695235539676823,0.1667518858587308
P-S,1,0,1,15,3,HMM,ICL,12,0,9,0.20695235539676823,0.1667518858587308
P-S,1,0,1,15,3,K-Means,Gap (uniform),4,0,1,0.22653406042238286,0.23122012639184245
P-S,1,0,1,15,3,K-Means,Prediction Strength,4,0,1,0.22653406042238286,0.23122012639184245
P-S,1,0,1,16,3,K-Means,Silhouette,2,0,-1,0.17091662840569996,0.1971091735271747
P-S,1,0,1,16,3,K-Means,Davies-Bouldin,6,0,3,0.15692216059939765,0.1971091735271747
P-S,1,0,1,16,3,K-Means,Calinski-Harabasz,12,0,9,0.13930285046310115,0.1971091735271747
P-S,1,0,1,16,3,GMM,BIC,9,0,6,0.1308776788775986,0.13177288331691475
P-S,1,0,1,16,3,GMM,AIC,10,0,7,0.12832510745845666,0.13177288331691475
P-S,1,0,1,16,3,GMM,ICL,6,0,3,0.14720239279416772,0.13177288331691475
P-S,1,0,1,16,3,GMM,BIC_Neff,9,0,6,0.1308776788775986,0.13177288331691475
P-S,1,0,1,16,3,HMM,BIC,10,0,7,0.13718377050986966,0.1355503905430124
P-S,1,0,1,16,3,HMM,AIC,11,0,8,0.13525437796502254,0.1355503905430124
P-S,1,0,1,16,3,HMM,ICL,10,0,7,0.13718377050986966,0.1355503905430124
P-S,1,0,1,16,3,K-Means,Gap (uniform),1,0,-2,0.0,0.1971091735271747
P-S,1,0,1,16,3,K-Means,Prediction Strength,6,0,3,0.15692216059939765,0.1971091735271747
P-S,1,0,1,17,3,K-Means,Silhouette,2,0,-1,0.17971902578201715,0.20623034439671695
P-S,1,0,1,17,3,K-Means,Davies-Bouldin,4,0,1,0.21555520880370543,0.20623034439671695
P-S,1,0,1,17,3,K-Means,Calinski-Harabasz,12,0,9,0.17841379151116035,0.20623034439671695
P-S,1,0,1,17,3,GMM,BIC,7,0,4,0.16633621269130697,0.10135005718243653
P-S,1,0,1,17,3,GMM,AIC,12,0,9,0.16550014459337853,0.10135005718243653
P-S,1,0,1,17,3,GMM,ICL,3,1,0,0.10135005718243653,0.10135005718243653
P-S,1,0,1,17,3,GMM,BIC_Neff,8,0,5,0.16719354291685953,0.10135005718243653
P-S,1,0,1,17,3,HMM,BIC,9,0,6,0.1717476750247426,0.15438384658864562
P-S,1,0,1,17,3,HMM,AIC,12,0,9,0.12445724717142354,0.15438384658864562
P-S,1,0,1,17,3,HMM,ICL,9,0,6,0.1717476750247426,0.15438384658864562
P-S,1,0,1,17,3,K-Means,Gap (uniform),1,0,-2,0.0,0.20623034439671695
P-S,1,0,1,17,3,K-Means,Prediction Strength,4,0,1,0.21555520880370543,0.20623034439671695
P-S,1,0,1,18,3,K-Means,Silhouette,9,0,6,0.22077552512083792,0.24717964479834315
P-S,1,0,1,18,3,K-Means,Davies-Bouldin,4,0,1,0.2446492853908534,0.24717964479834315
P-S,1,0,1,18,3,K-Means,Calinski-Harabasz,12,0,9,0.2153508990804394,0.24717964479834315
P-S,1,0,1,18,3,GMM,BIC,8,0,5,0.20434110983913586,0.12110035333962725
P-S,1,0,1,18,3,GMM,AIC,12,0,9,0.20604693272695151,0.12110035333962725
P-S,1,0,1,18,3,GMM,ICL,3,1,0,0.12110035333962725,0.12110035333962725
P-S,1,0,1,18,3,GMM,BIC_Neff,8,0,5,0.20434110983913586,0.12110035333962725
P-S,1,0,1,18,3,HMM,BIC,12,0,9,0.16545735317551977,0.17796335955126794
P-S,1,0,1,18,3,HMM,AIC,12,0,9,0.16545735317551977,0.17796335955126794
P-S,1,0,1,18,3,HMM,ICL,12,0,9,0.16545735317551977,0.17796335955126794
P-S,1,0,1,18,3,K-Means,Gap (uniform),4,0,1,0.2446492853908534,0.24717964479834315
P-S,1,0,1,18,3,K-Means,Prediction Strength,4,0,1,0.2446492853908534,0.24717964479834315
P-S,1,0,1,19,3,K-Means,Silhouette,2,0,-1,0.17007960381385442,0.1659368305831473
P-S,1,0,1,19,3,K-Means,Davies-Bouldin,9,0,6,0.17323415632864914,0.1659368305831473
P-S,1,0,1,19,3,K-Means,Calinski-Harabasz,12,0,9,0.16959511555726364,0.1659368305831473
P-S,1,0,1,19,3,GMM,BIC,6,0,3,0.1752277980935779,0.16943520266856316
P-S,1,0,1,19,3,GMM,AIC,11,0,8,0.1626023135674449,0.16943520266856316
P-S,1,0,1,19,3,GMM,ICL,7,0,4,0.1729669741363016,0.16943520266856316
P-S,1,0,1,19,3,GMM,BIC_Neff,7,0,4,0.1729669741363016,0.16943520266856316
P-S,1,0,1,19,3,HMM,BIC,12,0,9,0.1598655137185353,0.21870016939589923
P-S,1,0,1,19,3,HMM,AIC,12,0,9,0.1598655137185353,0.21870016939589923
P-S,1,0,1,19,3,HMM,ICL,9,0,6,0.16334318335225947,0.21870016939589923
P-S,1,0,1,19,3,K-Means,Gap (uniform),2,0,-1,0.17007960381385442,0.1659368305831473
P-S,1,0,1,19,3,K-Means,Prediction Strength,6,0,3,0.1812498216322477,0.1659368305831473
P-S,1,0,1,20,3,K-Means,Silhouette,11,0,8,0.19930811076092775,0.21974720910382775
P-S,1,0,1,20,3,K-Means,Davies-Bouldin,4,0,1,0.22637596801416981,0.21974720910382775
P-S,1,0,1,20,3,K-Means,Calinski-Harabasz,12,0,9,0.19898371224013223,0.21974720910382775
P-S,1,0,1,20,3,GMM,BIC,6,0,3,0.20305851413786172,0.11044384237231142
P-S,1,0,1,20,3,GMM,AIC,10,0,7,0.19979304747078042,0.11044384237231142
P-S,1,0,1,20,3,GMM,ICL,5,0,2,0.19682920874297782,0.11044384237231142
P-S,1,0,1,20,3,GMM,BIC_Neff,8,0,5,0.202066201362902,0.11044384237231142
P-S,1,0,1,20,3,HMM,BIC,10,0,7,0.2077256866142311,0.23493312166699476
P-S,1,0,1,20,3,HMM,AIC,10,0,7,0.2077256866142311,0.23493312166699476
P-S,1,0,1,20,3,HMM,ICL,10,0,7,0.2077256866142311,0.23493312166699476
P-S,1,0,1,20,3,K-Means,Gap (uniform),1,0,-2,0.0,0.21974720910382775
P-S,1,0,1,20,3,K-Means,Prediction Strength,4,0,1,0.22637596801416981,0.21974720910382775
P-S,1,0,1,21,3,K-Means,Silhouette,4,0,1,0.21183505354832263,0.2189116153110909
P-S,1,0,1,21,3,K-Means,Davies-Bouldin,4,0,1,0.21183505354832263,0.2189116153110909
P-S,1,0,1,21,3,K-Means,Calinski-Harabasz,12,0,9,0.1834159926438693,0.2189116153110909
P-S,1,0,1,21,3,GMM,BIC,10,0,7,0.17743325526699238,0.1363396371709607
P-S,1,0,1,21,3,GMM,AIC,12,0,9,0.17746898474945969,0.1363396371709607
P-S,1,0,1,21,3,GMM,ICL,3,1,0,0.1363396371709607,0.1363396371709607
P-S,1,0,1,21,3,GMM,BIC_Neff,12,0,9,0.17746898474945969,0.1363396371709607
P-S,1,0,1,21,3,HMM,BIC,11,0,8,0.13639116100138396,0.23213081910666988
P-S,1,0,1,21,3,HMM,AIC,11,0,8,0.13639116100138396,0.23213081910666988
P-S,1,0,1,21,3,HMM,ICL,11,0,8,0.13639116100138396,0.23213081910666988
P-S,1,0,1,21,3,K-Means,Gap (uniform),1,0,-2,0.0,0.2189116153110909
P-S,1,0,1,21,3,K-Means,Prediction Strength,6,0,3,0.203658041665622,0.2189116153110909
P-S,1,0,1,22,3,K-Means,Silhouette,2,0,-1,0.14588165177292806,0.16380979281473107
P-S,1,0,1,22,3,K-Means,Davies-Bouldin,6,0,3,0.15717662763900067,0.16380979281473107
P-S,1,0,1,22,3,K-Means,Calinski-Harabasz,12,0,9,0.11906102589673853,0.16380979281473107
P-S,1,0,1,22,3,GMM,BIC,8,0,5,0.11859696163106305,0.15400703395491847
P-S,1,0,1,22,3,GMM,AIC,10,0,7,0.11656501170724935,0.15400703395491847
P-S,1,0,1,22,3,GMM,ICL,6,0,3,0.13910147713163004,0.15400703395491847
P-S,1,0,1,22,3,GMM,BIC_Neff,10,0,7,0.11656501170724935,0.15400703395491847
P-S,1,0,1,22,3,HMM,BIC,8,0,5,0.13100874654121927,0.15262910998444815
P-S,1,0,1,22,3,HMM,AIC,12,0,9,0.13074666214152328,0.15262910998444815
P-S,1,0,1,22,3,HMM,ICL,8,0,5,0.13100874654121927,0.15262910998444815
P-S,1,0,1,22,3,K-Means,Gap (uniform),1,0,-2,0.0,0.16380979281473107
P-S,1,0,1,22,3,K-Means,Prediction Strength,6,0,3,0.15717662763900067,0.16380979281473107
P-S,1,0,1,23,3,K-Means,Silhouette,9,0,6,0.21194368217240928,0.23641571150700016
P-S,1,0,1,23,3,K-Means,Davies-Bouldin,4,0,1,0.23550950185189956,0.23641571150700016
P-S,1,0,1,23,3,K-Means,Calinski-Harabasz,12,0,9,0.2103134477516224,0.23641571150700016
P-S,1,0,1,23,3,GMM,BIC,7,0,4,0.2112873723685777,0.16204358730504576
P-S,1,0,1,23,3,GMM,AIC,8,0,5,0.2098492681823815,0.16204358730504576
P-S,1,0,1,23,3,GMM,ICL,3,1,0,0.16204358730504576,0.16204358730504576
P-S,1,0,1,23,3,GMM,BIC_Neff,7,0,4,0.2112873723685777,0.16204358730504576
P-S,1,0,1,23,3,HMM,BIC,9,0,6,0.2123518898715165,0.16585337092143448
P-S,1,0,1,23,3,HMM,AIC,12,0,9,0.2164267556907242,0.16585337092143448
P-S,1,0,1,23,3,HMM,ICL,9,0,6,0.2123518898715165,0.16585337092143448
P-S,1,0,1,23,3,K-Means,Gap (uniform),4,0,1,0.23550950185189956,0.23641571150700016
P-S,1,0,1,23,3,K-Means,Prediction Strength,4,0,1,0.23550950185189956,0.23641571150700016
P-S,1,0,1,24,3,K-Means,Silhouette,3,1,0,0.26823336033248085,0.26823336033248085
P-S,1,0,1,24,3,K-Means,Davies-Bouldin,3,1,0,0.26823336033248085,0.26823336033248085
P-S,1,0,1,24,3,K-Means,Calinski-Harabasz,12,0,9,0.2309903685274887,0.26823336033248085
P-S,1,0,1,24,3,GMM,BIC,8,0,5,0.22305074621908424,0.15831156451987827
P-S,1,0,1,24,3,GMM,AIC,12,0,9,0.222098978842291,0.15831156451987827
P-S,1,0,1,24,3,GMM,ICL,3,1,0,0.15831156451987827,0.15831156451987827
P-S,1,0,1,24,3,GMM,BIC_Neff,8,0,5,0.22305074621908424,0.15831156451987827
P-S,1,0,1,24,3,HMM,BIC,11,0,8,0.21786499163474898,0.26782058502912015
P-S,1,0,1,24,3,HMM,AIC,11,0,8,0.21786499163474898,0.26782058502912015
P-S,1,0,1,24,3,HMM,ICL,11,0,8,0.21786499163474898,0.26782058502912015
P-S,1,0,1,24,3,K-Means,Gap (uniform),1,0,-2,0.0,0.26823336033248085
P-S,1,0,1,24,3,K-Means,Prediction Strength,6,0,3,0.24623146146148187,0.26823336033248085
P-S,1,0,1,25,3,K-Means,Silhouette,6,0,3,0.18073959185502259,0.18997304754636782
P-S,1,0,1,25,3,K-Means,Davies-Bouldin,6,0,3,0.18073959185502259,0.18997304754636782
P-S,1,0,1,25,3,K-Means,Calinski-Harabasz,12,0,9,0.17067708698886708,0.18997304754636782
P-S,1,0,1,25,3,GMM,BIC,5,0,2,0.14967613376661554,0.17882128608272058
P-S,1,0,1,25,3,GMM,AIC,9,0,6,0.1518092546087587,0.17882128608272058
P-S,1,0,1,25,3,GMM,ICL,4,0,1,0.17101470668820395,0.17882128608272058
P-S,1,0,1,25,3,GMM,BIC_Neff,9,0,6,0.1518092546087587,0.17882128608272058
P-S,1,0,1,25,3,HMM,BIC,12,0,9,0.15506889105009178,0.1360854144580187
P-S,1,0,1,25,3,HMM,AIC,12,0,9,0.15506889105009178,0.1360854144580187
P-S,1,0,1,25,3,HMM,ICL,12,0,9,0.15506889105009178,0.1360854144580187
P-S,1,0,1,25,3,K-Means,Gap (uniform),1,0,-2,0.0,0.18997304754636782
P-S,1,0,1,25,3,K-Means,Prediction Strength,6,0,3,0.18073959185502259,0.18997304754636782
P-S,1,0,1,26,3,K-Means,Silhouette,2,0,-1,0.22336689692156791,0.25125392666698043
P-S,1,0,1,26,3,K-Means,Davies-Bouldin,3,1,0,0.25125392666698043,0.25125392666698043
P-S,1,0,1,26,3,K-Means,Calinski-Harabasz,12,0,9,0.1814532348436554,0.25125392666698043
P-S,1,0,1,26,3,GMM,BIC,10,0,7,0.17419212839387793,0.16549703217580097
P-S,1,0,1,26,3,GMM,AIC,11,0,8,0.17588101440758752,0.16549703217580097
P-S,1,0,1,26,3,GMM,ICL,4,0,1,0.1450751331458956,0.16549703217580097
P-S,1,0,1,26,3,GMM,BIC_Neff,10,0,7,0.17419212839387793,0.16549703217580097
P-S,1,0,1,26,3,HMM,BIC,12,0,9,0.1806013701112749,0.23423216615106768
P-S,1,0,1,26,3,HMM,AIC,12,0,9,0.1806013701112749,0.23423216615106768
P-S,1,0,1,26,3,HMM,ICL,12,0,9,0.1806013701112749,0.23423216615106768
P-S,1,0,1,26,3,K-Means,Gap (uniform),6,0,3,0.22303898081197746,0.25125392666698043
P-S,1,0,1,26,3,K-Means,Prediction Strength,6,0,3,0.22303898081197746,0.25125392666698043
P-S,1,0,1,27,3,K-Means,Silhouette,6,0,3,0.22462093177230927,0.23287681511232444
P-S,1,0,1,27,3,K-Means,Davies-Bouldin,3,1,0,0.23287681511232444,0.23287681511232444
P-S,1,0,1,27,3,K-Means,Calinski-Harabasz,12,0,9,0.19028456130626298,0.23287681511232444
P-S,1,0,1,27,3,GMM,BIC,8,0,5,0.18070198308906443,0.17482706792814193
P-S,1,0,1,27,3,GMM,AIC,12,0,9,0.17882104859885806,0.17482706792814193
P-S,1,0,1,27,3,GMM,ICL,4,0,1,0.1605352744036809,0.17482706792814193
P-S,1,0,1,27,3,GMM,BIC_Neff,8,0,5,0.18070198308906443,0.17482706792814193
P-S,1,0,1,27,3,HMM,BIC,12,0,9,0.1840532488254298,0.21988486702541335
P-S,1,0,1,27,3,HMM,AIC,12,0,9,0.1840532488254298,0.21988486702541335
P-S,1,0,1,27,3,HMM,ICL,8,0,5,0.19580321247426624,0.21988486702541335
P-S,1,0,1,27,3,K-Means,Gap (uniform),1,0,-2,0.0,0.23287681511232444
P-S,1,0,1,27,3,K-Means,Prediction Strength,4,0,1,0.23183958718673078,0.23287681511232444
P-S,1,0,1,28,3,K-Means,Silhouette,9,0,6,0.1344628155564948,0.1542577136329008
P-S,1,0,1,28,3,K-Means,Davies-Bouldin,9,0,6,0.1344628155564948,0.1542577136329008
P-S,1,0,1,28,3,K-Means,Calinski-Harabasz,12,0,9,0.13336208225831248,0.1542577136329008
P-S,1,0,1,28,3,GMM,BIC,5,0,2,0.14246441422433928,0.10576553695309043
P-S,1,0,1,28,3,GMM,AIC,12,0,9,0.11842096559416512,0.10576553695309043
P-S,1,0,1,28,3,GMM,ICL,9,0,6,0.13390776805016757,0.10576553695309043
P-S,1,0,1,28,3,GMM,BIC_Neff,11,0,8,0.11892247117484607,0.10576553695309043
P-S,1,0,1,28,3,HMM,BIC,8,0,5,0.13519045992776094,0.09143496021511624
P-S,1,0,1,28,3,HMM,AIC,8,0,5,0.13519045992776094,0.09143496021511624
P-S,1,0,1,28,3,HMM,ICL,8,0,5,0.13519045992776094,0.09143496021511624
P-S,1,0,1,28,3,K-Means,Gap (uniform),1,0,-2,0.0,0.1542577136329008
P-S,1,0,1,28,3,K-Means,Prediction Strength,2,0,-1,0.12703948995949707,0.1542577136329008
P-S,1,0,1,29,3,K-Means,Silhouette,9,0,6,0.16749797467166036,0.2196439094392019
P-S,1,0,1,29,3,K-Means,Davies-Bouldin,9,0,6,0.16749797467166036,0.2196439094392019
P-S,1,0,1,29,3,K-Means,Calinski-Harabasz,12,0,9,0.16668515960486266,0.2196439094392019
P-S,1,0,1,29,3,GMM,BIC,8,0,5,0.16231314708115838,0.06927623295530416
P-S,1,0,1,29,3,GMM,AIC,9,0,6,0.16213820721471303,0.06927623295530416
P-S,1,0,1,29,3,GMM,ICL,3,1,0,0.06927623295530416,0.06927623295530416
P-S,1,0,1,29,3,GMM,BIC_Neff,8,0,5,0.16231314708115838,0.06927623295530416
P-S,1,0,1,29,3,HMM,BIC,11,0,8,0.16436946094955904,-0.0006546019256027437
P-S,1,0,1,29,3,HMM,AIC,11,0,8,0.16436946094955904,-0.0006546019256027437
P-S,1,0,1,29,3,HMM,ICL,11,0,8,0.16436946094955904,-0.0006546019256027437
P-S,1,0,1,29,3,K-Means,Gap (uniform),4,0,1,0.22003014420876424,0.2196439094392019
P-S,1,0,1,29,3,K-Means,Prediction Strength,3,1,0,0.2196439094392019,0.2196439094392019
PK-,1,1,0,0,3,K-Means,Silhouette,2,0,-1,0.054312163879648885,0.09877583570681214
PK-,1,1,0,0,3,K-Means,Davies-Bouldin,6,0,3,0.1462992560441933,0.09877583570681214
PK-,1,1,0,0,3,K-Means,Calinski-Harabasz,12,0,9,0.08468590612845561,0.09877583570681214
PK-,1,1,0,0,3,GMM,BIC,8,0,5,0.11119102204915625,0.14725166167334616
PK-,1,1,0,0,3,GMM,AIC,12,0,9,0.08322876044513965,0.14725166167334616
PK-,1,1,0,0,3,GMM,ICL,9,0,6,0.10531006537228008,0.14725166167334616
PK-,1,1,0,0,3,GMM,BIC_Neff,12,0,9,0.08322876044513965,0.14725166167334616
PK-,1,1,0,0,3,HMM,BIC,5,0,2,0.3573624589527185,0.28087648878384586
PK-,1,1,0,0,3,HMM,AIC,8,0,5,0.2176934449084891,0.28087648878384586
PK-,1,1,0,0,3,HMM,ICL,2,0,-1,0.2204284716850904,0.28087648878384586
PK-,1,1,0,0,3,K-Means,Gap (uniform),1,0,-2,0.0,0.09877583570681214
PK-,1,1,0,0,3,K-Means,Prediction Strength,2,0,-1,0.054312163879648885,0.09877583570681214
PK-,1,1,0,1,3,K-Means,Silhouette,2,0,-1,0.04190781816301406,0.08213345879566378
PK-,1,1,0,1,3,K-Means,Davies-Bouldin,12,0,9,0.07007098358129903,0.08213345879566378
PK-,1,1,0,1,3,K-Means,Calinski-Harabasz,12,0,9,0.07007098358129903,0.08213345879566378
PK-,1,1,0,1,3,GMM,BIC,6,0,3,0.09549711872266282,0.11271905672707395
PK-,1,1,0,1,3,GMM,AIC,12,0,9,0.05486518349016966,0.11271905672707395
PK-,1,1,0,1,3,GMM,ICL,8,0,5,0.08280635441746195,0.11271905672707395
PK-,1,1,0,1,3,GMM,BIC_Neff,12,0,9,0.05486518349016966,0.11271905672707395
PK-,1,1,0,1,3,HMM,BIC,4,0,1,0.1534487213913695,0.15569358876025668
PK-,1,1,0,1,3,HMM,AIC,6,0,3,0.19204413985899216,0.15569358876025668
PK-,1,1,0,1,3,HMM,ICL,2,0,-1,0.17609144675588523,0.15569358876025668
PK-,1,1,0,1,3,K-Means,Gap (uniform),1,0,-2,0.0,0.08213345879566378
PK-,1,1,0,1,3,K-Means,Prediction Strength,2,0,-1,0.04190781816301406,0.08213345879566378
PK-,1,1,0,2,3,K-Means,Silhouette,2,0,-1,0.05018774175707622,0.06825405880118109
PK-,1,1,0,2,3,K-Means,Davies-Bouldin,7,0,4,0.08774672266550312,0.06825405880118109
PK-,1,1,0,2,3,K-Means,Calinski-Harabasz,12,0,9,0.06140728562650452,0.06825405880118109
PK-,1,1,0,2,3,GMM,BIC,11,0,8,0.06199782023438022,0.10943506634470707
PK-,1,1,0,2,3,GMM,AIC,11,0,8,0.06199782023438022,0.10943506634470707
PK-,1,1,0,2,3,GMM,ICL,8,0,5,0.08857041425559727,0.10943506634470707
PK-,1,1,0,2,3,GMM,BIC_Neff,11,0,8,0.06199782023438022,0.10943506634470707
PK-,1,1,0,2,3,HMM,BIC,4,0,1,0.1508637782831371,0.16565814101209017
PK-,1,1,0,2,3,HMM,AIC,7,0,4,0.18888131992277185,0.16565814101209017
PK-,1,1,0,2,3,HMM,ICL,3,1,0,0.16565814101209017,0.16565814101209017
PK-,1,1,0,2,3,K-Means,Gap (uniform),1,0,-2,0.0,0.06825405880118109
PK-,1,1,0,2,3,K-Means,Prediction Strength,2,0,-1,0.05018774175707622,0.06825405880118109
PK-,1,1,0,3,3,K-Means,Silhouette,2,0,-1,0.0542694039603249,0.08984853750857087
PK-,1,1,0,3,3,K-Means,Davies-Bouldin,4,0,1,0.09906836815136587,0.08984853750857087
PK-,1,1,0,3,3,K-Means,Calinski-Harabasz,12,0,9,0.07250578630652461,0.08984853750857087
PK-,1,1,0,3,3,GMM,BIC,10,0,7,0.07074596617372711,0.11633195016378708
PK-,1,1,0,3,3,GMM,AIC,12,0,9,0.06369767097257238,0.11633195016378708
PK-,1,1,0,3,3,GMM,ICL,11,0,8,0.06933460784592749,0.11633195016378708
PK-,1,1,0,3,3,GMM,BIC_Neff,10,0,7,0.07074596617372711,0.11633195016378708
PK-,1,1,0,3,3,HMM,BIC,5,0,2,0.1282800743872928,0.16459913620934385
PK-,1,1,0,3,3,HMM,AIC,9,0,6,0.10960980986067259,0.16459913620934385
PK-,1,1,0,3,3,HMM,ICL,2,0,-1,0.13285981966919397,0.16459913620934385
PK-,1,1,0,3,3,K-Means,Gap (uniform),1,0,-2,0.0,0.08984853750857087
PK-,1,1,0,3,3,K-Means,Prediction Strength,2,0,-1,0.0542694039603249,0.08984853750857087
PK-,1,1,0,4,3,K-Means,Silhouette,2,0,-1,0.08815608010562598,0.09742339580574204
PK-,1,1,0,4,3,K-Means,Davies-Bouldin,6,0,3,0.18669372347166133,0.09742339580574204
PK-,1,1,0,4,3,K-Means,Calinski-Harabasz,12,0,9,0.1096608131611848,0.09742339580574204
PK-,1,1,0,4,3,GMM,BIC,11,0,8,0.11153780457688867,0.173188218970171
PK-,1,1,0,4,3,GMM,AIC,12,0,9,0.1041095125766799,0.173188218970171
PK-,1,1,0,4,3,GMM,ICL,3,1,0,0.173188218970171,0.173188218970171
PK-,1,1,0,4,3,GMM,BIC_Neff,11,0,8,0.11153780457688867,0.173188218970171
PK-,1,1,0,4,3,HMM,BIC,6,0,3,0.16353987578293944,0.28164754625291333
PK-,1,1,0,4,3,HMM,AIC,6,0,3,0.16353987578293944,0.28164754625291333
PK-,1,1,0,4,3,HMM,ICL,3,1,0,0.28164754625291333,0.28164754625291333
PK-,1,1,0,4,3,K-Means,Gap (uniform),1,0,-2,0.0,0.09742339580574204
PK-,1,1,0,4,3,K-Means,Prediction Strength,1,0,-2,0.0,0.09742339580574204
PK-,1,1,0,5,3,K-Means,Silhouette,2,0,-1,0.052742460702435594,0.11489794999697112
PK-,1,1,0,5,3,K-Means,Davies-Bouldin,9,0,6,0.1300633058836835,0.11489794999697112
PK-,1,1,0,5,3,K-Means,Calinski-Harabasz,12,0,9,0.11321200500289946,0.11489794999697112
PK-,1,1,0,5,3,GMM,BIC,11,0,8,0.08536158282400946,0.1834326179544381
PK-,1,1,0,5,3,GMM,AIC,12,0,9,0.08372263031515807,0.1834326179544381
PK-,1,1,0,5,3,GMM,ICL,9,0,6,0.12541317982009836,0.1834326179544381
PK-,1,1,0,5,3,GMM,BIC_Neff,12,0,9,0.08372263031515807,0.1834326179544381
PK-,1,1,0,5,3,HMM,BIC,4,0,1,0.2588858583135939,0.23767092087962724
PK-,1,1,0,5,3,HMM,AIC,7,0,4,0.18635916524720078,0.23767092087962724
PK-,1,1,0,5,3,HMM,ICL,2,0,-1,0.31344222519224146,0.23767092087962724
PK-,1,1,0,5,3,K-Means,Gap (uniform),1,0,-2,0.0,0.11489794999697112
PK-,1,1,0,5,3,K-Means,Prediction Strength,6,0,3,0.1669627162484963,0.11489794999697112
PK-,1,1,0,6,3,K-Means,Silhouette,2,0,-1,0.06784839904841067,0.11561905279113958
PK-,1,1,0,6,3,K-Means,Davies-Bouldin,11,0,8,0.14506865194997118,0.11561905279113958
PK-,1,1,0,6,3,K-Means,Calinski-Harabasz,12,0,9,0.12563319784432087,0.11561905279113958
PK-,1,1,0,6,3,GMM,BIC,11,0,8,0.09579168277119343,0.18896719231043396
PK-,1,1,0,6,3,GMM,AIC,11,0,8,0.09579168277119343,0.18896719231043396
PK-,1,1,0,6,3,GMM,ICL,10,0,7,0.1430116492844358,0.18896719231043396
PK-,1,1,0,6,3,GMM,BIC_Neff,11,0,8,0.09579168277119343,0.18896719231043396
PK-,1,1,0,6,3,HMM,BIC,6,0,3,0.24769389636644273,0.2856407442515963
PK-,1,1,0,6,3,HMM,AIC,6,0,3,0.24769389636644273,0.2856407442515963
PK-,1,1,0,6,3,HMM,ICL,2,0,-1,0.2897011158483366,0.2856407442515963
PK-,1,1,0,6,3,K-Means,Gap (uniform),1,0,-2,0.0,0.11561905279113958
PK-,1,1,0,6,3,K-Means,Prediction Strength,2,0,-1,0.06784839904841067,0.11561905279113958
PK-,1,1,0,7,3,K-Means,Silhouette,2,0,-1,0.05120459617354899,0.0696847439325612
PK-,1,1,0,7,3,K-Means,Davies-Bouldin,11,0,8,0.06972826640248408,0.0696847439325612
PK-,1,1,0,7,3,K-Means,Calinski-Harabasz,12,0,9,0.06367028307755226,0.0696847439325612
PK-,1,1,0,7,3,GMM,BIC,9,0,6,0.07289852326244271,0.12111467230303626
PK-,1,1,0,7,3,GMM,AIC,11,0,8,0.059209801906442164,0.12111467230303626
PK-,1,1,0,7,3,GMM,ICL,6,0,3,0.10174826285891461,0.12111467230303626
PK-,1,1,0,7,3,GMM,BIC_Neff,11,0,8,0.059209801906442164,0.12111467230303626
PK-,1,1,0,7,3,HMM,BIC,5,0,2,0.20470436209612478,0.22738394826164995
PK-,1,1,0,7,3,HMM,AIC,7,0,4,0.17357907050405777,0.22738394826164995
PK-,1,1,0,7,3,HMM,ICL,2,0,-1,0.13402448553535082,0.22738394826164995
PK-,1,1,0,7,3,K-Means,Gap (uniform),1,0,-2,0.0,0.0696847439325612
PK-,1,1,0,7,3,K-Means,Prediction Strength,2,0,-1,0.05120459617354899,0.0696847439325612
PK-,1,1,0,8,3,K-Means,Silhouette,2,0,-1,0.05535068896938426,0.10926725381882964
PK-,1,1,0,8,3,K-Means,Davies-Bouldin,7,0,4,0.14558557842841904,0.10926725381882964
PK-,1,1,0,8,3,K-Means,Calinski-Harabasz,12,0,9,0.08905697095072922,0.10926725381882964
PK-,1,1,0,8,3,GMM,BIC,9,0,6,0.09698400522955805,0.15494877314797006
PK-,1,1,0,8,3,GMM,AIC,12,0,9,0.08199931171478472,0.15494877314797006
PK-,1,1,0,8,3,GMM,ICL,7,0,4,0.13102097024843617,0.15494877314797006
PK-,1,1,0,8,3,GMM,BIC_Neff,12,0,9,0.08199931171478472,0.15494877314797006
PK-,1,1,0,8,3,HMM,BIC,4,0,1,0.20222006244029309,0.28755069023272595
PK-,1,1,0,8,3,HMM,AIC,10,0,7,0.1567951217881167,0.28755069023272595
PK-,1,1,0,8,3,HMM,ICL,2,0,-1,0.24632116537775264,0.28755069023272595
PK-,1,1,0,8,3,K-Means,Gap (uniform),1,0,-2,0.0,0.10926725381882964
PK-,1,1,0,8,3,K-Means,Prediction Strength,1,0,-2,0.0,0.10926725381882964
PK-,1,1,0,9,3,K-Means,Silhouette,2,0,-1,0.04869927705747235,0.09661902441755416
PK-,1,1,0,9,3,K-Means,Davies-Bouldin,11,0,8,0.06145704248847665,0.09661902441755416
PK-,1,1,0,9,3,K-Means,Calinski-Harabasz,12,0,9,0.05906905552229824,0.09661902441755416
PK-,1,1,0,9,3,GMM,BIC,8,0,5,0.06497339082326979,0.11002241422637773
PK-,1,1,0,9,3,GMM,AIC,12,0,9,0.05084698618670065,0.11002241422637773
PK-,1,1,0,9,3,GMM,ICL,7,0,4,0.07467044354159338,0.11002241422637773
PK-,1,1,0,9,3,GMM,BIC_Neff,8,0,5,0.06497339082326979,0.11002241422637773
PK-,1,1,0,9,3,HMM,BIC,5,0,2,0.10687156185745673,0.14111480188787726
PK-,1,1,0,9,3,HMM,AIC,8,0,5,0.1390486207749094,0.14111480188787726
PK-,1,1,0,9,3,HMM,ICL,2,0,-1,0.1344060797631728,0.14111480188787726
PK-,1,1,0,9,3,K-Means,Gap (uniform),1,0,-2,0.0,0.09661902441755416
PK-,1,1,0,9,3,K-Means,Prediction Strength,3,1,0,0.09661902441755416,0.09661902441755416
PK-,1,1,0,10,3,K-Means,Silhouette,2,0,-1,0.06647843926699268,0.11481918552658685
PK-,1,1,0,10,3,K-Means,Davies-Bouldin,6,0,3,0.14675562374007017,0.11481918552658685
PK-,1,1,0,10,3,K-Means,Calinski-Harabasz,12,0,9,0.0939026735492939,0.11481918552658685
PK-,1,1,0,10,3,GMM,BIC,9,0,6,0.09876197038798709,0.16236593840089997
PK-,1,1,0,10,3,GMM,AIC,12,0,9,0.08826229390575104,0.16236593840089997
PK-,1,1,0,10,3,GMM,ICL,7,0,4,0.13307268535407438,0.16236593840089997
PK-,1,1,0,10,3,GMM,BIC_Neff,9,0,6,0.09876197038798709,0.16236593840089997
PK-,1,1,0,10,3,HMM,BIC,6,0,3,0.24896274241271124,0.32347795321979994
PK-,1,1,0,10,3,HMM,AIC,7,0,4,0.23232050455017847,0.32347795321979994
PK-,1,1,0,10,3,HMM,ICL,2,0,-1,0.2827749532965872,0.32347795321979994
PK-,1,1,0,10,3,K-Means,Gap (uniform),1,0,-2,0.0,0.11481918552658685
PK-,1,1,0,10,3,K-Means,Prediction Strength,3,1,0,0.11481918552658685,0.11481918552658685
PK-,1,1,0,11,3,K-Means,Silhouette,2,0,-1,0.05411273131297031,0.1063785084351622
PK-,1,1,0,11,3,K-Means,Davies-Bouldin,6,0,3,0.1147414185008928,0.1063785084351622
PK-,1,1,0,11,3,K-Means,Calinski-Harabasz,12,0,9,0.056195333264381905,0.1063785084351622
PK-,1,1,0,11,3,GMM,BIC,8,0,5,0.07750185639592176,0.13054337702858562
PK-,1,1,0,11,3,GMM,AIC,11,0,8,0.05650152021403787,0.13054337702858562
PK-,1,1,0,11,3,GMM,ICL,5,0,2,0.11609796265724893,0.13054337702858562
PK-,1,1,0,11,3,GMM,BIC_Neff,11,0,8,0.05650152021403787,0.13054337702858562
PK-,1,1,0,11,3,HMM,BIC,4,0,1,0.13167027821985627,0.16688259636970668
PK-,1,1,0,11,3,HMM,AIC,9,0,6,0.14176624639923913,0.16688259636970668
PK-,1,1,0,11,3,HMM,ICL,2,0,-1,0.16753788171452935,0.16688259636970668
PK-,1,1,0,11,3,K-Means,Gap (uniform),1,0,-2,0.0,0.1063785084351622
PK-,1,1,0,11,3,K-Means,Prediction Strength,3,1,0,0.1063785084351622,0.1063785084351622
PK-,1,1,0,12,3,K-Means,Silhouette,2,0,-1,0.009520654424328243,0.04096780450878012
PK-,1,1,0,12,3,K-Means,Davies-Bouldin,9,0,6,0.06757558390949589,0.04096780450878012
PK-,1,1,0,12,3,K-Means,Calinski-Harabasz,12,0,9,0.05365261922835458,0.04096780450878012
PK-,1,1,0,12,3,GMM,BIC,12,0,9,0.04775755789582118,0.10688448580257115
PK-,1,1,0,12,3,GMM,AIC,12,0,9,0.04775755789582118,0.10688448580257115
PK-,1,1,0,12,3,GMM,ICL,11,0,8,0.05273740459833748,0.10688448580257115
PK-,1,1,0,12,3,GMM,BIC_Neff,12,0,9,0.04775755789582118,0.10688448580257115
PK-,1,1,0,12,3,HMM,BIC,4,0,1,0.14750737748391646,0.15362284642574037
PK-,1,1,0,12,3,HMM,AIC,9,0,6,0.13965782404955465,0.15362284642574037
PK-,1,1,0,12,3,HMM,ICL,2,0,-1,0.12911159474697678,0.15362284642574037
PK-,1,1,0,12,3,K-Means,Gap (uniform),1,0,-2,0.0,0.04096780450878012
PK-,1,1,0,12,3,K-Means,Prediction Strength,2,0,-1,0.009520654424328243,0.04096780450878012
PK-,1,1,0,13,3,K-Means,Silhouette,2,0,-1,0.03608447670515851,0.05250245476649926
PK-,1,1,0,13,3,K-Means,Davies-Bouldin,12,0,9,0.04944428993880351,0.05250245476649926
PK-,1,1,0,13,3,K-Means,Calinski-Harabasz,12,0,9,0.04944428993880351,0.05250245476649926
PK-,1,1,0,13,3,GMM,BIC,6,0,3,0.07428070933735714,0.10861176133260361
PK-,1,1,0,13,3,GMM,AIC,12,0,9,0.05376510901636129,0.10861176133260361
PK-,1,1,0,13,3,GMM,ICL,5,0,2,0.08244040464514621,0.10861176133260361
PK-,1,1,0,13,3,GMM,BIC_Neff,6,0,3,0.07428070933735714,0.10861176133260361
PK-,1,1,0,13,3,HMM,BIC,5,0,2,0.20934544437914598,0.16447190346541185
PK-,1,1,0,13,3,HMM,AIC,11,0,8,0.18844092304928772,0.16447190346541185
PK-,1,1,0,13,3,HMM,ICL,2,0,-1,0.16861338530271985,0.16447190346541185
PK-,1,1,0,13,3,K-Means,Gap (uniform),1,0,-2,0.0,0.05250245476649926
PK-,1,1,0,13,3,K-Means,Prediction Strength,4,0,1,0.07621232322472879,0.05250245476649926
PK-,1,1,0,14,3,K-Means,Silhouette,2,0,-1,0.0551214790496895,0.11373103172832646
PK-,1,1,0,14,3,K-Means,Davies-Bouldin,12,0,9,0.07013625318181398,0.11373103172832646
PK-,1,1,0,14,3,K-Means,Calinski-Harabasz,12,0,9,0.07013625318181398,0.11373103172832646
PK-,1,1,0,14,3,GMM,BIC,7,0,4,0.1030545347433404,0.13559889307581316
PK-,1,1,0,14,3,GMM,AIC,12,0,9,0.07433352276028987,0.13559889307581316
PK-,1,1,0,14,3,GMM,ICL,5,0,2,0.1320346026117341,0.13559889307581316
PK-,1,1,0,14,3,GMM,BIC_Neff,11,0,8,0.07351094702645178,0.13559889307581316
PK-,1,1,0,14,3,HMM,BIC,4,0,1,0.1288176178784395,0.17010698692986298
PK-,1,1,0,14,3,HMM,AIC,9,0,6,0.13343023513396138,0.17010698692986298
PK-,1,1,0,14,3,HMM,ICL,2,0,-1,0.19009634549560117,0.17010698692986298
PK-,1,1,0,14,3,K-Means,Gap (uniform),1,0,-2,0.0,0.11373103172832646
PK-,1,1,0,14,3,K-Means,Prediction Strength,3,1,0,0.11373103172832646,0.11373103172832646
PK-,1,1,0,15,3,K-Means,Silhouette,2,0,-1,0.04108363786128095,0.07224090966371872
PK-,1,1,0,15,3,K-Means,Davies-Bouldin,5,0,2,0.11692418978616304,0.07224090966371872
PK-,1,1,0,15,3,K-Means,Calinski-Harabasz,12,0,9,0.07810349843668801,0.07224090966371872
PK-,1,1,0,15,3,GMM,BIC,8,0,5,0.0977345838198195,0.14497132988534794
PK-,1,1,0,15,3,GMM,AIC,12,0,9,0.0718728316805749,0.14497132988534794
PK-,1,1,0,15,3,GMM,ICL,7,0,4,0.11744001852467215,0.14497132988534794
PK-,1,1,0,15,3,GMM,BIC_Neff,12,0,9,0.0718728316805749,0.14497132988534794
PK-,1,1,0,15,3,HMM,BIC,6,0,3,0.1474075240992587,0.21433974419038215
PK-,1,1,0,15,3,HMM,AIC,9,0,6,0.13382616620112633,0.21433974419038215
PK-,1,1,0,15,3,HMM,ICL,3,1,0,0.21433974419038215,0.21433974419038215
PK-,1,1,0,15,3,K-Means,Gap (uniform),1,0,-2,0.0,0.07224090966371872
PK-,1,1,0,15,3,K-Means,Prediction Strength,1,0,-2,0.0,0.07224090966371872
PK-,1,1,0,16,3,K-Means,Silhouette,2,0,-1,0.016425421263082305,0.044607437720826044
PK-,1,1,0,16,3,K-Means,Davies-Bouldin,6,0,3,0.0723162506350956,0.044607437720826044
PK-,1,1,0,16,3,K-Means,Calinski-Harabasz,12,0,9,0.04322312500574939,0.044607437720826044
PK-,1,1,0,16,3,GMM,BIC,9,0,6,0.05018786805570193,0.09185862899634857
PK-,1,1,0,16,3,GMM,AIC,12,0,9,0.04398592661902264,0.09185862899634857
PK-,1,1,0,16,3,GMM,ICL,7,0,4,0.06279813413670071,0.09185862899634857
PK-,1,1,0,16,3,GMM,BIC_Neff,9,0,6,0.05018786805570193,0.09185862899634857
PK-,1,1,0,16,3,HMM,BIC,4,0,1,0.09972639688825809,0.13987500003796896
PK-,1,1,0,16,3,HMM,AIC,8,0,5,0.16048804501456893,0.13987500003796896
PK-,1,1,0,16,3,HMM,ICL,2,0,-1,0.11136644690409138,0.13987500003796896
PK-,1,1,0,16,3,K-Means,Gap (uniform),1,0,-2,0.0,0.044607437720826044
PK-,1,1,0,16,3,K-Means,Prediction Strength,3,1,0,0.044607437720826044,0.044607437720826044
PK-,1,1,0,17,3,K-Means,Silhouette,2,0,-1,0.04728461835182281,0.06903077995363399
PK-,1,1,0,17,3,K-Means,Davies-Bouldin,5,0,2,0.08960664462378061,0.06903077995363399
PK-,1,1,0,17,3,K-Means,Calinski-Harabasz,12,0,9,0.04784915796959797,0.06903077995363399
PK-,1,1,0,17,3,GMM,BIC,10,0,7,0.05083124462697362,0.10609478925418413
PK-,1,1,0,17,3,GMM,AIC,11,0,8,0.051170339943636775,0.10609478925418413
PK-,1,1,0,17,3,GMM,ICL,5,0,2,0.08837866662796134,0.10609478925418413
PK-,1,1,0,17,3,GMM,BIC_Neff,11,0,8,0.051170339943636775,0.10609478925418413
PK-,1,1,0,17,3,HMM,BIC,4,0,1,0.10999198632532697,0.1451708545602504
PK-,1,1,0,17,3,HMM,AIC,7,0,4,0.13027196796535395,0.1451708545602504
PK-,1,1,0,17,3,HMM,ICL,2,0,-1,0.1288169951270198,0.1451708545602504
PK-,1,1,0,17,3,K-Means,Gap (uniform),1,0,-2,0.0,0.06903077995363399
PK-,1,1,0,17,3,K-Means,Prediction Strength,5,0,2,0.08960664462378061,0.06903077995363399
PK-,1,1,0,18,3,K-Means,Silhouette,2,0,-1,0.036919847684893196,0.09416620115074904
PK-,1,1,0,18,3,K-Means,Davies-Bouldin,12,0,9,0.07690845469180593,0.09416620115074904
PK-,1,1,0,18,3,K-Means,Calinski-Harabasz,12,0,9,0.07690845469180593,0.09416620115074904
PK-,1,1,0,18,3,GMM,BIC,7,0,4,0.08618353502460155,0.13941769983455055
PK-,1,1,0,18,3,GMM,AIC,10,0,7,0.08044721492518792,0.13941769983455055
PK-,1,1,0,18,3,GMM,ICL,11,0,8,0.07640901974445234,0.13941769983455055
PK-,1,1,0,18,3,GMM,BIC_Neff,7,0,4,0.08618353502460155,0.13941769983455055
PK-,1,1,0,18,3,HMM,BIC,5,0,2,0.32443910961522526,0.31517660037172374
PK-,1,1,0,18,3,HMM,AIC,8,0,5,0.1959738735595042,0.31517660037172374
PK-,1,1,0,18,3,HMM,ICL,2,0,-1,0.2674609686950732,0.31517660037172374
PK-,1,1,0,18,3,K-Means,Gap (uniform),1,0,-2,0.0,0.09416620115074904
PK-,1,1,0,18,3,K-Means,Prediction Strength,2,0,-1,0.036919847684893196,0.09416620115074904
PK-,1,1,0,19,3,K-Means,Silhouette,2,0,-1,0.021924553039491923,0.054442545762524296
PK-,1,1,0,19,3,K-Means,Davies-Bouldin,10,0,7,0.049716965530992266,0.054442545762524296
PK-,1,1,0,19,3,K-Means,Calinski-Harabasz,12,0,9,0.044393564638471106,0.054442545762524296
PK-,1,1,0,19,3,GMM,BIC,9,0,6,0.05543241766137443,0.10000617844510243
PK-,1,1,0,19,3,GMM,AIC,12,0,9,0.0467038826733338,0.10000617844510243
PK-,1,1,0,19,3,GMM,ICL,10,0,7,0.0494950870363077,0.10000617844510243
PK-,1,1,0,19,3,GMM,BIC_Neff,10,0,7,0.0494950870363077,0.10000617844510243
PK-,1,1,0,19,3,HMM,BIC,5,0,2,0.23178369540447605,0.16008325890018632
PK-,1,1,0,19,3,HMM,AIC,7,0,4,0.22042773651748565,0.16008325890018632
PK-,1,1,0,19,3,HMM,ICL,2,0,-1,0.17536040776583423,0.16008325890018632
PK-,1,1,0,19,3,K-Means,Gap (uniform),1,0,-2,0.0,0.054442545762524296
PK-,1,1,0,19,3,K-Means,Prediction Strength,1,0,-2,0.0,0.054442545762524296
PK-,1,1,0,20,3,K-Means,Silhouette,2,0,-1,0.02206582538077031,0.08479724932433923
PK-,1,1,0,20,3,K-Means,Davies-Bouldin,12,0,9,0.08018417688739198,0.08479724932433923
PK-,1,1,0,20,3,K-Means,Calinski-Harabasz,12,0,9,0.08018417688739198,0.08479724932433923
PK-,1,1,0,20,3,GMM,BIC,7,0,4,0.10055124069948944,0.13662564005334601
PK-,1,1,0,20,3,GMM,AIC,12,0,9,0.06412843998890208,0.13662564005334601
PK-,1,1,0,20,3,GMM,ICL,5,0,2,0.11300972785746537,0.13662564005334601
PK-,1,1,0,20,3,GMM,BIC_Neff,11,0,8,0.07048690524684685,0.13662564005334601
PK-,1,1,0,20,3,HMM,BIC,4,0,1,0.17863372116053203,0.23791512785284788
PK-,1,1,0,20,3,HMM,AIC,6,0,3,0.24309066590415182,0.23791512785284788
PK-,1,1,0,20,3,HMM,ICL,2,0,-1,0.2788075987448464,0.23791512785284788
PK-,1,1,0,20,3,K-Means,Gap (uniform),1,0,-2,0.0,0.08479724932433923
PK-,1,1,0,20,3,K-Means,Prediction Strength,1,0,-2,0.0,0.08479724932433923
PK-,1,1,0,21,3,K-Means,Silhouette,2,0,-1,-0.0030162481787315946,0.0432441821188978
PK-,1,1,0,21,3,K-Means,Davies-Bouldin,12,0,9,0.04172825330642137,0.0432441821188978
PK-,1,1,0,21,3,K-Means,Calinski-Harabasz,12,0,9,0.04172825330642137,0.0432441821188978
PK-,1,1,0,21,3,GMM,BIC,11,0,8,0.045049060344650796,0.0738751709262441
PK-,1,1,0,21,3,GMM,AIC,11,0,8,0.045049060344650796,0.0738751709262441
PK-,1,1,0,21,3,GMM,ICL,7,0,4,0.06255336375330373,0.0738751709262441
PK-,1,1,0,21,3,GMM,BIC_Neff,11,0,8,0.045049060344650796,0.0738751709262441
PK-,1,1,0,21,3,HMM,BIC,4,0,1,0.11191508837965553,0.1818882568766665
PK-,1,1,0,21,3,HMM,AIC,7,0,4,0.1251542055655467,0.1818882568766665
PK-,1,1,0,21,3,HMM,ICL,2,0,-1,0.13101967283861793,0.1818882568766665
PK-,1,1,0,21,3,K-Means,Gap (uniform),1,0,-2,0.0,0.0432441821188978
PK-,1,1,0,21,3,K-Means,Prediction Strength,3,1,0,0.0432441821188978,0.0432441821188978
PK-,1,1,0,22,3,K-Means,Silhouette,2,0,-1,-0.0036953390996282017,0.0091660107866126
PK-,1,1,0,22,3,K-Means,Davies-Bouldin,12,0,9,0.02131860147618828,0.0091660107866126
PK-,1,1,0,22,3,K-Means,Calinski-Harabasz,12,0,9,0.02131860147618828,0.0091660107866126
PK-,1,1,0,22,3,GMM,BIC,10,0,7,0.0318191750281724,0.0397591032522599
PK-,1,1,0,22,3,GMM,AIC,12,0,9,0.03295116901484028,0.0397591032522599
PK-,1,1,0,22,3,GMM,ICL,8,0,5,0.032931583256495825,0.0397591032522599
PK-,1,1,0,22,3,GMM,BIC_Neff,12,0,9,0.03295116901484028,0.0397591032522599
PK-,1,1,0,22,3,HMM,BIC,5,0,2,0.07335778495187974,0.12448937629340849
PK-,1,1,0,22,3,HMM,AIC,6,0,3,0.14337630286152345,0.12448937629340849
PK-,1,1,0,22,3,HMM,ICL,2,0,-1,0.06075835913892273,0.12448937629340849
PK-,1,1,0,22,3,K-Means,Gap (uniform),1,0,-2,0.0,0.0091660107866126
PK-,1,1,0,22,3,K-Means,Prediction Strength,1,0,-2,0.0,0.0091660107866126
PK-,1,1,0,23,3,K-Means,Silhouette,2,0,-1,0.06849919402571783,0.11743019594669073
PK-,1,1,0,23,3,K-Means,Davies-Bouldin,12,0,9,0.07913414279990699,0.11743019594669073
PK-,1,1,0,23,3,K-Means,Calinski-Harabasz,12,0,9,0.07913414279990699,0.11743019594669073
PK-,1,1,0,23,3,GMM,BIC,9,0,6,0.0820574585708544,0.12851941249993742
PK-,1,1,0,23,3,GMM,AIC,12,0,9,0.06572155668696386,0.12851941249993742
PK-,1,1,0,23,3,GMM,ICL,2,0,-1,0.11380472678601035,0.12851941249993742
PK-,1,1,0,23,3,GMM,BIC_Neff,12,0,9,0.06572155668696386,0.12851941249993742
PK-,1,1,0,23,3,HMM,BIC,5,0,2,0.2091818393989189,0.17699025008753788
PK-,1,1,0,23,3,HMM,AIC,8,0,5,0.19116202404512916,0.17699025008753788
PK-,1,1,0,23,3,HMM,ICL,2,0,-1,0.21850070078385145,0.17699025008753788
PK-,1,1,0,23,3,K-Means,Gap (uniform),1,0,-2,0.0,0.11743019594669073
PK-,1,1,0,23,3,K-Means,Prediction Strength,4,0,1,0.13307696779363373,0.11743019594669073
PK-,1,1,0,24,3,K-Means,Silhouette,2,0,-1,0.049399308720498074,0.10304967410720625
PK-,1,1,0,24,3,K-Means,Davies-Bouldin,3,1,0,0.10304967410720625,0.10304967410720625
PK-,1,1,0,24,3,K-Means,Calinski-Harabasz,12,0,9,0.07307443462416363,0.10304967410720625
PK-,1,1,0,24,3,GMM,BIC,7,0,4,0.10688950452013356,0.15150212030783336
PK-,1,1,0,24,3,GMM,AIC,12,0,9,0.07319742557772982,0.15150212030783336
PK-,1,1,0,24,3,GMM,ICL,9,0,6,0.09619853664939282,0.15150212030783336
PK-,1,1,0,24,3,GMM,BIC_Neff,7,0,4,0.10688950452013356,0.15150212030783336
PK-,1,1,0,24,3,HMM,BIC,4,0,1,0.21096947732087404,0.21991227491557305
PK-,1,1,0,24,3,HMM,AIC,8,0,5,0.2016547122699913,0.21991227491557305
PK-,1,1,0,24,3,HMM,ICL,2,0,-1,0.27975399318637967,0.21991227491557305
PK-,1,1,0,24,3,K-Means,Gap (uniform),1,0,-2,0.0,0.10304967410720625
PK-,1,1,0,24,3,K-Means,Prediction Strength,2,0,-1,0.049399308720498074,0.10304967410720625
PK-,1,1,0,25,3,K-Means,Silhouette,2,0,-1,-9.709288791704192e-05,0.025711514484322143
PK-,1,1,0,25,3,K-Means,Davies-Bouldin,2,0,-1,-9.709288791704192e-05,0.025711514484322143
PK-,1,1,0,25,3,K-Means,Calinski-Harabasz,12,0,9,0.11629106624629651,0.025711514484322143
PK-,1,1,0,25,3,GMM,BIC,9,0,6,0.12462380771156942,0.18332358062341783
PK-,1,1,0,25,3,GMM,AIC,12,0,9,0.11540215977691676,0.18332358062341783
PK-,1,1,0,25,3,GMM,ICL,7,0,4,0.1596282391353845,0.18332358062341783
PK-,1,1,0,25,3,GMM,BIC_Neff,9,0,6,0.12462380771156942,0.18332358062341783
PK-,1,1,0,25,3,HMM,BIC,6,0,3,0.2992109282900814,0.3761018967523412
PK-,1,1,0,25,3,HMM,AIC,7,0,4,0.267286999546436,0.3761018967523412
PK-,1,1,0,25,3,HMM,ICL,3,1,0,0.3761018967523412,0.3761018967523412
PK-,1,1,0,25,3,K-Means,Gap (uniform),1,0,-2,0.0,0.025711514484322143
PK-,1,1,0,25,3,K-Means,Prediction Strength,5,0,2,0.1364379965669735,0.025711514484322143
PK-,1,1,0,26,3,K-Means,Silhouette,2,0,-1,0.0581740800781014,0.10777709334435978
PK-,1,1,0,26,3,K-Means,Davies-Bouldin,6,0,3,0.14765711460856093,0.10777709334435978
PK-,1,1,0,26,3,K-Means,Calinski-Harabasz,12,0,9,0.11363115891170567,0.10777709334435978
PK-,1,1,0,26,3,GMM,BIC,6,0,3,0.12927427273283806,0.13866313820359577
PK-,1,1,0,26,3,GMM,AIC,12,0,9,0.08336324694860442,0.13866313820359577
PK-,1,1,0,26,3,GMM,ICL,7,0,4,0.13386963554440592,0.13866313820359577
PK-,1,1,0,26,3,GMM,BIC_Neff,11,0,8,0.08671123350165887,0.13866313820359577
PK-,1,1,0,26,3,HMM,BIC,4,0,1,0.15914805735824944,0.2105506665449406
PK-,1,1,0,26,3,HMM,AIC,6,0,3,0.2296893618471862,0.2105506665449406
PK-,1,1,0,26,3,HMM,ICL,2,0,-1,0.18857024258009777,0.2105506665449406
PK-,1,1,0,26,3,K-Means,Gap (uniform),1,0,-2,0.0,0.10777709334435978
PK-,1,1,0,26,3,K-Means,Prediction Strength,3,1,0,0.10777709334435978,0.10777709334435978
PK-,1,1,0,27,3,K-Means,Silhouette,2,0,-1,0.07113904381443235,0.09803918052922628
PK-,1,1,0,27,3,K-Means,Davies-Bouldin,5,0,2,0.12373749149072408,0.09803918052922628
PK-,1,1,0,27,3,K-Means,Calinski-Harabasz,12,0,9,0.07550542562118792,0.09803918052922628
PK-,1,1,0,27,3,GMM,BIC,8,0,5,0.1049628546752941,0.14020594351857912
PK-,1,1,0,27,3,GMM,AIC,12,0,9,0.07177813753035756,0.14020594351857912
PK-,1,1,0,27,3,GMM,ICL,6,0,3,0.1339383586862568,0.14020594351857912
PK-,1,1,0,27,3,GMM,BIC_Neff,12,0,9,0.07177813753035756,0.14020594351857912
PK-,1,1,0,27,3,HMM,BIC,4,0,1,0.15452530886179616,0.1831627594342383
PK-,1,1,0,27,3,HMM,AIC,7,0,4,0.1597160490780087,0.1831627594342383
PK-,1,1,0,27,3,HMM,ICL,2,0,-1,0.16675940302524458,0.1831627594342383
PK-,1,1,0,27,3,K-Means,Gap (uniform),1,0,-2,0.0,0.09803918052922628
PK-,1,1,0,27,3,K-Means,Prediction Strength,2,0,-1,0.07113904381443235,0.09803918052922628
PK-,1,1,0,28,3,K-Means,Silhouette,2,0,-1,0.07327364800718751,0.12031844427063168
PK-,1,1,0,28,3,K-Means,Davies-Bouldin,12,0,9,0.08217430074279052,0.12031844427063168
PK-,1,1,0,28,3,K-Means,Calinski-Harabasz,12,0,9,0.08217430074279052,0.12031844427063168
PK-,1,1,0,28,3,GMM,BIC,9,0,6,0.09443108932280238,0.17096053146802637
PK-,1,1,0,28,3,GMM,AIC,12,0,9,0.08144616694535539,0.17096053146802637
PK-,1,1,0,28,3,GMM,ICL,12,0,9,0.08144616694535539,0.17096053146802637
PK-,1,1,0,28,3,GMM,BIC_Neff,11,0,8,0.08481431618827699,0.17096053146802637
PK-,1,1,0,28,3,HMM,BIC,4,0,1,0.17667609450137275,0.19541532664600753
PK-,1,1,0,28,3,HMM,AIC,8,0,5,0.16787741980250329,0.19541532664600753
PK-,1,1,0,28,3,HMM,ICL,2,0,-1,0.24915064210952148,0.19541532664600753
PK-,1,1,0,28,3,K-Means,Gap (uniform),1,0,-2,0.0,0.12031844427063168
PK-,1,1,0,28,3,K-Means,Prediction Strength,3,1,0,0.12031844427063168,0.12031844427063168
PK-,1,1,0,29,3,K-Means,Silhouette,2,0,-1,0.032135351616750435,0.0661255539055927
PK-,1,1,0,29,3,K-Means,Davies-Bouldin,12,0,9,0.058754451613547025,0.0661255539055927
PK-,1,1,0,29,3,K-Means,Calinski-Harabasz,12,0,9,0.058754451613547025,0.0661255539055927
PK-,1,1,0,29,3,GMM,BIC,10,0,7,0.05630269740910037,0.10493405602060983
PK-,1,1,0,29,3,GMM,AIC,11,0,8,0.05488231875972147,0.10493405602060983
PK-,1,1,0,29,3,GMM,ICL,12,0,9,0.058762354889445916,0.10493405602060983
PK-,1,1,0,29,3,GMM,BIC_Neff,10,0,7,0.05630269740910037,0.10493405602060983
PK-,1,1,0,29,3,HMM,BIC,6,0,3,0.14895991143505594,0.16072144696455162
PK-,1,1,0,29,3,HMM,AIC,6,0,3,0.14895991143505594,0.16072144696455162
PK-,1,1,0,29,3,HMM,ICL,2,0,-1,0.12804461329996406,0.16072144696455162
PK-,1,1,0,29,3,K-Means,Gap (uniform),1,0,-2,0.0,0.0661255539055927
PK-,1,1,0,29,3,K-Means,Prediction Strength,2,0,-1,0.032135351616750435,0.0661255539055927
PKS,1,1,1,0,3,K-Means,Silhouette,2,0,-1,0.11645946338334168,0.14249334183857595
PKS,1,1,1,0,3,K-Means,Davies-Bouldin,8,0,5,0.12200823912928657,0.14249334183857595
PKS,1,1,1,0,3,K-Means,Calinski-Harabasz,12,0,9,0.09392318810153161,0.14249334183857595
PKS,1,1,1,0,3,GMM,BIC,3,1,0,0.17459941884561575,0.17459941884561575
PKS,1,1,1,0,3,GMM,AIC,11,0,8,0.10590595335940989,0.17459941884561575
PKS,1,1,1,0,3,GMM,ICL,2,0,-1,0.11709188888269167,0.17459941884561575
PKS,1,1,1,0,3,GMM,BIC_Neff,3,1,0,0.17459941884561575,0.17459941884561575
PKS,1,1,1,0,3,HMM,BIC,10,0,7,0.10669800434213275,-0.00093986537770822
PKS,1,1,1,0,3,HMM,AIC,10,0,7,0.10669800434213275,-0.00093986537770822
PKS,1,1,1,0,3,HMM,ICL,10,0,7,0.10669800434213275,-0.00093986537770822
PKS,1,1,1,0,3,K-Means,Gap (uniform),1,0,-2,0.0,0.14249334183857595
PKS,1,1,1,0,3,K-Means,Prediction Strength,3,1,0,0.14249334183857595,0.14249334183857595
PKS,1,1,1,1,3,K-Means,Silhouette,4,0,1,0.17917661988623806,0.18488786125938142
PKS,1,1,1,1,3,K-Means,Davies-Bouldin,4,0,1,0.17917661988623806,0.18488786125938142
PKS,1,1,1,1,3,K-Means,Calinski-Harabasz,12,0,9,0.08687760429551956,0.18488786125938142
PKS,1,1,1,1,3,GMM,BIC,6,0,3,0.15443343131589238,0.17199851398912894
PKS,1,1,1,1,3,GMM,AIC,7,0,4,0.1399190449919848,0.17199851398912894
PKS,1,1,1,1,3,GMM,ICL,4,0,1,0.18548515567083745,0.17199851398912894
PKS,1,1,1,1,3,GMM,BIC_Neff,6,0,3,0.15443343131589238,0.17199851398912894
PKS,1,1,1,1,3,HMM,BIC,11,0,8,0.1208844209381201,0.20651890895968025
PKS,1,1,1,1,3,HMM,AIC,11,0,8,0.1208844209381201,0.20651890895968025
PKS,1,1,1,1,3,HMM,ICL,11,0,8,0.1208844209381201,0.20651890895968025
PKS,1,1,1,1,3,K-Means,Gap (uniform),1,0,-2,0.0,0.18488786125938142
PKS,1,1,1,1,3,K-Means,Prediction Strength,4,0,1,0.17917661988623806,0.18488786125938142
PKS,1,1,1,2,3,K-Means,Silhouette,2,0,-1,0.09509818192607816,0.1332655151559624
PKS,1,1,1,2,3,K-Means,Davies-Bouldin,12,0,9,0.06681369188658635,0.1332655151559624
PKS,1,1,1,2,3,K-Means,Calinski-Harabasz,12,0,9,0.06681369188658635,0.1332655151559624
PKS,1,1,1,2,3,GMM,BIC,3,1,0,0.14512936849940986,0.14512936849940986
PKS,1,1,1,2,3,GMM,AIC,11,0,8,0.068841057090807,0.14512936849940986
PKS,1,1,1,2,3,GMM,ICL,3,1,0,0.14512936849940986,0.14512936849940986
PKS,1,1,1,2,3,GMM,BIC_Neff,3,1,0,0.14512936849940986,0.14512936849940986
PKS,1,1,1,2,3,HMM,BIC,12,0,9,0.09073013903353899,0.1614252845271276
PKS,1,1,1,2,3,HMM,AIC,12,0,9,0.09073013903353899,0.1614252845271276
PKS,1,1,1,2,3,HMM,ICL,7,0,4,0.121507524426667,0.1614252845271276
PKS,1,1,1,2,3,K-Means,Gap (uniform),1,0,-2,0.0,0.1332655151559624
PKS,1,1,1,2,3,K-Means,Prediction Strength,2,0,-1,0.09509818192607816,0.1332655151559624
PKS,1,1,1,3,3,K-Means,Silhouette,2,0,-1,0.13490943691665036,0.1263919976185356
PKS,1,1,1,3,3,K-Means,Davies-Bouldin,8,0,5,0.09701063627350641,0.1263919976185356
PKS,1,1,1,3,3,K-Means,Calinski-Harabasz,12,0,9,0.08010524416015481,0.1263919976185356
PKS,1,1,1,3,3,GMM,BIC,4,0,1,0.1370027426351914,0.12708244841840288
PKS,1,1,1,3,3,GMM,AIC,4,0,1,0.1370027426351914,0.12708244841840288
PKS,1,1,1,3,3,GMM,ICL,4,0,1,0.1370027426351914,0.12708244841840288
PKS,1,1,1,3,3,GMM,BIC_Neff,4,0,1,0.1370027426351914,0.12708244841840288
PKS,1,1,1,3,3,HMM,BIC,12,0,9,0.0870737339670001,0.18597205454460858
PKS,1,1,1,3,3,HMM,AIC,12,0,9,0.0870737339670001,0.18597205454460858
PKS,1,1,1,3,3,HMM,ICL,12,0,9,0.0870737339670001,0.18597205454460858
PKS,1,1,1,3,3,K-Means,Gap (uniform),1,0,-2,0.0,0.1263919976185356
PKS,1,1,1,3,3,K-Means,Prediction Strength,2,0,-1,0.13490943691665036,0.1263919976185356
PKS,1,1,1,4,3,K-Means,Silhouette,2,0,-1,0.21161462087848143,0.23667248340009284
PKS,1,1,1,4,3,K-Means,Davies-Bouldin,4,0,1,0.25671988968773807,0.23667248340009284
PKS,1,1,1,4,3,K-Means,Calinski-Harabasz,12,0,9,0.09873123617332598,0.23667248340009284
PKS,1,1,1,4,3,GMM,BIC,6,0,3,0.19814267982538117,0.212753917582843
PKS,1,1,1,4,3,GMM,AIC,8,0,5,0.18278261137863364,0.212753917582843
PKS,1,1,1,4,3,GMM,ICL,2,0,-1,0.1624775125827596,0.212753917582843
PKS,1,1,1,4,3,GMM,BIC_Neff,6,0,3,0.19814267982538117,0.212753917582843
PKS,1,1,1,4,3,HMM,BIC,11,0,8,0.10935917068402096,0.2291100255418974
PKS,1,1,1,4,3,HMM,AIC,11,0,8,0.10935917068402096,0.2291100255418974
PKS,1,1,1,4,3,HMM,ICL,11,0,8,0.10935917068402096,0.2291100255418974
PKS,1,1,1,4,3,K-Means,Gap (uniform),1,0,-2,0.0,0.23667248340009284
PKS,1,1,1,4,3,K-Means,Prediction Strength,2,0,-1,0.21161462087848143,0.23667248340009284
PKS,1,1,1,5,3,K-Means,Silhouette,2,0,-1,0.1587694980221785,0.14646918365314415
PKS,1,1,1,5,3,K-Means,Davies-Bouldin,6,0,3,0.14704278636542062,0.14646918365314415
PKS,1,1,1,5,3,K-Means,Calinski-Harabasz,12,0,9,0.07992101180019041,0.14646918365314415
PKS,1,1,1,5,3,GMM,BIC,5,0,2,0.14426152483990565,0.14968422155429775
PKS,1,1,1,5,3,GMM,AIC,6,0,3,0.14451595136057566,0.14968422155429775
PKS,1,1,1,5,3,GMM,ICL,2,0,-1,0.16427625903601956,0.14968422155429775
PKS,1,1,1,5,3,GMM,BIC_Neff,6,0,3,0.14451595136057566,0.14968422155429775
PKS,1,1,1,5,3,HMM,BIC,8,0,5,0.13222720322043482,0.18410405453992668
PKS,1,1,1,5,3,HMM,AIC,12,0,9,0.12185103909899443,0.18410405453992668
PKS,1,1,1,5,3,HMM,ICL,8,0,5,0.13222720322043482,0.18410405453992668
PKS,1,1,1,5,3,K-Means,Gap (uniform),1,0,-2,0.0,0.14646918365314415
PKS,1,1,1,5,3,K-Means,Prediction Strength,3,1,0,0.14646918365314415,0.14646918365314415
PKS,1,1,1,6,3,K-Means,Silhouette,5,0,2,0.18650009749691923,0.2109543845750358
PKS,1,1,1,6,3,K-Means,Davies-Bouldin,8,0,5,0.15013362198220156,0.2109543845750358
PKS,1,1,1,6,3,K-Means,Calinski-Harabasz,12,0,9,0.09822287217207706,0.2109543845750358
PKS,1,1,1,6,3,GMM,BIC,3,1,0,0.251829794732851,0.251829794732851
PKS,1,1,1,6,3,GMM,AIC,3,1,0,0.251829794732851,0.251829794732851
PKS,1,1,1,6,3,GMM,ICL,3,1,0,0.251829794732851,0.251829794732851
PKS,1,1,1,6,3,GMM,BIC_Neff,3,1,0,0.251829794732851,0.251829794732851
PKS,1,1,1,6,3,HMM,BIC,9,0,6,0.12775216668131736,0.26274732228974507
PKS,1,1,1,6,3,HMM,AIC,11,0,8,0.11519609774122438,0.26274732228974507
PKS,1,1,1,6,3,HMM,ICL,8,0,5,0.1647239125506662,0.26274732228974507
PKS,1,1,1,6,3,K-Means,Gap (uniform),1,0,-2,0.0,0.2109543845750358
PKS,1,1,1,6,3,K-Means,Prediction Strength,5,0,2,0.18650009749691923,0.2109543845750358
PKS,1,1,1,7,3,K-Means,Silhouette,2,0,-1,0.18781422089851252,0.18023904619612294
PKS,1,1,1,7,3,K-Means,Davies-Bouldin,6,0,3,0.13356522723829256,0.18023904619612294
PKS,1,1,1,7,3,K-Means,Calinski-Harabasz,12,0,9,0.07570465636831746,0.18023904619612294
PKS,1,1,1,7,3,GMM,BIC,5,0,2,0.14498050113570465,0.20185653085411912
PKS,1,1,1,7,3,GMM,AIC,6,0,3,0.1340086404016274,0.20185653085411912
PKS,1,1,1,7,3,GMM,ICL,2,0,-1,0.1850947316392142,0.20185653085411912
PKS,1,1,1,7,3,GMM,BIC_Neff,5,0,2,0.14498050113570465,0.20185653085411912
PKS,1,1,1,7,3,HMM,BIC,12,0,9,0.08502969883889717,0.21350770451481071
PKS,1,1,1,7,3,HMM,AIC,12,0,9,0.08502969883889717,0.21350770451481071
PKS,1,1,1,7,3,HMM,ICL,8,0,5,0.12313856308277321,0.21350770451481071
PKS,1,1,1,7,3,K-Means,Gap (uniform),1,0,-2,0.0,0.18023904619612294
PKS,1,1,1,7,3,K-Means,Prediction Strength,3,1,0,0.18023904619612294,0.18023904619612294
PKS,1,1,1,8,3,K-Means,Silhouette,2,0,-1,0.13286274931022682,0.16672378312142314
PKS,1,1,1,8,3,K-Means,Davies-Bouldin,3,1,0,0.16672378312142314,0.16672378312142314
PKS,1,1,1,8,3,K-Means,Calinski-Harabasz,12,0,9,0.06861907024793093,0.16672378312142314
PKS,1,1,1,8,3,GMM,BIC,4,0,1,0.16072638799630432,0.17000545701453218
PKS,1,1,1,8,3,GMM,AIC,9,0,6,0.08706800470280374,0.17000545701453218
PKS,1,1,1,8,3,GMM,ICL,3,1,0,0.17000545701453218,0.17000545701453218
PKS,1,1,1,8,3,GMM,BIC_Neff,5,0,2,0.14219739293938652,0.17000545701453218
PKS,1,1,1,8,3,HMM,BIC,11,0,8,0.0775090995167295,0.1170192014903071
PKS,1,1,1,8,3,HMM,AIC,11,0,8,0.0775090995167295,0.1170192014903071
PKS,1,1,1,8,3,HMM,ICL,11,0,8,0.0775090995167295,0.1170192014903071
PKS,1,1,1,8,3,K-Means,Gap (uniform),1,0,-2,0.0,0.16672378312142314
PKS,1,1,1,8,3,K-Means,Prediction Strength,3,1,0,0.16672378312142314,0.16672378312142314
PKS,1,1,1,9,3,K-Means,Silhouette,2,0,-1,0.17362419944298016,0.1300287091012665
PKS,1,1,1,9,3,K-Means,Davies-Bouldin,6,0,3,0.13262453110705902,0.1300287091012665
PKS,1,1,1,9,3,K-Means,Calinski-Harabasz,12,0,9,0.08992292039913398,0.1300287091012665
PKS,1,1,1,9,3,GMM,BIC,4,0,1,0.1696876286975014,0.19971475120551055
PKS,1,1,1,9,3,GMM,AIC,12,0,9,0.07979322689462989,0.19971475120551055
PKS,1,1,1,9,3,GMM,ICL,6,0,3,0.13619623794446323,0.19971475120551055
PKS,1,1,1,9,3,GMM,BIC_Neff,7,0,4,0.12865455344118717,0.19971475120551055
PKS,1,1,1,9,3,HMM,BIC,9,0,6,0.10735400833328064,0.13263599607656676
PKS,1,1,1,9,3,HMM,AIC,12,0,9,0.09401611939642383,0.13263599607656676
PKS,1,1,1,9,3,HMM,ICL,9,0,6,0.10735400833328064,0.13263599607656676
PKS,1,1,1,9,3,K-Means,Gap (uniform),1,0,-2,0.0,0.1300287091012665
PKS,1,1,1,9,3,K-Means,Prediction Strength,1,0,-2,0.0,0.1300287091012665
PKS,1,1,1,10,3,K-Means,Silhouette,2,0,-1,0.1841624596435128,0.19080584439009246
PKS,1,1,1,10,3,K-Means,Davies-Bouldin,12,0,9,0.18149667694781224,0.19080584439009246
PKS,1,1,1,10,3,K-Means,Calinski-Harabasz,12,0,9,0.18149667694781224,0.19080584439009246
PKS,1,1,1,10,3,GMM,BIC,5,0,2,0.21226116855238097,0.2089373387117578
PKS,1,1,1,10,3,GMM,AIC,12,0,9,0.12192816698663349,0.2089373387117578
PKS,1,1,1,10,3,GMM,ICL,9,0,6,0.1996141734208066,0.2089373387117578
PKS,1,1,1,10,3,GMM,BIC_Neff,7,0,4,0.19856741686450355,0.2089373387117578
PKS,1,1,1,10,3,HMM,BIC,11,0,8,0.1816177963491083,0.24399965552026318
PKS,1,1,1,10,3,HMM,AIC,11,0,8,0.1816177963491083,0.24399965552026318
PKS,1,1,1,10,3,HMM,ICL,11,0,8,0.1816177963491083,0.24399965552026318
PKS,1,1,1,10,3,K-Means,Gap (uniform),1,0,-2,0.0,0.19080584439009246
PKS,1,1,1,10,3,K-Means,Prediction Strength,2,0,-1,0.1841624596435128,0.19080584439009246
PKS,1,1,1,11,3,K-Means,Silhouette,2,0,-1,0.1370210659306925,0.1414820334808013
PKS,1,1,1,11,3,K-Means,Davies-Bouldin,12,0,9,0.07841442961817933,0.1414820334808013
PKS,1,1,1,11,3,K-Means,Calinski-Harabasz,12,0,9,0.07841442961817933,0.1414820334808013
PKS,1,1,1,11,3,GMM,BIC,4,0,1,0.16134526949756559,0.1403538836628864
PKS,1,1,1,11,3,GMM,AIC,8,0,5,0.1487806670047717,0.1403538836628864
PKS,1,1,1,11,3,GMM,ICL,4,0,1,0.16134526949756559,0.1403538836628864
PKS,1,1,1,11,3,GMM,BIC_Neff,6,0,3,0.15084135940033871,0.1403538836628864
PKS,1,1,1,11,3,HMM,BIC,12,0,9,0.0985277878176717,0.18357981412980398
PKS,1,1,1,11,3,HMM,AIC,12,0,9,0.0985277878176717,0.18357981412980398
PKS,1,1,1,11,3,HMM,ICL,12,0,9,0.0985277878176717,0.18357981412980398
PKS,1,1,1,11,3,K-Means,Gap (uniform),1,0,-2,0.0,0.1414820334808013
PKS,1,1,1,11,3,K-Means,Prediction Strength,1,0,-2,0.0,0.1414820334808013
PKS,1,1,1,12,3,K-Means,Silhouette,2,0,-1,0.16946000933497943,0.13452959989632618
PKS,1,1,1,12,3,K-Means,Davies-Bouldin,5,0,2,0.14368546218555783,0.13452959989632618
PKS,1,1,1,12,3,K-Means,Calinski-Harabasz,12,0,9,0.07875374324746355,0.13452959989632618
PKS,1,1,1,12,3,GMM,BIC,4,0,1,0.15841255783247518,0.1335242164946261
PKS,1,1,1,12,3,GMM,AIC,11,0,8,0.10139244727356003,0.1335242164946261
PKS,1,1,1,12,3,GMM,ICL,6,0,3,0.13276573854223528,0.1335242164946261
PKS,1,1,1,12,3,GMM,BIC_Neff,4,0,1,0.15841255783247518,0.1335242164946261
PKS,1,1,1,12,3,HMM,BIC,12,0,9,0.09066067742581708,0.20358039074450132
PKS,1,1,1,12,3,HMM,AIC,12,0,9,0.09066067742581708,0.20358039074450132
PKS,1,1,1,12,3,HMM,ICL,12,0,9,0.09066067742581708,0.20358039074450132
PKS,1,1,1,12,3,K-Means,Gap (uniform),1,0,-2,0.0,0.13452959989632618
PKS,1,1,1,12,3,K-Means,Prediction Strength,6,0,3,0.12935083180326604,0.13452959989632618
PKS,1,1,1,13,3,K-Means,Silhouette,2,0,-1,0.10562631488864109,0.14424672457246795
PKS,1,1,1,13,3,K-Means,Davies-Bouldin,9,0,6,0.08267643198160678,0.14424672457246795
PKS,1,1,1,13,3,K-Means,Calinski-Harabasz,12,0,9,0.060663623638569204,0.14424672457246795
PKS,1,1,1,13,3,GMM,BIC,4,0,1,0.1397270789110947,0.1650631347707327
PKS,1,1,1,13,3,GMM,AIC,8,0,5,0.09139322593936605,0.1650631347707327
PKS,1,1,1,13,3,GMM,ICL,2,0,-1,0.10332094850758117,0.1650631347707327
PKS,1,1,1,13,3,GMM,BIC_Neff,4,0,1,0.1397270789110947,0.1650631347707327
PKS,1,1,1,13,3,HMM,BIC,12,0,9,0.07523795672560521,0.08152151501309217
PKS,1,1,1,13,3,HMM,AIC,12,0,9,0.07523795672560521,0.08152151501309217
PKS,1,1,1,13,3,HMM,ICL,6,0,3,0.09871633683888224,0.08152151501309217
PKS,1,1,1,13,3,K-Means,Gap (uniform),1,0,-2,0.0,0.14424672457246795
PKS,1,1,1,13,3,K-Means,Prediction Strength,6,0,3,0.10805651656943276,0.14424672457246795
PKS,1,1,1,14,3,K-Means,Silhouette,2,0,-1,0.14274117951142384,0.1339518274964972
PKS,1,1,1,14,3,K-Means,Davies-Bouldin,5,0,2,0.18945282339898606,0.1339518274964972
PKS,1,1,1,14,3,K-Means,Calinski-Harabasz,12,0,9,0.10988354244921457,0.1339518274964972
PKS,1,1,1,14,3,GMM,BIC,7,0,4,0.15037105651124755,0.20574894930365464
PKS,1,1,1,14,3,GMM,AIC,9,0,6,0.12899055244825322,0.20574894930365464
PKS,1,1,1,14,3,GMM,ICL,6,0,3,0.18451601800744374,0.20574894930365464
PKS,1,1,1,14,3,GMM,BIC_Neff,8,0,5,0.13192636261495772,0.20574894930365464
PKS,1,1,1,14,3,HMM,BIC,8,0,5,0.12853980523271724,0.24091658902048585
PKS,1,1,1,14,3,HMM,AIC,11,0,8,0.12058756743585884,0.24091658902048585
PKS,1,1,1,14,3,HMM,ICL,8,0,5,0.12853980523271724,0.24091658902048585
PKS,1,1,1,14,3,K-Means,Gap (uniform),1,0,-2,0.0,0.1339518274964972
PKS,1,1,1,14,3,K-Means,Prediction Strength,2,0,-1,0.14274117951142384,0.1339518274964972
PKS,1,1,1,15,3,K-Means,Silhouette,2,0,-1,0.12139314893002125,0.14273523232692786
PKS,1,1,1,15,3,K-Means,Davies-Bouldin,3,1,0,0.14273523232692786,0.14273523232692786
PKS,1,1,1,15,3,K-Means,Calinski-Harabasz,12,0,9,0.06787284476915326,0.14273523232692786
PKS,1,1,1,15,3,GMM,BIC,5,0,2,0.12828695998116874,0.14747099412427706
PKS,1,1,1,15,3,GMM,AIC,12,0,9,0.061601406721718745,0.14747099412427706
PKS,1,1,1,15,3,GMM,ICL,3,1,0,0.14747099412427706,0.14747099412427706
PKS,1,1,1,15,3,GMM,BIC_Neff,5,0,2,0.12828695998116874,0.14747099412427706
PKS,1,1,1,15,3,HMM,BIC,12,0,9,0.06555269912511423,0.13967916997349886
PKS,1,1,1,15,3,HMM,AIC,12,0,9,0.06555269912511423,0.13967916997349886
PKS,1,1,1,15,3,HMM,ICL,12,0,9,0.06555269912511423,0.13967916997349886
PKS,1,1,1,15,3,K-Means,Gap (uniform),1,0,-2,0.0,0.14273523232692786
PKS,1,1,1,15,3,K-Means,Prediction Strength,2,0,-1,0.12139314893002125,0.14273523232692786
PKS,1,1,1,16,3,K-Means,Silhouette,2,0,-1,0.18644335213558783,0.24843596676463753
PKS,1,1,1,16,3,K-Means,Davies-Bouldin,7,0,4,0.2425137757445989,0.24843596676463753
PKS,1,1,1,16,3,K-Means,Calinski-Harabasz,12,0,9,0.1431023762893798,0.24843596676463753
PKS,1,1,1,16,3,GMM,BIC,4,0,1,0.23654486851192758,0.2173975333172841
PKS,1,1,1,16,3,GMM,AIC,9,0,6,0.1522311937176471,0.2173975333172841
PKS,1,1,1,16,3,GMM,ICL,2,0,-1,0.1381013448275429,0.2173975333172841
PKS,1,1,1,16,3,GMM,BIC_Neff,4,0,1,0.23654486851192758,0.2173975333172841
PKS,1,1,1,16,3,HMM,BIC,9,0,6,0.15339202596548043,0.22543107658960823
PKS,1,1,1,16,3,HMM,AIC,12,0,9,0.12670346387044076,0.22543107658960823
PKS,1,1,1,16,3,HMM,ICL,9,0,6,0.15339202596548043,0.22543107658960823
PKS,1,1,1,16,3,K-Means,Gap (uniform),1,0,-2,0.0,0.24843596676463753
PKS,1,1,1,16,3,K-Means,Prediction Strength,2,0,-1,0.18644335213558783,0.24843596676463753
PKS,1,1,1,17,3,K-Means,Silhouette,2,0,-1,0.09328381378120276,0.07348166697875345
PKS,1,1,1,17,3,K-Means,Davies-Bouldin,6,0,3,0.071313251447564,0.07348166697875345
PKS,1,1,1,17,3,K-Means,Calinski-Harabasz,12,0,9,0.047317445510692356,0.07348166697875345
PKS,1,1,1,17,3,GMM,BIC,5,0,2,0.08875224205804744,0.07338219907774296
PKS,1,1,1,17,3,GMM,AIC,9,0,6,0.05959133831142109,0.07338219907774296
PKS,1,1,1,17,3,GMM,ICL,2,0,-1,0.07778423848104388,0.07338219907774296
PKS,1,1,1,17,3,GMM,BIC_Neff,5,0,2,0.08875224205804744,0.07338219907774296
PKS,1,1,1,17,3,HMM,BIC,8,0,5,0.059592901679208214,0.09843461635854821
PKS,1,1,1,17,3,HMM,AIC,12,0,9,0.05425201232714763,0.09843461635854821
PKS,1,1,1,17,3,HMM,ICL,8,0,5,0.059592901679208214,0.09843461635854821
PKS,1,1,1,17,3,K-Means,Gap (uniform),1,0,-2,0.0,0.07348166697875345
PKS,1,1,1,17,3,K-Means,Prediction Strength,2,0,-1,0.09328381378120276,0.07348166697875345
PKS,1,1,1,18,3,K-Means,Silhouette,2,0,-1,0.11243971399983733,0.12806874741021126
PKS,1,1,1,18,3,K-Means,Davies-Bouldin,12,0,9,0.09142083891211969,0.12806874741021126
PKS,1,1,1,18,3,K-Means,Calinski-Harabasz,12,0,9,0.09142083891211969,0.12806874741021126
PKS,1,1,1,18,3,GMM,BIC,7,0,4,0.12136070130324819,0.1281966238125281
PKS,1,1,1,18,3,GMM,AIC,11,0,8,0.09592389161246634,0.1281966238125281
PKS,1,1,1,18,3,GMM,ICL,5,0,2,0.1453579252657718,0.1281966238125281
PKS,1,1,1,18,3,GMM,BIC_Neff,7,0,4,0.12136070130324819,0.1281966238125281
PKS,1,1,1,18,3,HMM,BIC,12,0,9,0.0740770092909861,-0.0009379168236304822
PKS,1,1,1,18,3,HMM,AIC,12,0,9,0.0740770092909861,-0.0009379168236304822
PKS,1,1,1,18,3,HMM,ICL,8,0,5,0.11808976060927008,-0.0009379168236304822
PKS,1,1,1,18,3,K-Means,Gap (uniform),1,0,-2,0.0,0.12806874741021126
PKS,1,1,1,18,3,K-Means,Prediction Strength,1,0,-2,0.0,0.12806874741021126
PKS,1,1,1,19,3,K-Means,Silhouette,2,0,-1,0.18781630463868,0.1323419753631883
PKS,1,1,1,19,3,K-Means,Davies-Bouldin,12,0,9,0.06702070536504624,0.1323419753631883
PKS,1,1,1,19,3,K-Means,Calinski-Harabasz,12,0,9,0.06702070536504624,0.1323419753631883
PKS,1,1,1,19,3,GMM,BIC,4,0,1,0.14805021322820527,0.1406190467613255
PKS,1,1,1,19,3,GMM,AIC,5,0,2,0.13305951332756377,0.1406190467613255
PKS,1,1,1,19,3,GMM,ICL,2,0,-1,0.1926195836911154,0.1406190467613255
PKS,1,1,1,19,3,GMM,BIC_Neff,4,0,1,0.14805021322820527,0.1406190467613255
PKS,1,1,1,19,3,HMM,BIC,12,0,9,0.0684032568339151,0.20970229862238965
PKS,1,1,1,19,3,HMM,AIC,12,0,9,0.0684032568339151,0.20970229862238965
PKS,1,1,1,19,3,HMM,ICL,12,0,9,0.0684032568339151,0.20970229862238965
PKS,1,1,1,19,3,K-Means,Gap (uniform),1,0,-2,0.0,0.1323419753631883
PKS,1,1,1,19,3,K-Means,Prediction Strength,2,0,-1,0.18781630463868,0.1323419753631883
PKS,1,1,1,20,3,K-Means,Silhouette,2,0,-1,0.15318004079648476,0.1445757787287548
PKS,1,1,1,20,3,K-Means,Davies-Bouldin,5,0,2,0.1288002727397844,0.1445757787287548
PKS,1,1,1,20,3,K-Means,Calinski-Harabasz,12,0,9,0.0723837790444386,0.1445757787287548
PKS,1,1,1,20,3,GMM,BIC,4,0,1,0.13363381942626268,0.1602522806251159
PKS,1,1,1,20,3,GMM,AIC,11,0,8,0.07270782624057341,0.1602522806251159
PKS,1,1,1,20,3,GMM,ICL,2,0,-1,0.1565621999508875,0.1602522806251159
PKS,1,1,1,20,3,GMM,BIC_Neff,4,0,1,0.13363381942626268,0.1602522806251159
PKS,1,1,1,20,3,HMM,BIC,7,0,4,0.10904616978667374,0.0810416199439884
PKS,1,1,1,20,3,HMM,AIC,11,0,8,0.10407704374350342,0.0810416199439884
PKS,1,1,1,20,3,HMM,ICL,6,0,3,0.12443831262975064,0.0810416199439884
PKS,1,1,1,20,3,K-Means,Gap (uniform),1,0,-2,0.0,0.1445757787287548
PKS,1,1,1,20,3,K-Means,Prediction Strength,6,0,3,0.11200582847621679,0.1445757787287548
PKS,1,1,1,21,3,K-Means,Silhouette,2,0,-1,0.15438318675119456,0.18862802245208024
PKS,1,1,1,21,3,K-Means,Davies-Bouldin,5,0,2,0.17227763440038,0.18862802245208024
PKS,1,1,1,21,3,K-Means,Calinski-Harabasz,12,0,9,0.08878268000934661,0.18862802245208024
PKS,1,1,1,21,3,GMM,BIC,3,1,0,0.19029456151408583,0.19029456151408583
PKS,1,1,1,21,3,GMM,AIC,6,0,3,0.17401358780983764,0.19029456151408583
PKS,1,1,1,21,3,GMM,ICL,5,0,2,0.17389493654028196,0.19029456151408583
PKS,1,1,1,21,3,GMM,BIC_Neff,5,0,2,0.17389493654028196,0.19029456151408583
PKS,1,1,1,21,3,HMM,BIC,10,0,7,0.10722286963289386,0.17616044842094353
PKS,1,1,1,21,3,HMM,AIC,12,0,9,0.10137012089027836,0.17616044842094353
PKS,1,1,1,21,3,HMM,ICL,11,0,8,0.15355509905583187,0.17616044842094353
PKS,1,1,1,21,3,K-Means,Gap (uniform),1,0,-2,0.0,0.18862802245208024
PKS,1,1,1,21,3,K-Means,Prediction Strength,3,1,0,0.18862802245208024,0.18862802245208024
PKS,1,1,1,22,3,K-Means,Silhouette,2,0,-1,0.15167438700940045,0.2135204439881984
PKS,1,1,1,22,3,K-Means,Davies-Bouldin,10,0,7,0.1258475594400546,0.2135204439881984
PKS,1,1,1,22,3,K-Means,Calinski-Harabasz,12,0,9,0.10076373437065107,0.2135204439881984
PKS,1,1,1,22,3,GMM,BIC,3,1,0,0.184351510887449,0.184351510887449
PKS,1,1,1,22,3,GMM,AIC,10,0,7,0.1274762786010104,0.184351510887449
PKS,1,1,1,22,3,GMM,ICL,3,1,0,0.184351510887449,0.184351510887449
PKS,1,1,1,22,3,GMM,BIC_Neff,3,1,0,0.184351510887449,0.184351510887449
PKS,1,1,1,22,3,HMM,BIC,12,0,9,0.09548901944221573,0.17341854788122324
PKS,1,1,1,22,3,HMM,AIC,12,0,9,0.09548901944221573,0.17341854788122324
PKS,1,1,1,22,3,HMM,ICL,9,0,6,0.1128364952915899,0.17341854788122324
PKS,1,1,1,22,3,K-Means,Gap (uniform),1,0,-2,0.0,0.2135204439881984
PKS,1,1,1,22,3,K-Means,Prediction Strength,1,0,-2,0.0,0.2135204439881984
PKS,1,1,1,23,3,K-Means,Silhouette,2,0,-1,0.1966771272538279,0.15084049285281814
PKS,1,1,1,23,3,K-Means,Davies-Bouldin,8,0,5,0.10574104866250295,0.15084049285281814
PKS,1,1,1,23,3,K-Means,Calinski-Harabasz,12,0,9,0.07397655203199645,0.15084049285281814
PKS,1,1,1,23,3,GMM,BIC,5,0,2,0.16102638357436544,0.16012493231542613
PKS,1,1,1,23,3,GMM,AIC,7,0,4,0.11538121619460413,0.16012493231542613
PKS,1,1,1,23,3,GMM,ICL,2,0,-1,0.1918698710620324,0.16012493231542613
PKS,1,1,1,23,3,GMM,BIC_Neff,6,0,3,0.13104279387127823,0.16012493231542613
PKS,1,1,1,23,3,HMM,BIC,9,0,6,0.09516288789200494,0.22716786119400986
PKS,1,1,1,23,3,HMM,AIC,9,0,6,0.09516288789200494,0.22716786119400986
PKS,1,1,1,23,3,HMM,ICL,9,0,6,0.09516288789200494,0.22716786119400986
PKS,1,1,1,23,3,K-Means,Gap (uniform),1,0,-2,0.0,0.15084049285281814
PKS,1,1,1,23,3,K-Means,Prediction Strength,2,0,-1,0.1966771272538279,0.15084049285281814
PKS,1,1,1,24,3,K-Means,Silhouette,2,0,-1,0.1431079743088018,0.13789223468502484
PKS,1,1,1,24,3,K-Means,Davies-Bouldin,7,0,4,0.15520865208407114,0.13789223468502484
PKS,1,1,1,24,3,K-Means,Calinski-Harabasz,12,0,9,0.09593187734630118,0.13789223468502484
PKS,1,1,1,24,3,GMM,BIC,8,0,5,0.12177955544594261,0.1461566552584765
PKS,1,1,1,24,3,GMM,AIC,12,0,9,0.09530234356294334,0.1461566552584765
PKS,1,1,1,24,3,GMM,ICL,12,0,9,0.09530234356294334,0.1461566552584765
PKS,1,1,1,24,3,GMM,BIC_Neff,9,0,6,0.11228627281604156,0.1461566552584765
PKS,1,1,1,24,3,HMM,BIC,10,0,7,0.09966274654710541,0.20083521740680912
PKS,1,1,1,24,3,HMM,AIC,12,0,9,0.11316243812637052,0.20083521740680912
PKS,1,1,1,24,3,HMM,ICL,12,0,9,0.11316243812637052,0.20083521740680912
PKS,1,1,1,24,3,K-Means,Gap (uniform),1,0,-2,0.0,0.13789223468502484
PKS,1,1,1,24,3,K-Means,Prediction Strength,1,0,-2,0.0,0.13789223468502484
PKS,1,1,1,25,3,K-Means,Silhouette,2,0,-1,0.15933429127989251,0.24080866040467513
PKS,1,1,1,25,3,K-Means,Davies-Bouldin,4,0,1,0.25426173292676674,0.24080866040467513
PKS,1,1,1,25,3,K-Means,Calinski-Harabasz,12,0,9,0.11935466628138544,0.24080866040467513
PKS,1,1,1,25,3,GMM,BIC,3,1,0,0.2561862456104871,0.2561862456104871
PKS,1,1,1,25,3,GMM,AIC,7,0,4,0.18559278336072957,0.2561862456104871
PKS,1,1,1,25,3,GMM,ICL,3,1,0,0.2561862456104871,0.2561862456104871
PKS,1,1,1,25,3,GMM,BIC_Neff,3,1,0,0.2561862456104871,0.2561862456104871
PKS,1,1,1,25,3,HMM,BIC,10,0,7,0.1631232733946001,0.2934930798490835
PKS,1,1,1,25,3,HMM,AIC,10,0,7,0.1631232733946001,0.2934930798490835
PKS,1,1,1,25,3,HMM,ICL,6,0,3,0.21363083597036314,0.2934930798490835
PKS,1,1,1,25,3,K-Means,Gap (uniform),1,0,-2,0.0,0.24080866040467513
PKS,1,1,1,25,3,K-Means,Prediction Strength,6,0,3,0.2016303143356687,0.24080866040467513
PKS,1,1,1,26,3,K-Means,Silhouette,2,0,-1,0.007426779656447176,0.1775178547939643
PKS,1,1,1,26,3,K-Means,Davies-Bouldin,2,0,-1,0.007426779656447176,0.1775178547939643
PKS,1,1,1,26,3,K-Means,Calinski-Harabasz,12,0,9,0.12687865194738512,0.1775178547939643
PKS,1,1,1,26,3,GMM,BIC,7,0,4,0.18887923977048654,0.1831210771445208
PKS,1,1,1,26,3,GMM,AIC,9,0,6,0.14260576643998973,0.1831210771445208
PKS,1,1,1,26,3,GMM,ICL,2,0,-1,0.007426779656447176,0.1831210771445208
PKS,1,1,1,26,3,GMM,BIC_Neff,7,0,4,0.18887923977048654,0.1831210771445208
PKS,1,1,1,26,3,HMM,BIC,12,0,9,0.14124137797465683,0.1690488974398253
PKS,1,1,1,26,3,HMM,AIC,12,0,9,0.14124137797465683,0.1690488974398253
PKS,1,1,1,26,3,HMM,ICL,7,0,4,0.18029743472791826,0.1690488974398253
PKS,1,1,1,26,3,K-Means,Gap (uniform),1,0,-2,0.0,0.1775178547939643
PKS,1,1,1,26,3,K-Means,Prediction Strength,2,0,-1,0.007426779656447176,0.1775178547939643
PKS,1,1,1,27,3,K-Means,Silhouette,2,0,-1,0.12105128384666584,0.14457838102546705
PKS,1,1,1,27,3,K-Means,Davies-Bouldin,8,0,5,0.10391543725187542,0.14457838102546705
PKS,1,1,1,27,3,K-Means,Calinski-Harabasz,12,0,9,0.08406710691855086,0.14457838102546705
PKS,1,1,1,27,3,GMM,BIC,5,0,2,0.13189812864184802,0.19128786476650417
PKS,1,1,1,27,3,GMM,AIC,8,0,5,0.11211921098517219,0.19128786476650417
PKS,1,1,1,27,3,GMM,ICL,2,0,-1,0.11866331406291036,0.19128786476650417
PKS,1,1,1,27,3,GMM,BIC_Neff,8,0,5,0.11211921098517219,0.19128786476650417
PKS,1,1,1,27,3,HMM,BIC,9,0,6,0.09178468873985654,0.09837505914380656
PKS,1,1,1,27,3,HMM,AIC,12,0,9,0.08250818707729084,0.09837505914380656
PKS,1,1,1,27,3,HMM,ICL,9,0,6,0.09178468873985654,0.09837505914380656
PKS,1,1,1,27,3,K-Means,Gap (uniform),1,0,-2,0.0,0.14457838102546705
PKS,1,1,1,27,3,K-Means,Prediction Strength,2,0,-1,0.12105128384666584,0.14457838102546705
PKS,1,1,1,28,3,K-Means,Silhouette,2,0,-1,0.14062003639084755,0.11791026874432611
PKS,1,1,1,28,3,K-Means,Davies-Bouldin,11,0,8,0.06576632390368348,0.11791026874432611
PKS,1,1,1,28,3,K-Means,Calinski-Harabasz,12,0,9,0.06068565874124777,0.11791026874432611
PKS,1,1,1,28,3,GMM,BIC,3,1,0,0.1688176464556728,0.1688176464556728
PKS,1,1,1,28,3,GMM,AIC,3,1,0,0.1688176464556728,0.1688176464556728
PKS,1,1,1,28,3,GMM,ICL,2,0,-1,0.1413752724376401,0.1688176464556728
PKS,1,1,1,28,3,GMM,BIC_Neff,3,1,0,0.1688176464556728,0.1688176464556728
PKS,1,1,1,28,3,HMM,BIC,8,0,5,0.10003456754515826,0.1861608685975245
PKS,1,1,1,28,3,HMM,AIC,12,0,9,0.060718518081706765,0.1861608685975245
PKS,1,1,1,28,3,HMM,ICL,8,0,5,0.10003456754515826,0.1861608685975245
PKS,1,1,1,28,3,K-Means,Gap (uniform),1,0,-2,0.0,0.11791026874432611
PKS,1,1,1,28,3,K-Means,Prediction Strength,2,0,-1,0.14062003639084755,0.11791026874432611
PKS,1,1,1,29,3,K-Means,Silhouette,8,0,5,0.11954080004778879,0.15392441349503047
PKS,1,1,1,29,3,K-Means,Davies-Bouldin,8,0,5,0.11954080004778879,0.15392441349503047
PKS,1,1,1,29,3,K-Means,Calinski-Harabasz,12,0,9,0.07933271651244767,0.15392441349503047
PKS,1,1,1,29,3,GMM,BIC,5,0,2,0.1515615457671337,0.14821622684951632
PKS,1,1,1,29,3,GMM,AIC,12,0,9,0.08172289297427028,0.14821622684951632
PKS,1,1,1,29,3,GMM,ICL,5,0,2,0.1515615457671337,0.14821622684951632
PKS,1,1,1,29,3,GMM,BIC_Neff,5,0,2,0.1515615457671337,0.14821622684951632
PKS,1,1,1,29,3,HMM,BIC,10,0,7,0.10189670419750152,0.2003715774875564
PKS,1,1,1,29,3,HMM,AIC,10,0,7,0.10189670419750152,0.2003715774875564
PKS,1,1,1,29,3,HMM,ICL,8,0,5,0.12230374876342254,0.2003715774875564
PKS,1,1,1,29,3,K-Means,Gap (uniform),1,0,-2,0.0,0.15392441349503047
PKS,1,1,1,29,3,K-Means,Prediction Strength,1,0,-2,0.0,0.15392441349503047
