Generator,True_k,Persistence,DegreesOfFreedom,SeriesLength,Replication,Mean_Regime_Duration,Feature_Window,Realized_Vol_Ratio,Method,Criterion,Estimated_k,Exact_Match,Signed_Bias,ARI_at_True_k,ARI_at_Estimated_k,Estimated_k_with_k1,Selected_k1
ms_garch,2,0.9,5.0,5000,0,10.000000000000002,21,1.208198290026513,K-Means,Silhouette,2,1,0,0.0007107306340750045,0.0007107306340750045,,
ms_garch,2,0.9,5.0,5000,0,10.000000000000002,21,1.208198290026513,K-Means,Davies-Bouldin,4,0,2,0.0007107306340750045,0.001151722464174871,,
ms_garch,2,0.9,5.0,5000,0,10.000000000000002,21,1.208198290026513,K-Means,Calinski-Harabasz,12,0,10,0.0007107306340750045,0.0025632159109598455,,
ms_garch,2,0.9,5.0,5000,0,10.000000000000002,21,1.208198290026513,GMM,BIC,8,0,6,0.0006199798573057823,0.0011558764142820456,8.0,0.0
ms_garch,2,0.9,5.0,5000,0,10.000000000000002,21,1.208198290026513,GMM,AIC,8,0,6,0.0006199798573057823,0.0011558764142820456,8.0,0.0
ms_garch,2,0.9,5.0,5000,0,10.000000000000002,21,1.208198290026513,GMM,ICL,2,1,0,0.0006199798573057823,0.0006199798573057823,2.0,0.0
ms_garch,2,0.9,5.0,5000,0,10.000000000000002,21,1.208198290026513,GMM,BIC_Neff,8,0,6,0.0006199798573057823,0.0011558764142820456,8.0,0.0
ms_garch,2,0.9,5.0,5000,0,10.000000000000002,21,1.208198290026513,HMM,BIC,11,0,9,-0.00018814700036303068,0.0017144670054452717,11.0,0.0
ms_garch,2,0.9,5.0,5000,0,10.000000000000002,21,1.208198290026513,HMM,AIC,11,0,9,-0.00018814700036303068,0.0017144670054452717,11.0,0.0
ms_garch,2,0.9,5.0,5000,0,10.000000000000002,21,1.208198290026513,HMM,ICL,6,0,4,-0.00018814700036303068,0.00249238785446314,6.0,0.0
ms_garch,2,0.9,5.0,5000,1,10.000000000000002,21,1.2548944641812696,K-Means,Silhouette,2,1,0,0.003003430254934524,0.003003430254934524,,
ms_garch,2,0.9,5.0,5000,1,10.000000000000002,21,1.2548944641812696,K-Means,Davies-Bouldin,7,0,5,0.003003430254934524,0.004166700851284263,,
ms_garch,2,0.9,5.0,5000,1,10.000000000000002,21,1.2548944641812696,K-Means,Calinski-Harabasz,12,0,10,0.003003430254934524,0.0021322044505652994,,
ms_garch,2,0.9,5.0,5000,1,10.000000000000002,21,1.2548944641812696,GMM,BIC,4,0,2,-0.0007361377022084362,0.005635112960614513,4.0,0.0
ms_garch,2,0.9,5.0,5000,1,10.000000000000002,21,1.2548944641812696,GMM,AIC,4,0,2,-0.0007361377022084362,0.005635112960614513,4.0,0.0
ms_garch,2,0.9,5.0,5000,1,10.000000000000002,21,1.2548944641812696,GMM,ICL,2,1,0,-0.0007361377022084362,-0.0007361377022084362,1.0,1.0
ms_garch,2,0.9,5.0,5000,1,10.000000000000002,21,1.2548944641812696,GMM,BIC_Neff,4,0,2,-0.0007361377022084362,0.005635112960614513,4.0,0.0
ms_garch,2,0.9,5.0,5000,1,10.000000000000002,21,1.2548944641812696,HMM,BIC,11,0,9,0.01444426194234007,0.003521398071944982,11.0,0.0
ms_garch,2,0.9,5.0,5000,1,10.000000000000002,21,1.2548944641812696,HMM,AIC,11,0,9,0.01444426194234007,0.003521398071944982,11.0,0.0
ms_garch,2,0.9,5.0,5000,1,10.000000000000002,21,1.2548944641812696,HMM,ICL,11,0,9,0.01444426194234007,0.003521398071944982,11.0,0.0
ms_garch,2,0.9,5.0,5000,2,10.000000000000002,21,1.100006165893614,K-Means,Silhouette,2,1,0,-0.00013873012495808115,-0.00013873012495808115,,
ms_garch,2,0.9,5.0,5000,2,10.000000000000002,21,1.100006165893614,K-Means,Davies-Bouldin,9,0,7,-0.00013873012495808115,0.002054419567480397,,
ms_garch,2,0.9,5.0,5000,2,10.000000000000002,21,1.100006165893614,K-Means,Calinski-Harabasz,12,0,10,-0.00013873012495808115,0.0015989428823992265,,
ms_garch,2,0.9,5.0,5000,2,10.000000000000002,21,1.100006165893614,GMM,BIC,4,0,2,-0.0001326565581084212,0.001075559121517659,4.0,0.0
ms_garch,2,0.9,5.0,5000,2,10.000000000000002,21,1.100006165893614,GMM,AIC,9,0,7,-0.0001326565581084212,0.002094938901479396,9.0,0.0
ms_garch,2,0.9,5.0,5000,2,10.000000000000002,21,1.100006165893614,GMM,ICL,2,1,0,-0.0001326565581084212,-0.0001326565581084212,1.0,1.0
ms_garch,2,0.9,5.0,5000,2,10.000000000000002,21,1.100006165893614,GMM,BIC_Neff,9,0,7,-0.0001326565581084212,0.002094938901479396,9.0,0.0
ms_garch,2,0.9,5.0,5000,2,10.000000000000002,21,1.100006165893614,HMM,BIC,9,0,7,6.0975067060038584e-05,0.0011118931009920007,9.0,0.0
ms_garch,2,0.9,5.0,5000,2,10.000000000000002,21,1.100006165893614,HMM,AIC,11,0,9,6.0975067060038584e-05,0.0014550511217849337,11.0,0.0
ms_garch,2,0.9,5.0,5000,2,10.000000000000002,21,1.100006165893614,HMM,ICL,8,0,6,6.0975067060038584e-05,0.0017011231456727433,8.0,0.0
ms_garch,2,0.9,5.0,5000,3,10.000000000000002,21,1.2538383700966291,K-Means,Silhouette,2,1,0,-0.0001620316049743529,-0.0001620316049743529,,
ms_garch,2,0.9,5.0,5000,3,10.000000000000002,21,1.2538383700966291,K-Means,Davies-Bouldin,2,1,0,-0.0001620316049743529,-0.0001620316049743529,,
ms_garch,2,0.9,5.0,5000,3,10.000000000000002,21,1.2538383700966291,K-Means,Calinski-Harabasz,12,0,10,-0.0001620316049743529,0.005042787426032355,,
ms_garch,2,0.9,5.0,5000,3,10.000000000000002,21,1.2538383700966291,GMM,BIC,4,0,2,-0.00015807055762771458,0.007138168129833489,4.0,0.0
ms_garch,2,0.9,5.0,5000,3,10.000000000000002,21,1.2538383700966291,GMM,AIC,11,0,9,-0.00015807055762771458,0.006742378307688957,11.0,0.0
ms_garch,2,0.9,5.0,5000,3,10.000000000000002,21,1.2538383700966291,GMM,ICL,2,1,0,-0.00015807055762771458,-0.00015807055762771458,2.0,0.0
ms_garch,2,0.9,5.0,5000,3,10.000000000000002,21,1.2538383700966291,GMM,BIC_Neff,9,0,7,-0.00015807055762771458,0.008263431864510359,9.0,0.0
ms_garch,2,0.9,5.0,5000,3,10.000000000000002,21,1.2538383700966291,HMM,BIC,10,0,8,0.0005139616529681004,0.005935029829631696,10.0,0.0
ms_garch,2,0.9,5.0,5000,3,10.000000000000002,21,1.2538383700966291,HMM,AIC,10,0,8,0.0005139616529681004,0.005935029829631696,10.0,0.0
ms_garch,2,0.9,5.0,5000,3,10.000000000000002,21,1.2538383700966291,HMM,ICL,10,0,8,0.0005139616529681004,0.005935029829631696,10.0,0.0
ms_garch,2,0.9,5.0,5000,4,10.000000000000002,21,1.1236737030116912,K-Means,Silhouette,2,1,0,-0.0002574453220782172,-0.0002574453220782172,,
ms_garch,2,0.9,5.0,5000,4,10.000000000000002,21,1.1236737030116912,K-Means,Davies-Bouldin,11,0,9,-0.0002574453220782172,9.693600350013549e-05,,
ms_garch,2,0.9,5.0,5000,4,10.000000000000002,21,1.1236737030116912,K-Means,Calinski-Harabasz,12,0,10,-0.0002574453220782172,0.0002970754100911283,,
ms_garch,2,0.9,5.0,5000,4,10.000000000000002,21,1.1236737030116912,GMM,BIC,4,0,2,-0.0004569498392289551,0.0006841837402437734,4.0,0.0
ms_garch,2,0.9,5.0,5000,4,10.000000000000002,21,1.1236737030116912,GMM,AIC,10,0,8,-0.0004569498392289551,-7.749469961465758e-05,10.0,0.0
ms_garch,2,0.9,5.0,5000,4,10.000000000000002,21,1.1236737030116912,GMM,ICL,2,1,0,-0.0004569498392289551,-0.0004569498392289551,1.0,1.0
ms_garch,2,0.9,5.0,5000,4,10.000000000000002,21,1.1236737030116912,GMM,BIC_Neff,4,0,2,-0.0004569498392289551,0.0006841837402437734,4.0,0.0
ms_garch,2,0.9,5.0,5000,4,10.000000000000002,21,1.1236737030116912,HMM,BIC,12,0,10,4.333372794139605e-05,0.00037486375855234596,12.0,0.0
ms_garch,2,0.9,5.0,5000,4,10.000000000000002,21,1.1236737030116912,HMM,AIC,12,0,10,4.333372794139605e-05,0.00037486375855234596,12.0,0.0
ms_garch,2,0.9,5.0,5000,4,10.000000000000002,21,1.1236737030116912,HMM,ICL,11,0,9,4.333372794139605e-05,0.0005797602021742215,11.0,0.0
ms_garch,2,0.9,5.0,5000,5,10.000000000000002,21,1.2143843703384039,K-Means,Silhouette,2,1,0,-0.0011382754109555365,-0.0011382754109555365,,
ms_garch,2,0.9,5.0,5000,5,10.000000000000002,21,1.2143843703384039,K-Means,Davies-Bouldin,6,0,4,-0.0011382754109555365,0.0059686906256358535,,
ms_garch,2,0.9,5.0,5000,5,10.000000000000002,21,1.2143843703384039,K-Means,Calinski-Harabasz,12,0,10,-0.0011382754109555365,0.0046838870741100795,,
ms_garch,2,0.9,5.0,5000,5,10.000000000000002,21,1.2143843703384039,GMM,BIC,6,0,4,-0.0012055970409899166,0.005491150611980754,6.0,0.0
ms_garch,2,0.9,5.0,5000,5,10.000000000000002,21,1.2143843703384039,GMM,AIC,12,0,10,-0.0012055970409899166,0.00450438818342067,12.0,0.0
ms_garch,2,0.9,5.0,5000,5,10.000000000000002,21,1.2143843703384039,GMM,ICL,2,1,0,-0.0012055970409899166,-0.0012055970409899166,2.0,0.0
ms_garch,2,0.9,5.0,5000,5,10.000000000000002,21,1.2143843703384039,GMM,BIC_Neff,7,0,5,-0.0012055970409899166,0.0057864292542640795,7.0,0.0
ms_garch,2,0.9,5.0,5000,5,10.000000000000002,21,1.2143843703384039,HMM,BIC,12,0,10,-0.0005902514984766796,0.00505678881130475,12.0,0.0
ms_garch,2,0.9,5.0,5000,5,10.000000000000002,21,1.2143843703384039,HMM,AIC,12,0,10,-0.0005902514984766796,0.00505678881130475,12.0,0.0
ms_garch,2,0.9,5.0,5000,5,10.000000000000002,21,1.2143843703384039,HMM,ICL,12,0,10,-0.0005902514984766796,0.00505678881130475,12.0,0.0
ms_garch,2,0.9,5.0,5000,6,10.000000000000002,21,1.138561525622261,K-Means,Silhouette,2,1,0,0.0009288387326176283,0.0009288387326176283,,
ms_garch,2,0.9,5.0,5000,6,10.000000000000002,21,1.138561525622261,K-Means,Davies-Bouldin,12,0,10,0.0009288387326176283,0.0022118738358084594,,
ms_garch,2,0.9,5.0,5000,6,10.000000000000002,21,1.138561525622261,K-Means,Calinski-Harabasz,12,0,10,0.0009288387326176283,0.0022118738358084594,,
ms_garch,2,0.9,5.0,5000,6,10.000000000000002,21,1.138561525622261,GMM,BIC,3,0,1,0.0005749241054194762,0.0008034317526119366,3.0,0.0
ms_garch,2,0.9,5.0,5000,6,10.000000000000002,21,1.138561525622261,GMM,AIC,10,0,8,0.0005749241054194762,0.002389777373015737,10.0,0.0
ms_garch,2,0.9,5.0,5000,6,10.000000000000002,21,1.138561525622261,GMM,ICL,3,0,1,0.0005749241054194762,0.0008034317526119366,1.0,1.0
ms_garch,2,0.9,5.0,5000,6,10.000000000000002,21,1.138561525622261,GMM,BIC_Neff,3,0,1,0.0005749241054194762,0.0008034317526119366,3.0,0.0
ms_garch,2,0.9,5.0,5000,6,10.000000000000002,21,1.138561525622261,HMM,BIC,10,0,8,-0.0003798331463133237,0.002977402316105135,10.0,0.0
ms_garch,2,0.9,5.0,5000,6,10.000000000000002,21,1.138561525622261,HMM,AIC,11,0,9,-0.0003798331463133237,0.0023021575734904266,11.0,0.0
ms_garch,2,0.9,5.0,5000,6,10.000000000000002,21,1.138561525622261,HMM,ICL,9,0,7,-0.0003798331463133237,0.002937923273724075,9.0,0.0
ms_garch,2,0.9,5.0,5000,7,10.000000000000002,21,1.0625881809085167,K-Means,Silhouette,2,1,0,0.012560997206218737,0.012560997206218737,,
ms_garch,2,0.9,5.0,5000,7,10.000000000000002,21,1.0625881809085167,K-Means,Davies-Bouldin,7,0,5,0.012560997206218737,0.0061748381919965924,,
ms_garch,2,0.9,5.0,5000,7,10.000000000000002,21,1.0625881809085167,K-Means,Calinski-Harabasz,12,0,10,0.012560997206218737,0.004873373473105513,,
ms_garch,2,0.9,5.0,5000,7,10.000000000000002,21,1.0625881809085167,GMM,BIC,5,0,3,0.010378429990110393,0.0072479662048856395,5.0,0.0
ms_garch,2,0.9,5.0,5000,7,10.000000000000002,21,1.0625881809085167,GMM,AIC,5,0,3,0.010378429990110393,0.0072479662048856395,5.0,0.0
ms_garch,2,0.9,5.0,5000,7,10.000000000000002,21,1.0625881809085167,GMM,ICL,3,0,1,0.010378429990110393,0.013476255463038394,1.0,1.0
ms_garch,2,0.9,5.0,5000,7,10.000000000000002,21,1.0625881809085167,GMM,BIC_Neff,5,0,3,0.010378429990110393,0.0072479662048856395,5.0,0.0
ms_garch,2,0.9,5.0,5000,7,10.000000000000002,21,1.0625881809085167,HMM,BIC,11,0,9,0.01660092990587765,0.005019930955806624,11.0,0.0
ms_garch,2,0.9,5.0,5000,7,10.000000000000002,21,1.0625881809085167,HMM,AIC,11,0,9,0.01660092990587765,0.005019930955806624,11.0,0.0
ms_garch,2,0.9,5.0,5000,7,10.000000000000002,21,1.0625881809085167,HMM,ICL,8,0,6,0.01660092990587765,0.006745299339473316,8.0,0.0
ms_garch,2,0.9,5.0,5000,8,10.000000000000002,21,1.1841794019040488,K-Means,Silhouette,2,1,0,0.006352830584529487,0.006352830584529487,,
ms_garch,2,0.9,5.0,5000,8,10.000000000000002,21,1.1841794019040488,K-Means,Davies-Bouldin,5,0,3,0.006352830584529487,0.009003625159254834,,
ms_garch,2,0.9,5.0,5000,8,10.000000000000002,21,1.1841794019040488,K-Means,Calinski-Harabasz,12,0,10,0.006352830584529487,0.0032656323829185173,,
ms_garch,2,0.9,5.0,5000,8,10.000000000000002,21,1.1841794019040488,GMM,BIC,6,0,4,0.005941622462664052,0.006344956843356862,6.0,0.0
ms_garch,2,0.9,5.0,5000,8,10.000000000000002,21,1.1841794019040488,GMM,AIC,8,0,6,0.005941622462664052,0.004451002354398474,8.0,0.0
ms_garch,2,0.9,5.0,5000,8,10.000000000000002,21,1.1841794019040488,GMM,ICL,2,1,0,0.005941622462664052,0.005941622462664052,2.0,0.0
ms_garch,2,0.9,5.0,5000,8,10.000000000000002,21,1.1841794019040488,GMM,BIC_Neff,8,0,6,0.005941622462664052,0.004451002354398474,8.0,0.0
ms_garch,2,0.9,5.0,5000,8,10.000000000000002,21,1.1841794019040488,HMM,BIC,11,0,9,0.0131793859401092,0.003286373617746137,11.0,0.0
ms_garch,2,0.9,5.0,5000,8,10.000000000000002,21,1.1841794019040488,HMM,AIC,12,0,10,0.0131793859401092,0.0031310063677057387,12.0,0.0
ms_garch,2,0.9,5.0,5000,8,10.000000000000002,21,1.1841794019040488,HMM,ICL,9,0,7,0.0131793859401092,0.00375984004055673,9.0,0.0
ms_garch,2,0.9,5.0,5000,9,10.000000000000002,21,1.1137814483938675,K-Means,Silhouette,2,1,0,-0.000226171109303315,-0.000226171109303315,,
ms_garch,2,0.9,5.0,5000,9,10.000000000000002,21,1.1137814483938675,K-Means,Davies-Bouldin,12,0,10,-0.000226171109303315,0.0014207856233603103,,
ms_garch,2,0.9,5.0,5000,9,10.000000000000002,21,1.1137814483938675,K-Means,Calinski-Harabasz,12,0,10,-0.000226171109303315,0.0014207856233603103,,
ms_garch,2,0.9,5.0,5000,9,10.000000000000002,21,1.1137814483938675,GMM,BIC,6,0,4,-0.00011063416783699079,0.0006445676773125255,6.0,0.0
ms_garch,2,0.9,5.0,5000,9,10.000000000000002,21,1.1137814483938675,GMM,AIC,11,0,9,-0.00011063416783699079,0.0014613756896954132,11.0,0.0
ms_garch,2,0.9,5.0,5000,9,10.000000000000002,21,1.1137814483938675,GMM,ICL,2,1,0,-0.00011063416783699079,-0.00011063416783699079,1.0,1.0
ms_garch,2,0.9,5.0,5000,9,10.000000000000002,21,1.1137814483938675,GMM,BIC_Neff,6,0,4,-0.00011063416783699079,0.0006445676773125255,6.0,0.0
ms_garch,2,0.9,5.0,5000,9,10.000000000000002,21,1.1137814483938675,HMM,BIC,10,0,8,-0.0003707146850859346,0.0021014008681506896,10.0,0.0
ms_garch,2,0.9,5.0,5000,9,10.000000000000002,21,1.1137814483938675,HMM,AIC,10,0,8,-0.0003707146850859346,0.0021014008681506896,10.0,0.0
ms_garch,2,0.9,5.0,5000,9,10.000000000000002,21,1.1137814483938675,HMM,ICL,10,0,8,-0.0003707146850859346,0.0021014008681506896,10.0,0.0
ms_garch,2,0.9,5.0,5000,10,10.000000000000002,21,1.2453506039747184,K-Means,Silhouette,2,1,0,0.009043085071715258,0.009043085071715258,,
ms_garch,2,0.9,5.0,5000,10,10.000000000000002,21,1.2453506039747184,K-Means,Davies-Bouldin,11,0,9,0.009043085071715258,0.0037582502017077545,,
ms_garch,2,0.9,5.0,5000,10,10.000000000000002,21,1.2453506039747184,K-Means,Calinski-Harabasz,12,0,10,0.009043085071715258,0.0032846007040472636,,
ms_garch,2,0.9,5.0,5000,10,10.000000000000002,21,1.2453506039747184,GMM,BIC,4,0,2,0.007857238963007352,0.01210072608492762,4.0,0.0
ms_garch,2,0.9,5.0,5000,10,10.000000000000002,21,1.2453506039747184,GMM,AIC,11,0,9,0.007857238963007352,0.004263463752947403,11.0,0.0
ms_garch,2,0.9,5.0,5000,10,10.000000000000002,21,1.2453506039747184,GMM,ICL,2,1,0,0.007857238963007352,0.007857238963007352,1.0,1.0
ms_garch,2,0.9,5.0,5000,10,10.000000000000002,21,1.2453506039747184,GMM,BIC_Neff,8,0,6,0.007857238963007352,0.004300043920191091,8.0,0.0
ms_garch,2,0.9,5.0,5000,10,10.000000000000002,21,1.2453506039747184,HMM,BIC,12,0,10,0.0150523843415035,0.002315652755602975,12.0,0.0
ms_garch,2,0.9,5.0,5000,10,10.000000000000002,21,1.2453506039747184,HMM,AIC,12,0,10,0.0150523843415035,0.002315652755602975,12.0,0.0
ms_garch,2,0.9,5.0,5000,10,10.000000000000002,21,1.2453506039747184,HMM,ICL,9,0,7,0.0150523843415035,0.004084295146525817,9.0,0.0
ms_garch,2,0.9,5.0,5000,11,10.000000000000002,21,1.1195490450556904,K-Means,Silhouette,2,1,0,0.00015025381711615746,0.00015025381711615746,,
ms_garch,2,0.9,5.0,5000,11,10.000000000000002,21,1.1195490450556904,K-Means,Davies-Bouldin,7,0,5,0.00015025381711615746,0.008939818154731358,,
ms_garch,2,0.9,5.0,5000,11,10.000000000000002,21,1.1195490450556904,K-Means,Calinski-Harabasz,12,0,10,0.00015025381711615746,0.00487870938351953,,
ms_garch,2,0.9,5.0,5000,11,10.000000000000002,21,1.1195490450556904,GMM,BIC,6,0,4,-0.0008619639261096671,0.008422576833775177,6.0,0.0
ms_garch,2,0.9,5.0,5000,11,10.000000000000002,21,1.1195490450556904,GMM,AIC,7,0,5,-0.0008619639261096671,0.008647586548377799,7.0,0.0
ms_garch,2,0.9,5.0,5000,11,10.000000000000002,21,1.1195490450556904,GMM,ICL,3,0,1,-0.0008619639261096671,-0.0007436223693624718,1.0,1.0
ms_garch,2,0.9,5.0,5000,11,10.000000000000002,21,1.1195490450556904,GMM,BIC_Neff,7,0,5,-0.0008619639261096671,0.008647586548377799,7.0,0.0
ms_garch,2,0.9,5.0,5000,11,10.000000000000002,21,1.1195490450556904,HMM,BIC,10,0,8,0.012981174391945353,0.005764207706686865,10.0,0.0
ms_garch,2,0.9,5.0,5000,11,10.000000000000002,21,1.1195490450556904,HMM,AIC,10,0,8,0.012981174391945353,0.005764207706686865,10.0,0.0
ms_garch,2,0.9,5.0,5000,11,10.000000000000002,21,1.1195490450556904,HMM,ICL,10,0,8,0.012981174391945353,0.005764207706686865,10.0,0.0
ms_garch,2,0.9,5.0,5000,12,10.000000000000002,21,1.1857428011906952,K-Means,Silhouette,2,1,0,0.0010905996843599448,0.0010905996843599448,,
ms_garch,2,0.9,5.0,5000,12,10.000000000000002,21,1.1857428011906952,K-Means,Davies-Bouldin,6,0,4,0.0010905996843599448,0.0032232169324803556,,
ms_garch,2,0.9,5.0,5000,12,10.000000000000002,21,1.1857428011906952,K-Means,Calinski-Harabasz,12,0,10,0.0010905996843599448,0.0024476620705399495,,
ms_garch,2,0.9,5.0,5000,12,10.000000000000002,21,1.1857428011906952,GMM,BIC,6,0,4,-0.0007217855364775787,0.003542454655920911,6.0,0.0
ms_garch,2,0.9,5.0,5000,12,10.000000000000002,21,1.1857428011906952,GMM,AIC,9,0,7,-0.0007217855364775787,0.0030594846992418917,9.0,0.0
ms_garch,2,0.9,5.0,5000,12,10.000000000000002,21,1.1857428011906952,GMM,ICL,2,1,0,-0.0007217855364775787,-0.0007217855364775787,1.0,1.0
ms_garch,2,0.9,5.0,5000,12,10.000000000000002,21,1.1857428011906952,GMM,BIC_Neff,6,0,4,-0.0007217855364775787,0.003542454655920911,6.0,0.0
ms_garch,2,0.9,5.0,5000,12,10.000000000000002,21,1.1857428011906952,HMM,BIC,10,0,8,0.012738554871720533,0.002841823350878522,10.0,0.0
ms_garch,2,0.9,5.0,5000,12,10.000000000000002,21,1.1857428011906952,HMM,AIC,10,0,8,0.012738554871720533,0.002841823350878522,10.0,0.0
ms_garch,2,0.9,5.0,5000,12,10.000000000000002,21,1.1857428011906952,HMM,ICL,10,0,8,0.012738554871720533,0.002841823350878522,10.0,0.0
ms_garch,2,0.9,5.0,5000,13,10.000000000000002,21,1.195398929753054,K-Means,Silhouette,2,1,0,0.0008399309337764005,0.0008399309337764005,,
ms_garch,2,0.9,5.0,5000,13,10.000000000000002,21,1.195398929753054,K-Means,Davies-Bouldin,5,0,3,0.0008399309337764005,0.0009194424313495684,,
ms_garch,2,0.9,5.0,5000,13,10.000000000000002,21,1.195398929753054,K-Means,Calinski-Harabasz,12,0,10,0.0008399309337764005,0.001340631450687047,,
ms_garch,2,0.9,5.0,5000,13,10.000000000000002,21,1.195398929753054,GMM,BIC,5,0,3,0.00033405096948294647,0.0011759009391116855,5.0,0.0
ms_garch,2,0.9,5.0,5000,13,10.000000000000002,21,1.195398929753054,GMM,AIC,9,0,7,0.00033405096948294647,0.0018450270335236055,9.0,0.0
ms_garch,2,0.9,5.0,5000,13,10.000000000000002,21,1.195398929753054,GMM,ICL,2,1,0,0.00033405096948294647,0.00033405096948294647,1.0,1.0
ms_garch,2,0.9,5.0,5000,13,10.000000000000002,21,1.195398929753054,GMM,BIC_Neff,5,0,3,0.00033405096948294647,0.0011759009391116855,5.0,0.0
ms_garch,2,0.9,5.0,5000,13,10.000000000000002,21,1.195398929753054,HMM,BIC,11,0,9,0.000720961502732236,0.0025618559809410853,11.0,0.0
ms_garch,2,0.9,5.0,5000,13,10.000000000000002,21,1.195398929753054,HMM,AIC,11,0,9,0.000720961502732236,0.0025618559809410853,11.0,0.0
ms_garch,2,0.9,5.0,5000,13,10.000000000000002,21,1.195398929753054,HMM,ICL,6,0,4,0.000720961502732236,0.0021357775593478035,6.0,0.0
ms_garch,2,0.9,5.0,5000,14,10.000000000000002,21,1.1428166440868184,K-Means,Silhouette,2,1,0,0.0011795999783016896,0.0011795999783016896,,
ms_garch,2,0.9,5.0,5000,14,10.000000000000002,21,1.1428166440868184,K-Means,Davies-Bouldin,12,0,10,0.0011795999783016896,0.0010603280369231047,,
ms_garch,2,0.9,5.0,5000,14,10.000000000000002,21,1.1428166440868184,K-Means,Calinski-Harabasz,12,0,10,0.0011795999783016896,0.0010603280369231047,,
ms_garch,2,0.9,5.0,5000,14,10.000000000000002,21,1.1428166440868184,GMM,BIC,3,0,1,0.0011143011575718083,0.0011799849329620885,3.0,0.0
ms_garch,2,0.9,5.0,5000,14,10.000000000000002,21,1.1428166440868184,GMM,AIC,5,0,3,0.0011143011575718083,0.0014945010949159346,5.0,0.0
ms_garch,2,0.9,5.0,5000,14,10.000000000000002,21,1.1428166440868184,GMM,ICL,2,1,0,0.0011143011575718083,0.0011143011575718083,1.0,1.0
ms_garch,2,0.9,5.0,5000,14,10.000000000000002,21,1.1428166440868184,GMM,BIC_Neff,3,0,1,0.0011143011575718083,0.0011799849329620885,3.0,0.0
ms_garch,2,0.9,5.0,5000,14,10.000000000000002,21,1.1428166440868184,HMM,BIC,12,0,10,0.0031544541140098577,0.0018230789082674123,12.0,0.0
ms_garch,2,0.9,5.0,5000,14,10.000000000000002,21,1.1428166440868184,HMM,AIC,12,0,10,0.0031544541140098577,0.0018230789082674123,12.0,0.0
ms_garch,2,0.9,5.0,5000,14,10.000000000000002,21,1.1428166440868184,HMM,ICL,8,0,6,0.0031544541140098577,0.002020127750451968,8.0,0.0
ms_garch,2,0.9,5.0,5000,15,10.000000000000002,21,1.2128858668334959,K-Means,Silhouette,2,1,0,0.002129085542254631,0.002129085542254631,,
ms_garch,2,0.9,5.0,5000,15,10.000000000000002,21,1.2128858668334959,K-Means,Davies-Bouldin,11,0,9,0.002129085542254631,0.0024337215447427685,,
ms_garch,2,0.9,5.0,5000,15,10.000000000000002,21,1.2128858668334959,K-Means,Calinski-Harabasz,12,0,10,0.002129085542254631,0.001935119889520763,,
ms_garch,2,0.9,5.0,5000,15,10.000000000000002,21,1.2128858668334959,GMM,BIC,4,0,2,0.001273063019236162,0.0026802960551752185,4.0,0.0
ms_garch,2,0.9,5.0,5000,15,10.000000000000002,21,1.2128858668334959,GMM,AIC,8,0,6,0.001273063019236162,0.0024548165737108556,8.0,0.0
ms_garch,2,0.9,5.0,5000,15,10.000000000000002,21,1.2128858668334959,GMM,ICL,2,1,0,0.001273063019236162,0.001273063019236162,1.0,1.0
ms_garch,2,0.9,5.0,5000,15,10.000000000000002,21,1.2128858668334959,GMM,BIC_Neff,4,0,2,0.001273063019236162,0.0026802960551752185,4.0,0.0
ms_garch,2,0.9,5.0,5000,15,10.000000000000002,21,1.2128858668334959,HMM,BIC,11,0,9,0.0025595409790493255,0.002353918468646697,11.0,0.0
ms_garch,2,0.9,5.0,5000,15,10.000000000000002,21,1.2128858668334959,HMM,AIC,11,0,9,0.0025595409790493255,0.002353918468646697,11.0,0.0
ms_garch,2,0.9,5.0,5000,15,10.000000000000002,21,1.2128858668334959,HMM,ICL,11,0,9,0.0025595409790493255,0.002353918468646697,11.0,0.0
ms_garch,2,0.9,5.0,5000,16,10.000000000000002,21,1.1797175203404966,K-Means,Silhouette,2,1,0,-0.0002024548083360539,-0.0002024548083360539,,
ms_garch,2,0.9,5.0,5000,16,10.000000000000002,21,1.1797175203404966,K-Means,Davies-Bouldin,3,0,1,-0.0002024548083360539,0.0004614595318317025,,
ms_garch,2,0.9,5.0,5000,16,10.000000000000002,21,1.1797175203404966,K-Means,Calinski-Harabasz,12,0,10,-0.0002024548083360539,0.0059703011160494425,,
ms_garch,2,0.9,5.0,5000,16,10.000000000000002,21,1.1797175203404966,GMM,BIC,5,0,3,-0.00024199144671137895,0.011929193024965135,5.0,0.0
ms_garch,2,0.9,5.0,5000,16,10.000000000000002,21,1.1797175203404966,GMM,AIC,7,0,5,-0.00024199144671137895,0.008746999178868346,7.0,0.0
ms_garch,2,0.9,5.0,5000,16,10.000000000000002,21,1.1797175203404966,GMM,ICL,2,1,0,-0.00024199144671137895,-0.00024199144671137895,2.0,0.0
ms_garch,2,0.9,5.0,5000,16,10.000000000000002,21,1.1797175203404966,GMM,BIC_Neff,5,0,3,-0.00024199144671137895,0.011929193024965135,5.0,0.0
ms_garch,2,0.9,5.0,5000,16,10.000000000000002,21,1.1797175203404966,HMM,BIC,12,0,10,0.0022941409586693285,0.00425471788595394,12.0,0.0
ms_garch,2,0.9,5.0,5000,16,10.000000000000002,21,1.1797175203404966,HMM,AIC,12,0,10,0.0022941409586693285,0.00425471788595394,12.0,0.0
ms_garch,2,0.9,5.0,5000,16,10.000000000000002,21,1.1797175203404966,HMM,ICL,12,0,10,0.0022941409586693285,0.00425471788595394,12.0,0.0
ms_garch,2,0.9,5.0,5000,17,10.000000000000002,21,1.174772203039701,K-Means,Silhouette,2,1,0,0.0010293983886144528,0.0010293983886144528,,
ms_garch,2,0.9,5.0,5000,17,10.000000000000002,21,1.174772203039701,K-Means,Davies-Bouldin,10,0,8,0.0010293983886144528,0.0015740896957387631,,
ms_garch,2,0.9,5.0,5000,17,10.000000000000002,21,1.174772203039701,K-Means,Calinski-Harabasz,12,0,10,0.0010293983886144528,0.0015919274875026597,,
ms_garch,2,0.9,5.0,5000,17,10.000000000000002,21,1.174772203039701,GMM,BIC,3,0,1,-0.0010502890774999906,0.0009682936584529582,3.0,0.0
ms_garch,2,0.9,5.0,5000,17,10.000000000000002,21,1.174772203039701,GMM,AIC,6,0,4,-0.0010502890774999906,0.0033120916624596298,6.0,0.0
ms_garch,2,0.9,5.0,5000,17,10.000000000000002,21,1.174772203039701,GMM,ICL,3,0,1,-0.0010502890774999906,0.0009682936584529582,1.0,1.0
ms_garch,2,0.9,5.0,5000,17,10.000000000000002,21,1.174772203039701,GMM,BIC_Neff,3,0,1,-0.0010502890774999906,0.0009682936584529582,3.0,0.0
ms_garch,2,0.9,5.0,5000,17,10.000000000000002,21,1.174772203039701,HMM,BIC,12,0,10,0.004325777355142038,0.002229149710048629,12.0,0.0
ms_garch,2,0.9,5.0,5000,17,10.000000000000002,21,1.174772203039701,HMM,AIC,12,0,10,0.004325777355142038,0.002229149710048629,12.0,0.0
ms_garch,2,0.9,5.0,5000,17,10.000000000000002,21,1.174772203039701,HMM,ICL,12,0,10,0.004325777355142038,0.002229149710048629,12.0,0.0
ms_garch,2,0.9,5.0,5000,18,10.000000000000002,21,1.2278698250748332,K-Means,Silhouette,2,1,0,0.0020898925773318294,0.0020898925773318294,,
ms_garch,2,0.9,5.0,5000,18,10.000000000000002,21,1.2278698250748332,K-Means,Davies-Bouldin,7,0,5,0.0020898925773318294,0.003806162856998929,,
ms_garch,2,0.9,5.0,5000,18,10.000000000000002,21,1.2278698250748332,K-Means,Calinski-Harabasz,12,0,10,0.0020898925773318294,0.001726050912115579,,
ms_garch,2,0.9,5.0,5000,18,10.000000000000002,21,1.2278698250748332,GMM,BIC,4,0,2,0.00187161609717467,0.005867418928729822,4.0,0.0
ms_garch,2,0.9,5.0,5000,18,10.000000000000002,21,1.2278698250748332,GMM,AIC,6,0,4,0.00187161609717467,0.005157225990523917,6.0,0.0
ms_garch,2,0.9,5.0,5000,18,10.000000000000002,21,1.2278698250748332,GMM,ICL,2,1,0,0.00187161609717467,0.00187161609717467,2.0,0.0
ms_garch,2,0.9,5.0,5000,18,10.000000000000002,21,1.2278698250748332,GMM,BIC_Neff,5,0,3,0.00187161609717467,0.004992702964320305,5.0,0.0
ms_garch,2,0.9,5.0,5000,18,10.000000000000002,21,1.2278698250748332,HMM,BIC,11,0,9,0.00905419419422474,0.0030009614119587396,11.0,0.0
ms_garch,2,0.9,5.0,5000,18,10.000000000000002,21,1.2278698250748332,HMM,AIC,11,0,9,0.00905419419422474,0.0030009614119587396,11.0,0.0
ms_garch,2,0.9,5.0,5000,18,10.000000000000002,21,1.2278698250748332,HMM,ICL,11,0,9,0.00905419419422474,0.0030009614119587396,11.0,0.0
ms_garch,2,0.9,5.0,5000,19,10.000000000000002,21,1.184306566470648,K-Means,Silhouette,2,1,0,2.44953680057968e-05,2.44953680057968e-05,,
ms_garch,2,0.9,5.0,5000,19,10.000000000000002,21,1.184306566470648,K-Means,Davies-Bouldin,9,0,7,2.44953680057968e-05,0.0017244710440299995,,
ms_garch,2,0.9,5.0,5000,19,10.000000000000002,21,1.184306566470648,K-Means,Calinski-Harabasz,12,0,10,2.44953680057968e-05,0.002056915055904538,,
ms_garch,2,0.9,5.0,5000,19,10.000000000000002,21,1.184306566470648,GMM,BIC,6,0,4,0.0003386694896527995,0.003623639558505361,6.0,0.0
ms_garch,2,0.9,5.0,5000,19,10.000000000000002,21,1.184306566470648,GMM,AIC,7,0,5,0.0003386694896527995,0.0035528315523724193,7.0,0.0
ms_garch,2,0.9,5.0,5000,19,10.000000000000002,21,1.184306566470648,GMM,ICL,2,1,0,0.0003386694896527995,0.0003386694896527995,1.0,1.0
ms_garch,2,0.9,5.0,5000,19,10.000000000000002,21,1.184306566470648,GMM,BIC_Neff,6,0,4,0.0003386694896527995,0.003623639558505361,6.0,0.0
ms_garch,2,0.9,5.0,5000,19,10.000000000000002,21,1.184306566470648,HMM,BIC,11,0,9,-0.00011048683932454613,0.0025313098274553614,11.0,0.0
ms_garch,2,0.9,5.0,5000,19,10.000000000000002,21,1.184306566470648,HMM,AIC,11,0,9,-0.00011048683932454613,0.0025313098274553614,11.0,0.0
ms_garch,2,0.9,5.0,5000,19,10.000000000000002,21,1.184306566470648,HMM,ICL,11,0,9,-0.00011048683932454613,0.0025313098274553614,11.0,0.0
ms_garch,2,0.95,5.0,5000,0,19.999999999999982,21,1.258839613048089,K-Means,Silhouette,2,1,0,0.008719067140236864,0.008719067140236864,,
ms_garch,2,0.95,5.0,5000,0,19.999999999999982,21,1.258839613048089,K-Means,Davies-Bouldin,5,0,3,0.008719067140236864,0.017550999083111814,,
ms_garch,2,0.95,5.0,5000,0,19.999999999999982,21,1.258839613048089,K-Means,Calinski-Harabasz,12,0,10,0.008719067140236864,0.005395116914182109,,
ms_garch,2,0.95,5.0,5000,0,19.999999999999982,21,1.258839613048089,GMM,BIC,5,0,3,0.008719067140236864,0.01751071712811844,5.0,0.0
ms_garch,2,0.95,5.0,5000,0,19.999999999999982,21,1.258839613048089,GMM,AIC,10,0,8,0.008719067140236864,0.006348090023368089,10.0,0.0
ms_garch,2,0.95,5.0,5000,0,19.999999999999982,21,1.258839613048089,GMM,ICL,2,1,0,0.008719067140236864,0.008719067140236864,1.0,1.0
ms_garch,2,0.95,5.0,5000,0,19.999999999999982,21,1.258839613048089,GMM,BIC_Neff,5,0,3,0.008719067140236864,0.01751071712811844,5.0,0.0
ms_garch,2,0.95,5.0,5000,0,19.999999999999982,21,1.258839613048089,HMM,BIC,12,0,10,0.020465929645853666,0.004004037338456096,12.0,0.0
ms_garch,2,0.95,5.0,5000,0,19.999999999999982,21,1.258839613048089,HMM,AIC,12,0,10,0.020465929645853666,0.004004037338456096,12.0,0.0
ms_garch,2,0.95,5.0,5000,0,19.999999999999982,21,1.258839613048089,HMM,ICL,11,0,9,0.020465929645853666,0.005404180372069081,11.0,0.0
ms_garch,2,0.95,5.0,5000,1,19.999999999999982,21,1.3832706650297562,K-Means,Silhouette,2,1,0,0.009404796737305394,0.009404796737305394,,
ms_garch,2,0.95,5.0,5000,1,19.999999999999982,21,1.3832706650297562,K-Means,Davies-Bouldin,10,0,8,0.009404796737305394,0.008122304573000375,,
ms_garch,2,0.95,5.0,5000,1,19.999999999999982,21,1.3832706650297562,K-Means,Calinski-Harabasz,12,0,10,0.009404796737305394,0.007180323942592601,,
ms_garch,2,0.95,5.0,5000,1,19.999999999999982,21,1.3832706650297562,GMM,BIC,5,0,3,0.01010924973206495,0.015530203536653657,5.0,0.0
ms_garch,2,0.95,5.0,5000,1,19.999999999999982,21,1.3832706650297562,GMM,AIC,10,0,8,0.01010924973206495,0.008280147523563918,10.0,0.0
ms_garch,2,0.95,5.0,5000,1,19.999999999999982,21,1.3832706650297562,GMM,ICL,2,1,0,0.01010924973206495,0.01010924973206495,1.0,1.0
ms_garch,2,0.95,5.0,5000,1,19.999999999999982,21,1.3832706650297562,GMM,BIC_Neff,5,0,3,0.01010924973206495,0.015530203536653657,5.0,0.0
ms_garch,2,0.95,5.0,5000,1,19.999999999999982,21,1.3832706650297562,HMM,BIC,9,0,7,0.03221493504056687,0.00797703278464175,9.0,0.0
ms_garch,2,0.95,5.0,5000,1,19.999999999999982,21,1.3832706650297562,HMM,AIC,9,0,7,0.03221493504056687,0.00797703278464175,9.0,0.0
ms_garch,2,0.95,5.0,5000,1,19.999999999999982,21,1.3832706650297562,HMM,ICL,9,0,7,0.03221493504056687,0.00797703278464175,9.0,0.0
ms_garch,2,0.95,5.0,5000,2,19.999999999999982,21,1.285604320119585,K-Means,Silhouette,2,1,0,0.00709981277018456,0.00709981277018456,,
ms_garch,2,0.95,5.0,5000,2,19.999999999999982,21,1.285604320119585,K-Means,Davies-Bouldin,12,0,10,0.00709981277018456,0.003618062708469339,,
ms_garch,2,0.95,5.0,5000,2,19.999999999999982,21,1.285604320119585,K-Means,Calinski-Harabasz,12,0,10,0.00709981277018456,0.003618062708469339,,
ms_garch,2,0.95,5.0,5000,2,19.999999999999982,21,1.285604320119585,GMM,BIC,4,0,2,0.0015783954522436674,0.005138447487355243,4.0,0.0
ms_garch,2,0.95,5.0,5000,2,19.999999999999982,21,1.285604320119585,GMM,AIC,10,0,8,0.0015783954522436674,0.0033924112346290975,10.0,0.0
ms_garch,2,0.95,5.0,5000,2,19.999999999999982,21,1.285604320119585,GMM,ICL,2,1,0,0.0015783954522436674,0.0015783954522436674,1.0,1.0
ms_garch,2,0.95,5.0,5000,2,19.999999999999982,21,1.285604320119585,GMM,BIC_Neff,4,0,2,0.0015783954522436674,0.005138447487355243,4.0,0.0
ms_garch,2,0.95,5.0,5000,2,19.999999999999982,21,1.285604320119585,HMM,BIC,11,0,9,0.011449351189910048,0.0035999725329263848,11.0,0.0
ms_garch,2,0.95,5.0,5000,2,19.999999999999982,21,1.285604320119585,HMM,AIC,11,0,9,0.011449351189910048,0.0035999725329263848,11.0,0.0
ms_garch,2,0.95,5.0,5000,2,19.999999999999982,21,1.285604320119585,HMM,ICL,12,0,10,0.011449351189910048,0.0034672112808003122,12.0,0.0
ms_garch,2,0.95,5.0,5000,3,19.999999999999982,21,1.278135596470264,K-Means,Silhouette,2,1,0,0.016691251991688638,0.016691251991688638,,
ms_garch,2,0.95,5.0,5000,3,19.999999999999982,21,1.278135596470264,K-Means,Davies-Bouldin,4,0,2,0.016691251991688638,0.01814029495689711,,
ms_garch,2,0.95,5.0,5000,3,19.999999999999982,21,1.278135596470264,K-Means,Calinski-Harabasz,12,0,10,0.016691251991688638,0.0096379198307116,,
ms_garch,2,0.95,5.0,5000,3,19.999999999999982,21,1.278135596470264,GMM,BIC,4,0,2,0.01158687341683233,0.017489380798455745,4.0,0.0
ms_garch,2,0.95,5.0,5000,3,19.999999999999982,21,1.278135596470264,GMM,AIC,7,0,5,0.01158687341683233,0.014415924448044569,7.0,0.0
ms_garch,2,0.95,5.0,5000,3,19.999999999999982,21,1.278135596470264,GMM,ICL,2,1,0,0.01158687341683233,0.01158687341683233,1.0,1.0
ms_garch,2,0.95,5.0,5000,3,19.999999999999982,21,1.278135596470264,GMM,BIC_Neff,4,0,2,0.01158687341683233,0.017489380798455745,4.0,0.0
ms_garch,2,0.95,5.0,5000,3,19.999999999999982,21,1.278135596470264,HMM,BIC,9,0,7,0.02970385430688513,0.008331509853209587,9.0,0.0
ms_garch,2,0.95,5.0,5000,3,19.999999999999982,21,1.278135596470264,HMM,AIC,9,0,7,0.02970385430688513,0.008331509853209587,9.0,0.0
ms_garch,2,0.95,5.0,5000,3,19.999999999999982,21,1.278135596470264,HMM,ICL,9,0,7,0.02970385430688513,0.008331509853209587,9.0,0.0
ms_garch,2,0.95,5.0,5000,4,19.999999999999982,21,1.4262233224373675,K-Means,Silhouette,2,1,0,0.02088927051651995,0.02088927051651995,,
ms_garch,2,0.95,5.0,5000,4,19.999999999999982,21,1.4262233224373675,K-Means,Davies-Bouldin,5,0,3,0.02088927051651995,0.021674220192193793,,
ms_garch,2,0.95,5.0,5000,4,19.999999999999982,21,1.4262233224373675,K-Means,Calinski-Harabasz,12,0,10,0.02088927051651995,0.010869586549133652,,
ms_garch,2,0.95,5.0,5000,4,19.999999999999982,21,1.4262233224373675,GMM,BIC,6,0,4,0.014908233006261852,0.020274706363869435,6.0,0.0
ms_garch,2,0.95,5.0,5000,4,19.999999999999982,21,1.4262233224373675,GMM,AIC,6,0,4,0.014908233006261852,0.020274706363869435,6.0,0.0
ms_garch,2,0.95,5.0,5000,4,19.999999999999982,21,1.4262233224373675,GMM,ICL,2,1,0,0.014908233006261852,0.014908233006261852,1.0,1.0
ms_garch,2,0.95,5.0,5000,4,19.999999999999982,21,1.4262233224373675,GMM,BIC_Neff,6,0,4,0.014908233006261852,0.020274706363869435,6.0,0.0
ms_garch,2,0.95,5.0,5000,4,19.999999999999982,21,1.4262233224373675,HMM,BIC,12,0,10,0.03695146379695961,0.011346515617190316,12.0,0.0
ms_garch,2,0.95,5.0,5000,4,19.999999999999982,21,1.4262233224373675,HMM,AIC,12,0,10,0.03695146379695961,0.011346515617190316,12.0,0.0
ms_garch,2,0.95,5.0,5000,4,19.999999999999982,21,1.4262233224373675,HMM,ICL,12,0,10,0.03695146379695961,0.011346515617190316,12.0,0.0
ms_garch,2,0.95,5.0,5000,5,19.999999999999982,21,1.3214927133179346,K-Means,Silhouette,2,1,0,0.016067837564924192,0.016067837564924192,,
ms_garch,2,0.95,5.0,5000,5,19.999999999999982,21,1.3214927133179346,K-Means,Davies-Bouldin,12,0,10,0.016067837564924192,0.00885626254409158,,
ms_garch,2,0.95,5.0,5000,5,19.999999999999982,21,1.3214927133179346,K-Means,Calinski-Harabasz,12,0,10,0.016067837564924192,0.00885626254409158,,
ms_garch,2,0.95,5.0,5000,5,19.999999999999982,21,1.3214927133179346,GMM,BIC,4,0,2,0.00704811409055733,0.019750338494739898,4.0,0.0
ms_garch,2,0.95,5.0,5000,5,19.999999999999982,21,1.3214927133179346,GMM,AIC,8,0,6,0.00704811409055733,0.011563152933114927,8.0,0.0
ms_garch,2,0.95,5.0,5000,5,19.999999999999982,21,1.3214927133179346,GMM,ICL,2,1,0,0.00704811409055733,0.00704811409055733,1.0,1.0
ms_garch,2,0.95,5.0,5000,5,19.999999999999982,21,1.3214927133179346,GMM,BIC_Neff,4,0,2,0.00704811409055733,0.019750338494739898,4.0,0.0
ms_garch,2,0.95,5.0,5000,5,19.999999999999982,21,1.3214927133179346,HMM,BIC,12,0,10,0.03587892177099081,0.00508603532994231,12.0,0.0
ms_garch,2,0.95,5.0,5000,5,19.999999999999982,21,1.3214927133179346,HMM,AIC,12,0,10,0.03587892177099081,0.00508603532994231,12.0,0.0
ms_garch,2,0.95,5.0,5000,5,19.999999999999982,21,1.3214927133179346,HMM,ICL,11,0,9,0.03587892177099081,0.00795611637382688,11.0,0.0
ms_garch,2,0.95,5.0,5000,6,19.999999999999982,21,1.3794487093239012,K-Means,Silhouette,2,1,0,0.006528223211669633,0.006528223211669633,,
ms_garch,2,0.95,5.0,5000,6,19.999999999999982,21,1.3794487093239012,K-Means,Davies-Bouldin,11,0,9,0.006528223211669633,0.005182966381315174,,
ms_garch,2,0.95,5.0,5000,6,19.999999999999982,21,1.3794487093239012,K-Means,Calinski-Harabasz,12,0,10,0.006528223211669633,0.005011932244586056,,
ms_garch,2,0.95,5.0,5000,6,19.999999999999982,21,1.3794487093239012,GMM,BIC,5,0,3,0.000776578354207188,0.011098023504190297,5.0,0.0
ms_garch,2,0.95,5.0,5000,6,19.999999999999982,21,1.3794487093239012,GMM,AIC,10,0,8,0.000776578354207188,0.006566757013056766,10.0,0.0
ms_garch,2,0.95,5.0,5000,6,19.999999999999982,21,1.3794487093239012,GMM,ICL,3,0,1,0.000776578354207188,0.011254755101505004,1.0,1.0
ms_garch,2,0.95,5.0,5000,6,19.999999999999982,21,1.3794487093239012,GMM,BIC_Neff,8,0,6,0.000776578354207188,0.006508226350170134,8.0,0.0
ms_garch,2,0.95,5.0,5000,6,19.999999999999982,21,1.3794487093239012,HMM,BIC,12,0,10,-0.00017980167634043447,0.0049260089352927035,12.0,0.0
ms_garch,2,0.95,5.0,5000,6,19.999999999999982,21,1.3794487093239012,HMM,AIC,12,0,10,-0.00017980167634043447,0.0049260089352927035,12.0,0.0
ms_garch,2,0.95,5.0,5000,6,19.999999999999982,21,1.3794487093239012,HMM,ICL,7,0,5,-0.00017980167634043447,0.008204585651023485,7.0,0.0
ms_garch,2,0.95,5.0,5000,7,19.999999999999982,21,1.229215682179869,K-Means,Silhouette,2,1,0,0.0025856604356953687,0.0025856604356953687,,
ms_garch,2,0.95,5.0,5000,7,19.999999999999982,21,1.229215682179869,K-Means,Davies-Bouldin,12,0,10,0.0025856604356953687,0.005512623943978104,,
ms_garch,2,0.95,5.0,5000,7,19.999999999999982,21,1.229215682179869,K-Means,Calinski-Harabasz,12,0,10,0.0025856604356953687,0.005512623943978104,,
ms_garch,2,0.95,5.0,5000,7,19.999999999999982,21,1.229215682179869,GMM,BIC,4,0,2,0.0011670044128229507,0.006931698898847461,4.0,0.0
ms_garch,2,0.95,5.0,5000,7,19.999999999999982,21,1.229215682179869,GMM,AIC,9,0,7,0.0011670044128229507,0.0054977284198886,9.0,0.0
ms_garch,2,0.95,5.0,5000,7,19.999999999999982,21,1.229215682179869,GMM,ICL,2,1,0,0.0011670044128229507,0.0011670044128229507,1.0,1.0
ms_garch,2,0.95,5.0,5000,7,19.999999999999982,21,1.229215682179869,GMM,BIC_Neff,4,0,2,0.0011670044128229507,0.006931698898847461,4.0,0.0
ms_garch,2,0.95,5.0,5000,7,19.999999999999982,21,1.229215682179869,HMM,BIC,11,0,9,0.008750565465427183,0.004719045606263628,11.0,0.0
ms_garch,2,0.95,5.0,5000,7,19.999999999999982,21,1.229215682179869,HMM,AIC,12,0,10,0.008750565465427183,0.004262570636151261,12.0,0.0
ms_garch,2,0.95,5.0,5000,7,19.999999999999982,21,1.229215682179869,HMM,ICL,8,0,6,0.008750565465427183,0.006721704788850414,8.0,0.0
ms_garch,2,0.95,5.0,5000,8,19.999999999999982,21,1.321767799357217,K-Means,Silhouette,2,1,0,0.0010993070028086328,0.0010993070028086328,,
ms_garch,2,0.95,5.0,5000,8,19.999999999999982,21,1.321767799357217,K-Means,Davies-Bouldin,10,0,8,0.0010993070028086328,0.013255205339423733,,
ms_garch,2,0.95,5.0,5000,8,19.999999999999982,21,1.321767799357217,K-Means,Calinski-Harabasz,12,0,10,0.0010993070028086328,0.011306665026075685,,
ms_garch,2,0.95,5.0,5000,8,19.999999999999982,21,1.321767799357217,GMM,BIC,5,0,3,-0.000617728569299553,0.02745800792559981,5.0,0.0
ms_garch,2,0.95,5.0,5000,8,19.999999999999982,21,1.321767799357217,GMM,AIC,12,0,10,-0.000617728569299553,0.01115264974749909,12.0,0.0
ms_garch,2,0.95,5.0,5000,8,19.999999999999982,21,1.321767799357217,GMM,ICL,2,1,0,-0.000617728569299553,-0.000617728569299553,1.0,1.0
ms_garch,2,0.95,5.0,5000,8,19.999999999999982,21,1.321767799357217,GMM,BIC_Neff,5,0,3,-0.000617728569299553,0.02745800792559981,5.0,0.0
ms_garch,2,0.95,5.0,5000,8,19.999999999999982,21,1.321767799357217,HMM,BIC,9,0,7,0.016569740242170988,0.011866021039211501,9.0,0.0
ms_garch,2,0.95,5.0,5000,8,19.999999999999982,21,1.321767799357217,HMM,AIC,12,0,10,0.016569740242170988,0.013368285114501726,12.0,0.0
ms_garch,2,0.95,5.0,5000,8,19.999999999999982,21,1.321767799357217,HMM,ICL,9,0,7,0.016569740242170988,0.011866021039211501,9.0,0.0
ms_garch,2,0.95,5.0,5000,9,19.999999999999982,21,1.2246663600190084,K-Means,Silhouette,2,1,0,0.003142947964773941,0.003142947964773941,,
ms_garch,2,0.95,5.0,5000,9,19.999999999999982,21,1.2246663600190084,K-Means,Davies-Bouldin,6,0,4,0.003142947964773941,0.008794390084068342,,
ms_garch,2,0.95,5.0,5000,9,19.999999999999982,21,1.2246663600190084,K-Means,Calinski-Harabasz,12,0,10,0.003142947964773941,0.004505501423518352,,
ms_garch,2,0.95,5.0,5000,9,19.999999999999982,21,1.2246663600190084,GMM,BIC,4,0,2,0.0023927928858128067,0.009443569702599753,4.0,0.0
ms_garch,2,0.95,5.0,5000,9,19.999999999999982,21,1.2246663600190084,GMM,AIC,6,0,4,0.0023927928858128067,0.008696420950485461,6.0,0.0
ms_garch,2,0.95,5.0,5000,9,19.999999999999982,21,1.2246663600190084,GMM,ICL,2,1,0,0.0023927928858128067,0.0023927928858128067,1.0,1.0
ms_garch,2,0.95,5.0,5000,9,19.999999999999982,21,1.2246663600190084,GMM,BIC_Neff,6,0,4,0.0023927928858128067,0.008696420950485461,6.0,0.0
ms_garch,2,0.95,5.0,5000,9,19.999999999999982,21,1.2246663600190084,HMM,BIC,11,0,9,0.009092160219861764,0.006084518501589096,11.0,0.0
ms_garch,2,0.95,5.0,5000,9,19.999999999999982,21,1.2246663600190084,HMM,AIC,11,0,9,0.009092160219861764,0.006084518501589096,11.0,0.0
ms_garch,2,0.95,5.0,5000,9,19.999999999999982,21,1.2246663600190084,HMM,ICL,11,0,9,0.009092160219861764,0.006084518501589096,11.0,0.0
ms_garch,2,0.95,5.0,5000,10,19.999999999999982,21,1.2658969529053332,K-Means,Silhouette,2,1,0,-0.0008583452519065164,-0.0008583452519065164,,
ms_garch,2,0.95,5.0,5000,10,19.999999999999982,21,1.2658969529053332,K-Means,Davies-Bouldin,5,0,3,-0.0008583452519065164,0.012600331894694594,,
ms_garch,2,0.95,5.0,5000,10,19.999999999999982,21,1.2658969529053332,K-Means,Calinski-Harabasz,12,0,10,-0.0008583452519065164,0.006932964792332017,,
ms_garch,2,0.95,5.0,5000,10,19.999999999999982,21,1.2658969529053332,GMM,BIC,4,0,2,-0.001361931408878884,0.01789500461326505,4.0,0.0
ms_garch,2,0.95,5.0,5000,10,19.999999999999982,21,1.2658969529053332,GMM,AIC,10,0,8,-0.001361931408878884,0.0073119187440050665,10.0,0.0
ms_garch,2,0.95,5.0,5000,10,19.999999999999982,21,1.2658969529053332,GMM,ICL,2,1,0,-0.001361931408878884,-0.001361931408878884,1.0,1.0
ms_garch,2,0.95,5.0,5000,10,19.999999999999982,21,1.2658969529053332,GMM,BIC_Neff,5,0,3,-0.001361931408878884,0.013210368643923767,5.0,0.0
ms_garch,2,0.95,5.0,5000,10,19.999999999999982,21,1.2658969529053332,HMM,BIC,10,0,8,-0.00010720030898389539,0.005792960682873352,10.0,0.0
ms_garch,2,0.95,5.0,5000,10,19.999999999999982,21,1.2658969529053332,HMM,AIC,11,0,9,-0.00010720030898389539,0.008815035787982598,11.0,0.0
ms_garch,2,0.95,5.0,5000,10,19.999999999999982,21,1.2658969529053332,HMM,ICL,6,0,4,-0.00010720030898389539,0.009898224268955078,6.0,0.0
ms_garch,2,0.95,5.0,5000,11,19.999999999999982,21,1.3234431287339328,K-Means,Silhouette,2,1,0,0.0022891763484355677,0.0022891763484355677,,
ms_garch,2,0.95,5.0,5000,11,19.999999999999982,21,1.3234431287339328,K-Means,Davies-Bouldin,8,0,6,0.0022891763484355677,0.005789249833988629,,
ms_garch,2,0.95,5.0,5000,11,19.999999999999982,21,1.3234431287339328,K-Means,Calinski-Harabasz,12,0,10,0.0022891763484355677,0.004438071581907701,,
ms_garch,2,0.95,5.0,5000,11,19.999999999999982,21,1.3234431287339328,GMM,BIC,6,0,4,0.0008775033164777811,0.007770227880349254,6.0,0.0
ms_garch,2,0.95,5.0,5000,11,19.999999999999982,21,1.3234431287339328,GMM,AIC,8,0,6,0.0008775033164777811,0.005362757234392476,8.0,0.0
ms_garch,2,0.95,5.0,5000,11,19.999999999999982,21,1.3234431287339328,GMM,ICL,2,1,0,0.0008775033164777811,0.0008775033164777811,1.0,1.0
ms_garch,2,0.95,5.0,5000,11,19.999999999999982,21,1.3234431287339328,GMM,BIC_Neff,8,0,6,0.0008775033164777811,0.005362757234392476,8.0,0.0
ms_garch,2,0.95,5.0,5000,11,19.999999999999982,21,1.3234431287339328,HMM,BIC,12,0,10,0.0035041746705508025,0.0035412791123293715,12.0,0.0
ms_garch,2,0.95,5.0,5000,11,19.999999999999982,21,1.3234431287339328,HMM,AIC,12,0,10,0.0035041746705508025,0.0035412791123293715,12.0,0.0
ms_garch,2,0.95,5.0,5000,11,19.999999999999982,21,1.3234431287339328,HMM,ICL,12,0,10,0.0035041746705508025,0.0035412791123293715,12.0,0.0
ms_garch,2,0.95,5.0,5000,12,19.999999999999982,21,1.3050146695732052,K-Means,Silhouette,2,1,0,0.009482416534217254,0.009482416534217254,,
ms_garch,2,0.95,5.0,5000,12,19.999999999999982,21,1.3050146695732052,K-Means,Davies-Bouldin,5,0,3,0.009482416534217254,0.021020137234853287,,
ms_garch,2,0.95,5.0,5000,12,19.999999999999982,21,1.3050146695732052,K-Means,Calinski-Harabasz,12,0,10,0.009482416534217254,0.009147744790504947,,
ms_garch,2,0.95,5.0,5000,12,19.999999999999982,21,1.3050146695732052,GMM,BIC,5,0,3,0.008537816045086438,0.019080917327266102,5.0,0.0
ms_garch,2,0.95,5.0,5000,12,19.999999999999982,21,1.3050146695732052,GMM,AIC,10,0,8,0.008537816045086438,0.013584658794271804,10.0,0.0
ms_garch,2,0.95,5.0,5000,12,19.999999999999982,21,1.3050146695732052,GMM,ICL,2,1,0,0.008537816045086438,0.008537816045086438,1.0,1.0
ms_garch,2,0.95,5.0,5000,12,19.999999999999982,21,1.3050146695732052,GMM,BIC_Neff,7,0,5,0.008537816045086438,0.014754298642983641,7.0,0.0
ms_garch,2,0.95,5.0,5000,12,19.999999999999982,21,1.3050146695732052,HMM,BIC,12,0,10,0.023527870464035764,0.012622527738102893,12.0,0.0
ms_garch,2,0.95,5.0,5000,12,19.999999999999982,21,1.3050146695732052,HMM,AIC,12,0,10,0.023527870464035764,0.012622527738102893,12.0,0.0
ms_garch,2,0.95,5.0,5000,12,19.999999999999982,21,1.3050146695732052,HMM,ICL,6,0,4,0.023527870464035764,0.016325698116697134,6.0,0.0
ms_garch,2,0.95,5.0,5000,13,19.999999999999982,21,1.2982410904986548,K-Means,Silhouette,3,0,1,0.01077478810736692,0.019737873413074317,,
ms_garch,2,0.95,5.0,5000,13,19.999999999999982,21,1.2982410904986548,K-Means,Davies-Bouldin,3,0,1,0.01077478810736692,0.019737873413074317,,
ms_garch,2,0.95,5.0,5000,13,19.999999999999982,21,1.2982410904986548,K-Means,Calinski-Harabasz,12,0,10,0.01077478810736692,0.006948543841115613,,
ms_garch,2,0.95,5.0,5000,13,19.999999999999982,21,1.2982410904986548,GMM,BIC,6,0,4,0.010438958798253285,0.013889331503549445,6.0,0.0
ms_garch,2,0.95,5.0,5000,13,19.999999999999982,21,1.2982410904986548,GMM,AIC,7,0,5,0.010438958798253285,0.011040227702998126,7.0,0.0
ms_garch,2,0.95,5.0,5000,13,19.999999999999982,21,1.2982410904986548,GMM,ICL,3,0,1,0.010438958798253285,0.018892251778620056,1.0,1.0
ms_garch,2,0.95,5.0,5000,13,19.999999999999982,21,1.2982410904986548,GMM,BIC_Neff,6,0,4,0.010438958798253285,0.013889331503549445,6.0,0.0
ms_garch,2,0.95,5.0,5000,13,19.999999999999982,21,1.2982410904986548,HMM,BIC,10,0,8,0.026177859848914055,0.007985836788904768,10.0,0.0
ms_garch,2,0.95,5.0,5000,13,19.999999999999982,21,1.2982410904986548,HMM,AIC,10,0,8,0.026177859848914055,0.007985836788904768,10.0,0.0
ms_garch,2,0.95,5.0,5000,13,19.999999999999982,21,1.2982410904986548,HMM,ICL,7,0,5,0.026177859848914055,0.00969253181678628,7.0,0.0
ms_garch,2,0.95,5.0,5000,14,19.999999999999982,21,1.0959152398629424,K-Means,Silhouette,2,1,0,0.000305024514065323,0.000305024514065323,,
ms_garch,2,0.95,5.0,5000,14,19.999999999999982,21,1.0959152398629424,K-Means,Davies-Bouldin,7,0,5,0.000305024514065323,0.020718192266031967,,
ms_garch,2,0.95,5.0,5000,14,19.999999999999982,21,1.0959152398629424,K-Means,Calinski-Harabasz,12,0,10,0.000305024514065323,0.01207610671644746,,
ms_garch,2,0.95,5.0,5000,14,19.999999999999982,21,1.0959152398629424,GMM,BIC,6,0,4,0.0004970655386800137,0.02033093946327597,6.0,0.0
ms_garch,2,0.95,5.0,5000,14,19.999999999999982,21,1.0959152398629424,GMM,AIC,10,0,8,0.0004970655386800137,0.012303106874673368,10.0,0.0
ms_garch,2,0.95,5.0,5000,14,19.999999999999982,21,1.0959152398629424,GMM,ICL,2,1,0,0.0004970655386800137,0.0004970655386800137,2.0,0.0
ms_garch,2,0.95,5.0,5000,14,19.999999999999982,21,1.0959152398629424,GMM,BIC_Neff,8,0,6,0.0004970655386800137,0.01636957966628774,8.0,0.0
ms_garch,2,0.95,5.0,5000,14,19.999999999999982,21,1.0959152398629424,HMM,BIC,10,0,8,0.0077112362347842986,0.009108734375597905,10.0,0.0
ms_garch,2,0.95,5.0,5000,14,19.999999999999982,21,1.0959152398629424,HMM,AIC,11,0,9,0.0077112362347842986,0.00914302742041805,11.0,0.0
ms_garch,2,0.95,5.0,5000,14,19.999999999999982,21,1.0959152398629424,HMM,ICL,7,0,5,0.0077112362347842986,0.014746104635240476,7.0,0.0
ms_garch,2,0.95,5.0,5000,15,19.999999999999982,21,1.4464766671356675,K-Means,Silhouette,2,1,0,0.007254342159421151,0.007254342159421151,,
ms_garch,2,0.95,5.0,5000,15,19.999999999999982,21,1.4464766671356675,K-Means,Davies-Bouldin,12,0,10,0.007254342159421151,0.0048231828454041135,,
ms_garch,2,0.95,5.0,5000,15,19.999999999999982,21,1.4464766671356675,K-Means,Calinski-Harabasz,12,0,10,0.007254342159421151,0.0048231828454041135,,
ms_garch,2,0.95,5.0,5000,15,19.999999999999982,21,1.4464766671356675,GMM,BIC,5,0,3,0.004671565745965055,0.009497994451961322,5.0,0.0
ms_garch,2,0.95,5.0,5000,15,19.999999999999982,21,1.4464766671356675,GMM,AIC,12,0,10,0.004671565745965055,0.004421224504517531,12.0,0.0
ms_garch,2,0.95,5.0,5000,15,19.999999999999982,21,1.4464766671356675,GMM,ICL,2,1,0,0.004671565745965055,0.004671565745965055,1.0,1.0
ms_garch,2,0.95,5.0,5000,15,19.999999999999982,21,1.4464766671356675,GMM,BIC_Neff,5,0,3,0.004671565745965055,0.009497994451961322,5.0,0.0
ms_garch,2,0.95,5.0,5000,15,19.999999999999982,21,1.4464766671356675,HMM,BIC,12,0,10,0.01969953204057418,0.0060344812954411875,12.0,0.0
ms_garch,2,0.95,5.0,5000,15,19.999999999999982,21,1.4464766671356675,HMM,AIC,12,0,10,0.01969953204057418,0.0060344812954411875,12.0,0.0
ms_garch,2,0.95,5.0,5000,15,19.999999999999982,21,1.4464766671356675,HMM,ICL,8,0,6,0.01969953204057418,0.008296498926295654,8.0,0.0
ms_garch,2,0.95,5.0,5000,16,19.999999999999982,21,1.4023495237338046,K-Means,Silhouette,2,1,0,0.008553567766243128,0.008553567766243128,,
ms_garch,2,0.95,5.0,5000,16,19.999999999999982,21,1.4023495237338046,K-Means,Davies-Bouldin,12,0,10,0.008553567766243128,0.0066145023279178174,,
ms_garch,2,0.95,5.0,5000,16,19.999999999999982,21,1.4023495237338046,K-Means,Calinski-Harabasz,12,0,10,0.008553567766243128,0.0066145023279178174,,
ms_garch,2,0.95,5.0,5000,16,19.999999999999982,21,1.4023495237338046,GMM,BIC,3,0,1,0.010941505912709034,0.00789477019457662,3.0,0.0
ms_garch,2,0.95,5.0,5000,16,19.999999999999982,21,1.4023495237338046,GMM,AIC,10,0,8,0.010941505912709034,0.007440756082125069,10.0,0.0
ms_garch,2,0.95,5.0,5000,16,19.999999999999982,21,1.4023495237338046,GMM,ICL,2,1,0,0.010941505912709034,0.010941505912709034,1.0,1.0
ms_garch,2,0.95,5.0,5000,16,19.999999999999982,21,1.4023495237338046,GMM,BIC_Neff,5,0,3,0.010941505912709034,0.01373701997938004,5.0,0.0
ms_garch,2,0.95,5.0,5000,16,19.999999999999982,21,1.4023495237338046,HMM,BIC,11,0,9,0.014977967691386138,0.007729896334089237,11.0,0.0
ms_garch,2,0.95,5.0,5000,16,19.999999999999982,21,1.4023495237338046,HMM,AIC,11,0,9,0.014977967691386138,0.007729896334089237,11.0,0.0
ms_garch,2,0.95,5.0,5000,16,19.999999999999982,21,1.4023495237338046,HMM,ICL,11,0,9,0.014977967691386138,0.007729896334089237,11.0,0.0
ms_garch,2,0.95,5.0,5000,17,19.999999999999982,21,1.3348773363069006,K-Means,Silhouette,2,1,0,0.005846703786378759,0.005846703786378759,,
ms_garch,2,0.95,5.0,5000,17,19.999999999999982,21,1.3348773363069006,K-Means,Davies-Bouldin,5,0,3,0.005846703786378759,0.0066575474134636485,,
ms_garch,2,0.95,5.0,5000,17,19.999999999999982,21,1.3348773363069006,K-Means,Calinski-Harabasz,12,0,10,0.005846703786378759,0.003535790990754139,,
ms_garch,2,0.95,5.0,5000,17,19.999999999999982,21,1.3348773363069006,GMM,BIC,5,0,3,0.003346900564632768,0.006610290415881691,5.0,0.0
ms_garch,2,0.95,5.0,5000,17,19.999999999999982,21,1.3348773363069006,GMM,AIC,6,0,4,0.003346900564632768,0.005901687915269778,6.0,0.0
ms_garch,2,0.95,5.0,5000,17,19.999999999999982,21,1.3348773363069006,GMM,ICL,2,1,0,0.003346900564632768,0.003346900564632768,1.0,1.0
ms_garch,2,0.95,5.0,5000,17,19.999999999999982,21,1.3348773363069006,GMM,BIC_Neff,5,0,3,0.003346900564632768,0.006610290415881691,5.0,0.0
ms_garch,2,0.95,5.0,5000,17,19.999999999999982,21,1.3348773363069006,HMM,BIC,12,0,10,-0.0001770291465482925,0.003932813076382618,12.0,0.0
ms_garch,2,0.95,5.0,5000,17,19.999999999999982,21,1.3348773363069006,HMM,AIC,12,0,10,-0.0001770291465482925,0.003932813076382618,12.0,0.0
ms_garch,2,0.95,5.0,5000,17,19.999999999999982,21,1.3348773363069006,HMM,ICL,12,0,10,-0.0001770291465482925,0.003932813076382618,12.0,0.0
ms_garch,2,0.95,5.0,5000,18,19.999999999999982,21,1.291256748911119,K-Means,Silhouette,3,0,1,-0.0026267101592796147,0.007919688374540787,,
ms_garch,2,0.95,5.0,5000,18,19.999999999999982,21,1.291256748911119,K-Means,Davies-Bouldin,11,0,9,-0.0026267101592796147,0.004463674149323828,,
ms_garch,2,0.95,5.0,5000,18,19.999999999999982,21,1.291256748911119,K-Means,Calinski-Harabasz,12,0,10,-0.0026267101592796147,0.0038543965404241724,,
ms_garch,2,0.95,5.0,5000,18,19.999999999999982,21,1.291256748911119,GMM,BIC,6,0,4,-0.0022447101863377894,0.0063284437929858155,6.0,0.0
ms_garch,2,0.95,5.0,5000,18,19.999999999999982,21,1.291256748911119,GMM,AIC,10,0,8,-0.0022447101863377894,0.006332629551381944,10.0,0.0
ms_garch,2,0.95,5.0,5000,18,19.999999999999982,21,1.291256748911119,GMM,ICL,2,1,0,-0.0022447101863377894,-0.0022447101863377894,1.0,1.0
ms_garch,2,0.95,5.0,5000,18,19.999999999999982,21,1.291256748911119,GMM,BIC_Neff,6,0,4,-0.0022447101863377894,0.0063284437929858155,6.0,0.0
ms_garch,2,0.95,5.0,5000,18,19.999999999999982,21,1.291256748911119,HMM,BIC,12,0,10,0.013232883566298271,0.0038866727751871296,12.0,0.0
ms_garch,2,0.95,5.0,5000,18,19.999999999999982,21,1.291256748911119,HMM,AIC,12,0,10,0.013232883566298271,0.0038866727751871296,12.0,0.0
ms_garch,2,0.95,5.0,5000,18,19.999999999999982,21,1.291256748911119,HMM,ICL,12,0,10,0.013232883566298271,0.0038866727751871296,12.0,0.0
ms_garch,2,0.95,5.0,5000,19,19.999999999999982,21,1.565073356412076,K-Means,Silhouette,2,1,0,0.020813362025870398,0.020813362025870398,,
ms_garch,2,0.95,5.0,5000,19,19.999999999999982,21,1.565073356412076,K-Means,Davies-Bouldin,9,0,7,0.020813362025870398,0.01532155986853384,,
ms_garch,2,0.95,5.0,5000,19,19.999999999999982,21,1.565073356412076,K-Means,Calinski-Harabasz,12,0,10,0.020813362025870398,0.009199916630310718,,
ms_garch,2,0.95,5.0,5000,19,19.999999999999982,21,1.565073356412076,GMM,BIC,4,0,2,0.013823116650161808,0.013428067920632338,4.0,0.0
ms_garch,2,0.95,5.0,5000,19,19.999999999999982,21,1.565073356412076,GMM,AIC,12,0,10,0.013823116650161808,0.009269448998708274,12.0,0.0
ms_garch,2,0.95,5.0,5000,19,19.999999999999982,21,1.565073356412076,GMM,ICL,2,1,0,0.013823116650161808,0.013823116650161808,1.0,1.0
ms_garch,2,0.95,5.0,5000,19,19.999999999999982,21,1.565073356412076,GMM,BIC_Neff,4,0,2,0.013823116650161808,0.013428067920632338,4.0,0.0
ms_garch,2,0.95,5.0,5000,19,19.999999999999982,21,1.565073356412076,HMM,BIC,12,0,10,0.020871957049305986,0.013609527978064641,12.0,0.0
ms_garch,2,0.95,5.0,5000,19,19.999999999999982,21,1.565073356412076,HMM,AIC,12,0,10,0.020871957049305986,0.013609527978064641,12.0,0.0
ms_garch,2,0.95,5.0,5000,19,19.999999999999982,21,1.565073356412076,HMM,ICL,12,0,10,0.020871957049305986,0.013609527978064641,12.0,0.0
ms_garch,2,0.99,5.0,5000,0,99.99999999999991,21,2.293753653853949,K-Means,Silhouette,2,1,0,0.005555151132160725,0.005555151132160725,,
ms_garch,2,0.99,5.0,5000,0,99.99999999999991,21,2.293753653853949,K-Means,Davies-Bouldin,3,0,1,0.005555151132160725,0.007643907306230857,,
ms_garch,2,0.99,5.0,5000,0,99.99999999999991,21,2.293753653853949,K-Means,Calinski-Harabasz,12,0,10,0.005555151132160725,0.1348683606015649,,
ms_garch,2,0.99,5.0,5000,0,99.99999999999991,21,2.293753653853949,GMM,BIC,8,0,6,0.009749498021948999,0.170182397284712,8.0,0.0
ms_garch,2,0.99,5.0,5000,0,99.99999999999991,21,2.293753653853949,GMM,AIC,9,0,7,0.009749498021948999,0.1651176870433551,9.0,0.0
ms_garch,2,0.99,5.0,5000,0,99.99999999999991,21,2.293753653853949,GMM,ICL,3,0,1,0.009749498021948999,0.011642795475584349,3.0,0.0
ms_garch,2,0.99,5.0,5000,0,99.99999999999991,21,2.293753653853949,GMM,BIC_Neff,8,0,6,0.009749498021948999,0.170182397284712,8.0,0.0
ms_garch,2,0.99,5.0,5000,0,99.99999999999991,21,2.293753653853949,HMM,BIC,10,0,8,0.07351468213894102,0.12372822991866116,10.0,0.0
ms_garch,2,0.99,5.0,5000,0,99.99999999999991,21,2.293753653853949,HMM,AIC,10,0,8,0.07351468213894102,0.12372822991866116,10.0,0.0
ms_garch,2,0.99,5.0,5000,0,99.99999999999991,21,2.293753653853949,HMM,ICL,10,0,8,0.07351468213894102,0.12372822991866116,10.0,0.0
ms_garch,2,0.99,5.0,5000,1,99.99999999999991,21,1.7310368746798293,K-Means,Silhouette,3,0,1,0.1469827732261018,0.1873124046795562,,
ms_garch,2,0.99,5.0,5000,1,99.99999999999991,21,1.7310368746798293,K-Means,Davies-Bouldin,12,0,10,0.1469827732261018,0.0672325247223577,,
ms_garch,2,0.99,5.0,5000,1,99.99999999999991,21,1.7310368746798293,K-Means,Calinski-Harabasz,12,0,10,0.1469827732261018,0.0672325247223577,,
ms_garch,2,0.99,5.0,5000,1,99.99999999999991,21,1.7310368746798293,GMM,BIC,6,0,4,0.14852126287432085,0.1338728364914931,6.0,0.0
ms_garch,2,0.99,5.0,5000,1,99.99999999999991,21,1.7310368746798293,GMM,AIC,12,0,10,0.14852126287432085,0.07315725332383076,12.0,0.0
ms_garch,2,0.99,5.0,5000,1,99.99999999999991,21,1.7310368746798293,GMM,ICL,3,0,1,0.14852126287432085,0.20770524143838984,1.0,1.0
ms_garch,2,0.99,5.0,5000,1,99.99999999999991,21,1.7310368746798293,GMM,BIC_Neff,6,0,4,0.14852126287432085,0.1338728364914931,6.0,0.0
ms_garch,2,0.99,5.0,5000,1,99.99999999999991,21,1.7310368746798293,HMM,BIC,10,0,8,0.26693627103310913,0.060917365481191726,10.0,0.0
ms_garch,2,0.99,5.0,5000,1,99.99999999999991,21,1.7310368746798293,HMM,AIC,10,0,8,0.26693627103310913,0.060917365481191726,10.0,0.0
ms_garch,2,0.99,5.0,5000,1,99.99999999999991,21,1.7310368746798293,HMM,ICL,10,0,8,0.26693627103310913,0.060917365481191726,10.0,0.0
ms_garch,2,0.99,5.0,5000,2,99.99999999999991,21,1.7181771230515925,K-Means,Silhouette,4,0,2,0.1283203337514818,0.20995482023791984,,
ms_garch,2,0.99,5.0,5000,2,99.99999999999991,21,1.7181771230515925,K-Means,Davies-Bouldin,4,0,2,0.1283203337514818,0.20995482023791984,,
ms_garch,2,0.99,5.0,5000,2,99.99999999999991,21,1.7181771230515925,K-Means,Calinski-Harabasz,12,0,10,0.1283203337514818,0.07622262538796797,,
ms_garch,2,0.99,5.0,5000,2,99.99999999999991,21,1.7181771230515925,GMM,BIC,6,0,4,0.03066505884385514,0.14018018317497544,6.0,0.0
ms_garch,2,0.99,5.0,5000,2,99.99999999999991,21,1.7181771230515925,GMM,AIC,12,0,10,0.03066505884385514,0.07668944353353013,12.0,0.0
ms_garch,2,0.99,5.0,5000,2,99.99999999999991,21,1.7181771230515925,GMM,ICL,4,0,2,0.03066505884385514,0.21204234926830143,1.0,1.0
ms_garch,2,0.99,5.0,5000,2,99.99999999999991,21,1.7181771230515925,GMM,BIC_Neff,6,0,4,0.03066505884385514,0.14018018317497544,6.0,0.0
ms_garch,2,0.99,5.0,5000,2,99.99999999999991,21,1.7181771230515925,HMM,BIC,11,0,9,0.35333840450484105,0.07180912215504594,11.0,0.0
ms_garch,2,0.99,5.0,5000,2,99.99999999999991,21,1.7181771230515925,HMM,AIC,11,0,9,0.35333840450484105,0.07180912215504594,11.0,0.0
ms_garch,2,0.99,5.0,5000,2,99.99999999999991,21,1.7181771230515925,HMM,ICL,11,0,9,0.35333840450484105,0.07180912215504594,11.0,0.0
ms_garch,2,0.99,5.0,5000,3,99.99999999999991,21,1.975082036306522,K-Means,Silhouette,2,1,0,0.08767283828302544,0.08767283828302544,,
ms_garch,2,0.99,5.0,5000,3,99.99999999999991,21,1.975082036306522,K-Means,Davies-Bouldin,5,0,3,0.08767283828302544,0.1861086693709483,,
ms_garch,2,0.99,5.0,5000,3,99.99999999999991,21,1.975082036306522,K-Means,Calinski-Harabasz,12,0,10,0.08767283828302544,0.08059689393037867,,
ms_garch,2,0.99,5.0,5000,3,99.99999999999991,21,1.975082036306522,GMM,BIC,6,0,4,0.08400753880942383,0.15972946490206016,6.0,0.0
ms_garch,2,0.99,5.0,5000,3,99.99999999999991,21,1.975082036306522,GMM,AIC,10,0,8,0.08400753880942383,0.1098520107868021,10.0,0.0
ms_garch,2,0.99,5.0,5000,3,99.99999999999991,21,1.975082036306522,GMM,ICL,5,0,3,0.08400753880942383,0.18444395825236537,1.0,1.0
ms_garch,2,0.99,5.0,5000,3,99.99999999999991,21,1.975082036306522,GMM,BIC_Neff,6,0,4,0.08400753880942383,0.15972946490206016,6.0,0.0
ms_garch,2,0.99,5.0,5000,3,99.99999999999991,21,1.975082036306522,HMM,BIC,12,0,10,-0.00019573849932387285,0.07089883977705475,12.0,0.0
ms_garch,2,0.99,5.0,5000,3,99.99999999999991,21,1.975082036306522,HMM,AIC,12,0,10,-0.00019573849932387285,0.07089883977705475,12.0,0.0
ms_garch,2,0.99,5.0,5000,3,99.99999999999991,21,1.975082036306522,HMM,ICL,9,0,7,-0.00019573849932387285,0.09259986845752008,9.0,0.0
ms_garch,2,0.99,5.0,5000,4,99.99999999999991,21,1.8391061068533192,K-Means,Silhouette,2,1,0,-0.046475945407544815,-0.046475945407544815,,
ms_garch,2,0.99,5.0,5000,4,99.99999999999991,21,1.8391061068533192,K-Means,Davies-Bouldin,8,0,6,-0.046475945407544815,0.07384224289155805,,
ms_garch,2,0.99,5.0,5000,4,99.99999999999991,21,1.8391061068533192,K-Means,Calinski-Harabasz,12,0,10,-0.046475945407544815,0.051953483409501865,,
ms_garch,2,0.99,5.0,5000,4,99.99999999999991,21,1.8391061068533192,GMM,BIC,9,0,7,-0.04280752209992765,0.0668130640031109,9.0,0.0
ms_garch,2,0.99,5.0,5000,4,99.99999999999991,21,1.8391061068533192,GMM,AIC,11,0,9,-0.04280752209992765,0.05369904124234544,11.0,0.0
ms_garch,2,0.99,5.0,5000,4,99.99999999999991,21,1.8391061068533192,GMM,ICL,2,1,0,-0.04280752209992765,-0.04280752209992765,2.0,0.0
ms_garch,2,0.99,5.0,5000,4,99.99999999999991,21,1.8391061068533192,GMM,BIC_Neff,9,0,7,-0.04280752209992765,0.0668130640031109,9.0,0.0
ms_garch,2,0.99,5.0,5000,4,99.99999999999991,21,1.8391061068533192,HMM,BIC,9,0,7,-0.04548523228381707,0.05674760593342381,9.0,0.0
ms_garch,2,0.99,5.0,5000,4,99.99999999999991,21,1.8391061068533192,HMM,AIC,12,0,10,-0.04548523228381707,0.0546309712709588,12.0,0.0
ms_garch,2,0.99,5.0,5000,4,99.99999999999991,21,1.8391061068533192,HMM,ICL,8,0,6,-0.04548523228381707,0.07336210161364769,8.0,0.0
ms_garch,2,0.99,5.0,5000,5,99.99999999999991,21,1.9337152500343262,K-Means,Silhouette,2,1,0,0.05507962158808895,0.05507962158808895,,
ms_garch,2,0.99,5.0,5000,5,99.99999999999991,21,1.9337152500343262,K-Means,Davies-Bouldin,8,0,6,0.05507962158808895,0.10543279432882806,,
ms_garch,2,0.99,5.0,5000,5,99.99999999999991,21,1.9337152500343262,K-Means,Calinski-Harabasz,12,0,10,0.05507962158808895,0.06414043108573347,,
ms_garch,2,0.99,5.0,5000,5,99.99999999999991,21,1.9337152500343262,GMM,BIC,7,0,5,0.022590583245007286,0.1209420796214938,7.0,0.0
ms_garch,2,0.99,5.0,5000,5,99.99999999999991,21,1.9337152500343262,GMM,AIC,7,0,5,0.022590583245007286,0.1209420796214938,7.0,0.0
ms_garch,2,0.99,5.0,5000,5,99.99999999999991,21,1.9337152500343262,GMM,ICL,4,0,2,0.022590583245007286,0.19195322459488967,1.0,1.0
ms_garch,2,0.99,5.0,5000,5,99.99999999999991,21,1.9337152500343262,GMM,BIC_Neff,7,0,5,0.022590583245007286,0.1209420796214938,7.0,0.0
ms_garch,2,0.99,5.0,5000,5,99.99999999999991,21,1.9337152500343262,HMM,BIC,12,0,10,0.293575964265864,0.05980449030883414,12.0,0.0
ms_garch,2,0.99,5.0,5000,5,99.99999999999991,21,1.9337152500343262,HMM,AIC,12,0,10,0.293575964265864,0.05980449030883414,12.0,0.0
ms_garch,2,0.99,5.0,5000,5,99.99999999999991,21,1.9337152500343262,HMM,ICL,12,0,10,0.293575964265864,0.05980449030883414,12.0,0.0
ms_garch,2,0.99,5.0,5000,6,99.99999999999991,21,2.21342324859616,K-Means,Silhouette,2,1,0,0.06077849174529809,0.06077849174529809,,
ms_garch,2,0.99,5.0,5000,6,99.99999999999991,21,2.21342324859616,K-Means,Davies-Bouldin,6,0,4,0.06077849174529809,0.17820098330631923,,
ms_garch,2,0.99,5.0,5000,6,99.99999999999991,21,2.21342324859616,K-Means,Calinski-Harabasz,12,0,10,0.06077849174529809,0.09663582981175113,,
ms_garch,2,0.99,5.0,5000,6,99.99999999999991,21,2.21342324859616,GMM,BIC,6,0,4,0.06278123377163941,0.17723820732565754,6.0,0.0
ms_garch,2,0.99,5.0,5000,6,99.99999999999991,21,2.21342324859616,GMM,AIC,12,0,10,0.06278123377163941,0.09124237727789791,12.0,0.0
ms_garch,2,0.99,5.0,5000,6,99.99999999999991,21,2.21342324859616,GMM,ICL,7,0,5,0.06278123377163941,0.17137963942290185,7.0,0.0
ms_garch,2,0.99,5.0,5000,6,99.99999999999991,21,2.21342324859616,GMM,BIC_Neff,7,0,5,0.06278123377163941,0.17137963942290185,7.0,0.0
ms_garch,2,0.99,5.0,5000,6,99.99999999999991,21,2.21342324859616,HMM,BIC,11,0,9,0.3010362207104375,0.10339914665693256,11.0,0.0
ms_garch,2,0.99,5.0,5000,6,99.99999999999991,21,2.21342324859616,HMM,AIC,11,0,9,0.3010362207104375,0.10339914665693256,11.0,0.0
ms_garch,2,0.99,5.0,5000,6,99.99999999999991,21,2.21342324859616,HMM,ICL,11,0,9,0.3010362207104375,0.10339914665693256,11.0,0.0
ms_garch,2,0.99,5.0,5000,7,99.99999999999991,21,1.8095973655783462,K-Means,Silhouette,3,0,1,0.09089593970326632,0.12659388188273515,,
ms_garch,2,0.99,5.0,5000,7,99.99999999999991,21,1.8095973655783462,K-Means,Davies-Bouldin,9,0,7,0.09089593970326632,0.055862107553807966,,
ms_garch,2,0.99,5.0,5000,7,99.99999999999991,21,1.8095973655783462,K-Means,Calinski-Harabasz,12,0,10,0.09089593970326632,0.0453002530228666,,
ms_garch,2,0.99,5.0,5000,7,99.99999999999991,21,1.8095973655783462,GMM,BIC,7,0,5,0.022840526635628737,0.08596753442099114,7.0,0.0
ms_garch,2,0.99,5.0,5000,7,99.99999999999991,21,1.8095973655783462,GMM,AIC,9,0,7,0.022840526635628737,0.056373721407074515,9.0,0.0
ms_garch,2,0.99,5.0,5000,7,99.99999999999991,21,1.8095973655783462,GMM,ICL,9,0,7,0.022840526635628737,0.056373721407074515,1.0,1.0
ms_garch,2,0.99,5.0,5000,7,99.99999999999991,21,1.8095973655783462,GMM,BIC_Neff,7,0,5,0.022840526635628737,0.08596753442099114,7.0,0.0
ms_garch,2,0.99,5.0,5000,7,99.99999999999991,21,1.8095973655783462,HMM,BIC,12,0,10,0.202250487419533,0.0425895807031485,12.0,0.0
ms_garch,2,0.99,5.0,5000,7,99.99999999999991,21,1.8095973655783462,HMM,AIC,12,0,10,0.202250487419533,0.0425895807031485,12.0,0.0
ms_garch,2,0.99,5.0,5000,7,99.99999999999991,21,1.8095973655783462,HMM,ICL,12,0,10,0.202250487419533,0.0425895807031485,12.0,0.0
ms_garch,2,0.99,5.0,5000,8,99.99999999999991,21,1.7298546161654842,K-Means,Silhouette,2,1,0,0.08297144630834223,0.08297144630834223,,
ms_garch,2,0.99,5.0,5000,8,99.99999999999991,21,1.7298546161654842,K-Means,Davies-Bouldin,10,0,8,0.08297144630834223,0.06864210543084587,,
ms_garch,2,0.99,5.0,5000,8,99.99999999999991,21,1.7298546161654842,K-Means,Calinski-Harabasz,12,0,10,0.08297144630834223,0.05969158190682537,,
ms_garch,2,0.99,5.0,5000,8,99.99999999999991,21,1.7298546161654842,GMM,BIC,5,0,3,0.04714887688106881,0.13494336109802516,5.0,0.0
ms_garch,2,0.99,5.0,5000,8,99.99999999999991,21,1.7298546161654842,GMM,AIC,8,0,6,0.04714887688106881,0.10213990213416956,8.0,0.0
ms_garch,2,0.99,5.0,5000,8,99.99999999999991,21,1.7298546161654842,GMM,ICL,2,1,0,0.04714887688106881,0.04714887688106881,1.0,1.0
ms_garch,2,0.99,5.0,5000,8,99.99999999999991,21,1.7298546161654842,GMM,BIC_Neff,5,0,3,0.04714887688106881,0.13494336109802516,5.0,0.0
ms_garch,2,0.99,5.0,5000,8,99.99999999999991,21,1.7298546161654842,HMM,BIC,10,0,8,0.19376542509979247,0.05746010430230224,10.0,0.0
ms_garch,2,0.99,5.0,5000,8,99.99999999999991,21,1.7298546161654842,HMM,AIC,12,0,10,0.19376542509979247,0.05470314941899053,12.0,0.0
ms_garch,2,0.99,5.0,5000,8,99.99999999999991,21,1.7298546161654842,HMM,ICL,8,0,6,0.19376542509979247,0.09421626417822654,8.0,0.0
ms_garch,2,0.99,5.0,5000,9,99.99999999999991,21,1.6416203157898333,K-Means,Silhouette,2,1,0,0.08172916990865706,0.08172916990865706,,
ms_garch,2,0.99,5.0,5000,9,99.99999999999991,21,1.6416203157898333,K-Means,Davies-Bouldin,8,0,6,0.08172916990865706,0.09128802854732666,,
ms_garch,2,0.99,5.0,5000,9,99.99999999999991,21,1.6416203157898333,K-Means,Calinski-Harabasz,12,0,10,0.08172916990865706,0.059293719484655234,,
ms_garch,2,0.99,5.0,5000,9,99.99999999999991,21,1.6416203157898333,GMM,BIC,5,0,3,0.04717680570538845,0.12976896211583885,5.0,0.0
ms_garch,2,0.99,5.0,5000,9,99.99999999999991,21,1.6416203157898333,GMM,AIC,7,0,5,0.04717680570538845,0.10511798356706123,7.0,0.0
ms_garch,2,0.99,5.0,5000,9,99.99999999999991,21,1.6416203157898333,GMM,ICL,4,0,2,0.04717680570538845,0.1546161255224743,1.0,1.0
ms_garch,2,0.99,5.0,5000,9,99.99999999999991,21,1.6416203157898333,GMM,BIC_Neff,7,0,5,0.04717680570538845,0.10511798356706123,7.0,0.0
ms_garch,2,0.99,5.0,5000,9,99.99999999999991,21,1.6416203157898333,HMM,BIC,8,0,6,0.21650640532767831,0.07127857189566437,8.0,0.0
ms_garch,2,0.99,5.0,5000,9,99.99999999999991,21,1.6416203157898333,HMM,AIC,8,0,6,0.21650640532767831,0.07127857189566437,8.0,0.0
ms_garch,2,0.99,5.0,5000,9,99.99999999999991,21,1.6416203157898333,HMM,ICL,8,0,6,0.21650640532767831,0.07127857189566437,8.0,0.0
ms_garch,2,0.99,5.0,5000,10,99.99999999999991,21,1.6168337028161393,K-Means,Silhouette,2,1,0,0.0879232946273626,0.0879232946273626,,
ms_garch,2,0.99,5.0,5000,10,99.99999999999991,21,1.6168337028161393,K-Means,Davies-Bouldin,12,0,10,0.0879232946273626,0.048086398417768926,,
ms_garch,2,0.99,5.0,5000,10,99.99999999999991,21,1.6168337028161393,K-Means,Calinski-Harabasz,12,0,10,0.0879232946273626,0.048086398417768926,,
ms_garch,2,0.99,5.0,5000,10,99.99999999999991,21,1.6168337028161393,GMM,BIC,8,0,6,0.08117277037317028,0.08211554603906042,8.0,0.0
ms_garch,2,0.99,5.0,5000,10,99.99999999999991,21,1.6168337028161393,GMM,AIC,12,0,10,0.08117277037317028,0.04886724762076139,12.0,0.0
ms_garch,2,0.99,5.0,5000,10,99.99999999999991,21,1.6168337028161393,GMM,ICL,5,0,3,0.08117277037317028,0.12339678287246843,1.0,1.0
ms_garch,2,0.99,5.0,5000,10,99.99999999999991,21,1.6168337028161393,GMM,BIC_Neff,9,0,7,0.08117277037317028,0.07303149141694262,9.0,0.0
ms_garch,2,0.99,5.0,5000,10,99.99999999999991,21,1.6168337028161393,HMM,BIC,8,0,6,0.19203306720382207,0.07759941040289467,8.0,0.0
ms_garch,2,0.99,5.0,5000,10,99.99999999999991,21,1.6168337028161393,HMM,AIC,12,0,10,0.19203306720382207,0.06264706877998596,12.0,0.0
ms_garch,2,0.99,5.0,5000,10,99.99999999999991,21,1.6168337028161393,HMM,ICL,8,0,6,0.19203306720382207,0.07759941040289467,8.0,0.0
ms_garch,2,0.99,5.0,5000,11,99.99999999999991,21,1.4911675324930524,K-Means,Silhouette,2,1,0,0.04192555467207737,0.04192555467207737,,
ms_garch,2,0.99,5.0,5000,11,99.99999999999991,21,1.4911675324930524,K-Means,Davies-Bouldin,10,0,8,0.04192555467207737,0.09643454728937953,,
ms_garch,2,0.99,5.0,5000,11,99.99999999999991,21,1.4911675324930524,K-Means,Calinski-Harabasz,12,0,10,0.04192555467207737,0.06532780749480205,,
ms_garch,2,0.99,5.0,5000,11,99.99999999999991,21,1.4911675324930524,GMM,BIC,7,0,5,0.017487550172507683,0.10963054268333063,7.0,0.0
ms_garch,2,0.99,5.0,5000,11,99.99999999999991,21,1.4911675324930524,GMM,AIC,10,0,8,0.017487550172507683,0.09931859357292984,10.0,0.0
ms_garch,2,0.99,5.0,5000,11,99.99999999999991,21,1.4911675324930524,GMM,ICL,4,0,2,0.017487550172507683,0.19073487278553475,1.0,1.0
ms_garch,2,0.99,5.0,5000,11,99.99999999999991,21,1.4911675324930524,GMM,BIC_Neff,10,0,8,0.017487550172507683,0.09931859357292984,10.0,0.0
ms_garch,2,0.99,5.0,5000,11,99.99999999999991,21,1.4911675324930524,HMM,BIC,10,0,8,0.24705457007203208,0.06284323243569881,10.0,0.0
ms_garch,2,0.99,5.0,5000,11,99.99999999999991,21,1.4911675324930524,HMM,AIC,10,0,8,0.24705457007203208,0.06284323243569881,10.0,0.0
ms_garch,2,0.99,5.0,5000,11,99.99999999999991,21,1.4911675324930524,HMM,ICL,8,0,6,0.24705457007203208,0.10326664348796824,8.0,0.0
ms_garch,2,0.99,5.0,5000,12,99.99999999999991,21,1.929045540577387,K-Means,Silhouette,2,1,0,0.07975804029816502,0.07975804029816502,,
ms_garch,2,0.99,5.0,5000,12,99.99999999999991,21,1.929045540577387,K-Means,Davies-Bouldin,4,0,2,0.07975804029816502,0.1711464276840435,,
ms_garch,2,0.99,5.0,5000,12,99.99999999999991,21,1.929045540577387,K-Means,Calinski-Harabasz,12,0,10,0.07975804029816502,0.06919893929566817,,
ms_garch,2,0.99,5.0,5000,12,99.99999999999991,21,1.929045540577387,GMM,BIC,7,0,5,0.040919927426893904,0.1258071222794459,7.0,0.0
ms_garch,2,0.99,5.0,5000,12,99.99999999999991,21,1.929045540577387,GMM,AIC,11,0,9,0.040919927426893904,0.07555402467832603,11.0,0.0
ms_garch,2,0.99,5.0,5000,12,99.99999999999991,21,1.929045540577387,GMM,ICL,4,0,2,0.040919927426893904,0.18124121479059094,1.0,1.0
ms_garch,2,0.99,5.0,5000,12,99.99999999999991,21,1.929045540577387,GMM,BIC_Neff,7,0,5,0.040919927426893904,0.1258071222794459,7.0,0.0
ms_garch,2,0.99,5.0,5000,12,99.99999999999991,21,1.929045540577387,HMM,BIC,11,0,9,0.254241161815533,0.06264948920865901,11.0,0.0
ms_garch,2,0.99,5.0,5000,12,99.99999999999991,21,1.929045540577387,HMM,AIC,11,0,9,0.254241161815533,0.06264948920865901,11.0,0.0
ms_garch,2,0.99,5.0,5000,12,99.99999999999991,21,1.929045540577387,HMM,ICL,7,0,5,0.254241161815533,0.08392352008569914,7.0,0.0
ms_garch,2,0.99,5.0,5000,13,99.99999999999991,21,2.4061618677872123,K-Means,Silhouette,2,1,0,0.01635410186108985,0.01635410186108985,,
ms_garch,2,0.99,5.0,5000,13,99.99999999999991,21,2.4061618677872123,K-Means,Davies-Bouldin,5,0,3,0.01635410186108985,0.27895020858227537,,
ms_garch,2,0.99,5.0,5000,13,99.99999999999991,21,2.4061618677872123,K-Means,Calinski-Harabasz,12,0,10,0.01635410186108985,0.13642113375417875,,
ms_garch,2,0.99,5.0,5000,13,99.99999999999991,21,2.4061618677872123,GMM,BIC,6,0,4,0.04856503096171588,0.25047434564706106,6.0,0.0
ms_garch,2,0.99,5.0,5000,13,99.99999999999991,21,2.4061618677872123,GMM,AIC,8,0,6,0.04856503096171588,0.19243069316666728,8.0,0.0
ms_garch,2,0.99,5.0,5000,13,99.99999999999991,21,2.4061618677872123,GMM,ICL,5,0,3,0.04856503096171588,0.2911650942671606,5.0,0.0
ms_garch,2,0.99,5.0,5000,13,99.99999999999991,21,2.4061618677872123,GMM,BIC_Neff,8,0,6,0.04856503096171588,0.19243069316666728,8.0,0.0
ms_garch,2,0.99,5.0,5000,13,99.99999999999991,21,2.4061618677872123,HMM,BIC,10,0,8,0.32171083201088785,0.08553820508921853,10.0,0.0
ms_garch,2,0.99,5.0,5000,13,99.99999999999991,21,2.4061618677872123,HMM,AIC,10,0,8,0.32171083201088785,0.08553820508921853,10.0,0.0
ms_garch,2,0.99,5.0,5000,13,99.99999999999991,21,2.4061618677872123,HMM,ICL,10,0,8,0.32171083201088785,0.08553820508921853,10.0,0.0
ms_garch,2,0.99,5.0,5000,14,99.99999999999991,21,1.7610629674885532,K-Means,Silhouette,4,0,2,0.057830605209330636,0.17262261621114766,,
ms_garch,2,0.99,5.0,5000,14,99.99999999999991,21,1.7610629674885532,K-Means,Davies-Bouldin,4,0,2,0.057830605209330636,0.17262261621114766,,
ms_garch,2,0.99,5.0,5000,14,99.99999999999991,21,1.7610629674885532,K-Means,Calinski-Harabasz,12,0,10,0.057830605209330636,0.06215272432282655,,
ms_garch,2,0.99,5.0,5000,14,99.99999999999991,21,1.7610629674885532,GMM,BIC,8,0,6,0.02990707484831127,0.08748349746744513,8.0,0.0
ms_garch,2,0.99,5.0,5000,14,99.99999999999991,21,1.7610629674885532,GMM,AIC,12,0,10,0.02990707484831127,0.06314304015154705,12.0,0.0
ms_garch,2,0.99,5.0,5000,14,99.99999999999991,21,1.7610629674885532,GMM,ICL,4,0,2,0.02990707484831127,0.16404467392249128,1.0,1.0
ms_garch,2,0.99,5.0,5000,14,99.99999999999991,21,1.7610629674885532,GMM,BIC_Neff,8,0,6,0.02990707484831127,0.08748349746744513,8.0,0.0
ms_garch,2,0.99,5.0,5000,14,99.99999999999991,21,1.7610629674885532,HMM,BIC,11,0,9,0.28121231290482535,0.062245229988300566,11.0,0.0
ms_garch,2,0.99,5.0,5000,14,99.99999999999991,21,1.7610629674885532,HMM,AIC,11,0,9,0.28121231290482535,0.062245229988300566,11.0,0.0
ms_garch,2,0.99,5.0,5000,14,99.99999999999991,21,1.7610629674885532,HMM,ICL,8,0,6,0.28121231290482535,0.0763181338192935,8.0,0.0
ms_garch,2,0.99,5.0,5000,15,99.99999999999991,21,1.8311063911836958,K-Means,Silhouette,2,1,0,0.11310577647386139,0.11310577647386139,,
ms_garch,2,0.99,5.0,5000,15,99.99999999999991,21,1.8311063911836958,K-Means,Davies-Bouldin,9,0,7,0.11310577647386139,0.09620674868572983,,
ms_garch,2,0.99,5.0,5000,15,99.99999999999991,21,1.8311063911836958,K-Means,Calinski-Harabasz,12,0,10,0.11310577647386139,0.07104116551574763,,
ms_garch,2,0.99,5.0,5000,15,99.99999999999991,21,1.8311063911836958,GMM,BIC,6,0,4,0.11228062813112484,0.12024738825922728,6.0,0.0
ms_garch,2,0.99,5.0,5000,15,99.99999999999991,21,1.8311063911836958,GMM,AIC,9,0,7,0.11228062813112484,0.09662126959669383,9.0,0.0
ms_garch,2,0.99,5.0,5000,15,99.99999999999991,21,1.8311063911836958,GMM,ICL,4,0,2,0.11228062813112484,0.1923816509171854,1.0,1.0
ms_garch,2,0.99,5.0,5000,15,99.99999999999991,21,1.8311063911836958,GMM,BIC_Neff,8,0,6,0.11228062813112484,0.09622349662484628,8.0,0.0
ms_garch,2,0.99,5.0,5000,15,99.99999999999991,21,1.8311063911836958,HMM,BIC,12,0,10,0.2731726453260494,0.06179366230877469,12.0,0.0
ms_garch,2,0.99,5.0,5000,15,99.99999999999991,21,1.8311063911836958,HMM,AIC,12,0,10,0.2731726453260494,0.06179366230877469,12.0,0.0
ms_garch,2,0.99,5.0,5000,15,99.99999999999991,21,1.8311063911836958,HMM,ICL,12,0,10,0.2731726453260494,0.06179366230877469,12.0,0.0
ms_garch,2,0.99,5.0,5000,16,99.99999999999991,21,1.9049559751213156,K-Means,Silhouette,2,1,0,0.18283920093335115,0.18283920093335115,,
ms_garch,2,0.99,5.0,5000,16,99.99999999999991,21,1.9049559751213156,K-Means,Davies-Bouldin,9,0,7,0.18283920093335115,0.08688172428209905,,
ms_garch,2,0.99,5.0,5000,16,99.99999999999991,21,1.9049559751213156,K-Means,Calinski-Harabasz,12,0,10,0.18283920093335115,0.06203171246828819,,
ms_garch,2,0.99,5.0,5000,16,99.99999999999991,21,1.9049559751213156,GMM,BIC,5,0,3,0.17396810963926787,0.17250072724998736,5.0,0.0
ms_garch,2,0.99,5.0,5000,16,99.99999999999991,21,1.9049559751213156,GMM,AIC,9,0,7,0.17396810963926787,0.08716398541631748,9.0,0.0
ms_garch,2,0.99,5.0,5000,16,99.99999999999991,21,1.9049559751213156,GMM,ICL,2,1,0,0.17396810963926787,0.17396810963926787,1.0,1.0
ms_garch,2,0.99,5.0,5000,16,99.99999999999991,21,1.9049559751213156,GMM,BIC_Neff,7,0,5,0.17396810963926787,0.12588416093592442,7.0,0.0
ms_garch,2,0.99,5.0,5000,16,99.99999999999991,21,1.9049559751213156,HMM,BIC,11,0,9,0.2768950295033167,0.0665455170439287,11.0,0.0
ms_garch,2,0.99,5.0,5000,16,99.99999999999991,21,1.9049559751213156,HMM,AIC,11,0,9,0.2768950295033167,0.0665455170439287,11.0,0.0
ms_garch,2,0.99,5.0,5000,16,99.99999999999991,21,1.9049559751213156,HMM,ICL,11,0,9,0.2768950295033167,0.0665455170439287,11.0,0.0
ms_garch,2,0.99,5.0,5000,17,99.99999999999991,21,1.8866941171455938,K-Means,Silhouette,2,1,0,0.12149116716579683,0.12149116716579683,,
ms_garch,2,0.99,5.0,5000,17,99.99999999999991,21,1.8866941171455938,K-Means,Davies-Bouldin,5,0,3,0.12149116716579683,0.17930654297383722,,
ms_garch,2,0.99,5.0,5000,17,99.99999999999991,21,1.8866941171455938,K-Means,Calinski-Harabasz,12,0,10,0.12149116716579683,0.07584131664876158,,
ms_garch,2,0.99,5.0,5000,17,99.99999999999991,21,1.8866941171455938,GMM,BIC,7,0,5,0.08887002212749,0.12303345577184985,7.0,0.0
ms_garch,2,0.99,5.0,5000,17,99.99999999999991,21,1.8866941171455938,GMM,AIC,7,0,5,0.08887002212749,0.12303345577184985,7.0,0.0
ms_garch,2,0.99,5.0,5000,17,99.99999999999991,21,1.8866941171455938,GMM,ICL,4,0,2,0.08887002212749,0.1979892259313947,1.0,1.0
ms_garch,2,0.99,5.0,5000,17,99.99999999999991,21,1.8866941171455938,GMM,BIC_Neff,7,0,5,0.08887002212749,0.12303345577184985,7.0,0.0
ms_garch,2,0.99,5.0,5000,17,99.99999999999991,21,1.8866941171455938,HMM,BIC,11,0,9,0.2901645403660337,0.09065479413175961,11.0,0.0
ms_garch,2,0.99,5.0,5000,17,99.99999999999991,21,1.8866941171455938,HMM,AIC,11,0,9,0.2901645403660337,0.09065479413175961,11.0,0.0
ms_garch,2,0.99,5.0,5000,17,99.99999999999991,21,1.8866941171455938,HMM,ICL,11,0,9,0.2901645403660337,0.09065479413175961,11.0,0.0
ms_garch,2,0.99,5.0,5000,18,99.99999999999991,21,2.275173293060062,K-Means,Silhouette,2,1,0,0.004674121774443144,0.004674121774443144,,
ms_garch,2,0.99,5.0,5000,18,99.99999999999991,21,2.275173293060062,K-Means,Davies-Bouldin,2,1,0,0.004674121774443144,0.004674121774443144,,
ms_garch,2,0.99,5.0,5000,18,99.99999999999991,21,2.275173293060062,K-Means,Calinski-Harabasz,12,0,10,0.004674121774443144,0.11947223421894534,,
ms_garch,2,0.99,5.0,5000,18,99.99999999999991,21,2.275173293060062,GMM,BIC,8,0,6,0.009411857411408688,0.17798408726640896,8.0,0.0
ms_garch,2,0.99,5.0,5000,18,99.99999999999991,21,2.275173293060062,GMM,AIC,12,0,10,0.009411857411408688,0.12506428658215446,12.0,0.0
ms_garch,2,0.99,5.0,5000,18,99.99999999999991,21,2.275173293060062,GMM,ICL,2,1,0,0.009411857411408688,0.009411857411408688,2.0,0.0
ms_garch,2,0.99,5.0,5000,18,99.99999999999991,21,2.275173293060062,GMM,BIC_Neff,8,0,6,0.009411857411408688,0.17798408726640896,8.0,0.0
ms_garch,2,0.99,5.0,5000,18,99.99999999999991,21,2.275173293060062,HMM,BIC,12,0,10,0.3367320015439619,0.07336121272427426,12.0,0.0
ms_garch,2,0.99,5.0,5000,18,99.99999999999991,21,2.275173293060062,HMM,AIC,12,0,10,0.3367320015439619,0.07336121272427426,12.0,0.0
ms_garch,2,0.99,5.0,5000,18,99.99999999999991,21,2.275173293060062,HMM,ICL,10,0,8,0.3367320015439619,0.10068146441746975,10.0,0.0
ms_garch,2,0.99,5.0,5000,19,99.99999999999991,21,1.691702155219152,K-Means,Silhouette,2,1,0,0.07340415103076363,0.07340415103076363,,
ms_garch,2,0.99,5.0,5000,19,99.99999999999991,21,1.691702155219152,K-Means,Davies-Bouldin,9,0,7,0.07340415103076363,0.09349443645906395,,
ms_garch,2,0.99,5.0,5000,19,99.99999999999991,21,1.691702155219152,K-Means,Calinski-Harabasz,12,0,10,0.07340415103076363,0.06829606008030613,,
ms_garch,2,0.99,5.0,5000,19,99.99999999999991,21,1.691702155219152,GMM,BIC,10,0,8,0.06883737184873664,0.0685344945470371,10.0,0.0
ms_garch,2,0.99,5.0,5000,19,99.99999999999991,21,1.691702155219152,GMM,AIC,12,0,10,0.06883737184873664,0.06525042121464282,12.0,0.0
ms_garch,2,0.99,5.0,5000,19,99.99999999999991,21,1.691702155219152,GMM,ICL,2,1,0,0.06883737184873664,0.06883737184873664,1.0,1.0
ms_garch,2,0.99,5.0,5000,19,99.99999999999991,21,1.691702155219152,GMM,BIC_Neff,10,0,8,0.06883737184873664,0.0685344945470371,10.0,0.0
ms_garch,2,0.99,5.0,5000,19,99.99999999999991,21,1.691702155219152,HMM,BIC,10,0,8,0.23062587982219487,0.06766454245208654,10.0,0.0
ms_garch,2,0.99,5.0,5000,19,99.99999999999991,21,1.691702155219152,HMM,AIC,12,0,10,0.23062587982219487,0.0629721684098877,12.0,0.0
ms_garch,2,0.99,5.0,5000,19,99.99999999999991,21,1.691702155219152,HMM,ICL,10,0,8,0.23062587982219487,0.06766454245208654,10.0,0.0
ms_garch,3,0.9,5.0,5000,0,10.000000000000002,21,1.1698506635351,K-Means,Silhouette,3,1,0,0.003975258842741918,0.003975258842741918,,
ms_garch,3,0.9,5.0,5000,0,10.000000000000002,21,1.1698506635351,K-Means,Davies-Bouldin,12,0,9,0.003975258842741918,0.0039701080484644755,,
ms_garch,3,0.9,5.0,5000,0,10.000000000000002,21,1.1698506635351,K-Means,Calinski-Harabasz,12,0,9,0.003975258842741918,0.0039701080484644755,,
ms_garch,3,0.9,5.0,5000,0,10.000000000000002,21,1.1698506635351,GMM,BIC,7,0,4,0.0036677081588307654,0.0025679594695034776,7.0,0.0
ms_garch,3,0.9,5.0,5000,0,10.000000000000002,21,1.1698506635351,GMM,AIC,11,0,8,0.0036677081588307654,0.00381498252837611,11.0,0.0
ms_garch,3,0.9,5.0,5000,0,10.000000000000002,21,1.1698506635351,GMM,ICL,3,1,0,0.0036677081588307654,0.0036677081588307654,1.0,1.0
ms_garch,3,0.9,5.0,5000,0,10.000000000000002,21,1.1698506635351,GMM,BIC_Neff,7,0,4,0.0036677081588307654,0.0025679594695034776,7.0,0.0
ms_garch,3,0.9,5.0,5000,0,10.000000000000002,21,1.1698506635351,HMM,BIC,12,0,9,0.0037390346365962506,0.0039167734248507,12.0,0.0
ms_garch,3,0.9,5.0,5000,0,10.000000000000002,21,1.1698506635351,HMM,AIC,12,0,9,0.0037390346365962506,0.0039167734248507,12.0,0.0
ms_garch,3,0.9,5.0,5000,0,10.000000000000002,21,1.1698506635351,HMM,ICL,12,0,9,0.0037390346365962506,0.0039167734248507,12.0,0.0
ms_garch,3,0.9,5.0,5000,1,10.000000000000002,21,1.3681475593811188,K-Means,Silhouette,2,0,-1,0.008541778871306945,0.011360597605061404,,
ms_garch,3,0.9,5.0,5000,1,10.000000000000002,21,1.3681475593811188,K-Means,Davies-Bouldin,9,0,6,0.008541778871306945,0.007402259812668176,,
ms_garch,3,0.9,5.0,5000,1,10.000000000000002,21,1.3681475593811188,K-Means,Calinski-Harabasz,12,0,9,0.008541778871306945,0.007819770290473479,,
ms_garch,3,0.9,5.0,5000,1,10.000000000000002,21,1.3681475593811188,GMM,BIC,4,0,1,0.00874499725062017,0.009497989167613349,4.0,0.0
ms_garch,3,0.9,5.0,5000,1,10.000000000000002,21,1.3681475593811188,GMM,AIC,12,0,9,0.00874499725062017,0.007295941239786964,12.0,0.0
ms_garch,3,0.9,5.0,5000,1,10.000000000000002,21,1.3681475593811188,GMM,ICL,2,0,-1,0.00874499725062017,0.00850441081689891,1.0,1.0
ms_garch,3,0.9,5.0,5000,1,10.000000000000002,21,1.3681475593811188,GMM,BIC_Neff,4,0,1,0.00874499725062017,0.009497989167613349,4.0,0.0
ms_garch,3,0.9,5.0,5000,1,10.000000000000002,21,1.3681475593811188,HMM,BIC,10,0,7,0.015851702975908433,0.008441132856768611,10.0,0.0
ms_garch,3,0.9,5.0,5000,1,10.000000000000002,21,1.3681475593811188,HMM,AIC,10,0,7,0.015851702975908433,0.008441132856768611,10.0,0.0
ms_garch,3,0.9,5.0,5000,1,10.000000000000002,21,1.3681475593811188,HMM,ICL,10,0,7,0.015851702975908433,0.008441132856768611,10.0,0.0
ms_garch,3,0.9,5.0,5000,2,10.000000000000002,21,1.4727618759045278,K-Means,Silhouette,2,0,-1,0.024293949720148277,0.00635571688046107,,
ms_garch,3,0.9,5.0,5000,2,10.000000000000002,21,1.4727618759045278,K-Means,Davies-Bouldin,12,0,9,0.024293949720148277,0.010491543865986623,,
ms_garch,3,0.9,5.0,5000,2,10.000000000000002,21,1.4727618759045278,K-Means,Calinski-Harabasz,12,0,9,0.024293949720148277,0.010491543865986623,,
ms_garch,3,0.9,5.0,5000,2,10.000000000000002,21,1.4727618759045278,GMM,BIC,6,0,3,0.02480249779242899,0.01898615203023018,6.0,0.0
ms_garch,3,0.9,5.0,5000,2,10.000000000000002,21,1.4727618759045278,GMM,AIC,6,0,3,0.02480249779242899,0.01898615203023018,6.0,0.0
ms_garch,3,0.9,5.0,5000,2,10.000000000000002,21,1.4727618759045278,GMM,ICL,3,1,0,0.02480249779242899,0.02480249779242899,1.0,1.0
ms_garch,3,0.9,5.0,5000,2,10.000000000000002,21,1.4727618759045278,GMM,BIC_Neff,6,0,3,0.02480249779242899,0.01898615203023018,6.0,0.0
ms_garch,3,0.9,5.0,5000,2,10.000000000000002,21,1.4727618759045278,HMM,BIC,11,0,8,0.02468082183469101,0.009130224447536868,11.0,0.0
ms_garch,3,0.9,5.0,5000,2,10.000000000000002,21,1.4727618759045278,HMM,AIC,11,0,8,0.02468082183469101,0.009130224447536868,11.0,0.0
ms_garch,3,0.9,5.0,5000,2,10.000000000000002,21,1.4727618759045278,HMM,ICL,11,0,8,0.02468082183469101,0.009130224447536868,11.0,0.0
ms_garch,3,0.9,5.0,5000,3,10.000000000000002,21,1.3437352196261216,K-Means,Silhouette,2,0,-1,0.012096227063751427,0.0056201248419400765,,
ms_garch,3,0.9,5.0,5000,3,10.000000000000002,21,1.3437352196261216,K-Means,Davies-Bouldin,10,0,7,0.012096227063751427,0.009980914888144241,,
ms_garch,3,0.9,5.0,5000,3,10.000000000000002,21,1.3437352196261216,K-Means,Calinski-Harabasz,12,0,9,0.012096227063751427,0.009556875445552447,,
ms_garch,3,0.9,5.0,5000,3,10.000000000000002,21,1.3437352196261216,GMM,BIC,7,0,4,0.01038650413648586,0.012027640950554287,7.0,0.0
ms_garch,3,0.9,5.0,5000,3,10.000000000000002,21,1.3437352196261216,GMM,AIC,12,0,9,0.01038650413648586,0.009743675888806685,12.0,0.0
ms_garch,3,0.9,5.0,5000,3,10.000000000000002,21,1.3437352196261216,GMM,ICL,2,0,-1,0.01038650413648586,0.0028280007537287767,1.0,1.0
ms_garch,3,0.9,5.0,5000,3,10.000000000000002,21,1.3437352196261216,GMM,BIC_Neff,7,0,4,0.01038650413648586,0.012027640950554287,7.0,0.0
ms_garch,3,0.9,5.0,5000,3,10.000000000000002,21,1.3437352196261216,HMM,BIC,12,0,9,0.017081197279294913,0.007841837912228975,12.0,0.0
ms_garch,3,0.9,5.0,5000,3,10.000000000000002,21,1.3437352196261216,HMM,AIC,12,0,9,0.017081197279294913,0.007841837912228975,12.0,0.0
ms_garch,3,0.9,5.0,5000,3,10.000000000000002,21,1.3437352196261216,HMM,ICL,11,0,8,0.017081197279294913,0.0108823257700772,11.0,0.0
ms_garch,3,0.9,5.0,5000,4,10.000000000000002,21,1.165933966803072,K-Means,Silhouette,2,0,-1,0.007515805538401395,0.0007379714459730452,,
ms_garch,3,0.9,5.0,5000,4,10.000000000000002,21,1.165933966803072,K-Means,Davies-Bouldin,12,0,9,0.007515805538401395,0.0045598550943794485,,
ms_garch,3,0.9,5.0,5000,4,10.000000000000002,21,1.165933966803072,K-Means,Calinski-Harabasz,12,0,9,0.007515805538401395,0.0045598550943794485,,
ms_garch,3,0.9,5.0,5000,4,10.000000000000002,21,1.165933966803072,GMM,BIC,4,0,1,0.008966818588635817,0.007194823838777092,4.0,0.0
ms_garch,3,0.9,5.0,5000,4,10.000000000000002,21,1.165933966803072,GMM,AIC,4,0,1,0.008966818588635817,0.007194823838777092,4.0,0.0
ms_garch,3,0.9,5.0,5000,4,10.000000000000002,21,1.165933966803072,GMM,ICL,2,0,-1,0.008966818588635817,0.0006531833255431957,1.0,1.0
ms_garch,3,0.9,5.0,5000,4,10.000000000000002,21,1.165933966803072,GMM,BIC_Neff,4,0,1,0.008966818588635817,0.007194823838777092,4.0,0.0
ms_garch,3,0.9,5.0,5000,4,10.000000000000002,21,1.165933966803072,HMM,BIC,10,0,7,0.005001907333679623,0.005946553606119281,10.0,0.0
ms_garch,3,0.9,5.0,5000,4,10.000000000000002,21,1.165933966803072,HMM,AIC,12,0,9,0.005001907333679623,0.004112215886072288,12.0,0.0
ms_garch,3,0.9,5.0,5000,4,10.000000000000002,21,1.165933966803072,HMM,ICL,10,0,7,0.005001907333679623,0.005946553606119281,10.0,0.0
ms_garch,3,0.9,5.0,5000,5,10.000000000000002,21,1.4284053945701876,K-Means,Silhouette,2,0,-1,0.016442286591663857,0.009869486650413014,,
ms_garch,3,0.9,5.0,5000,5,10.000000000000002,21,1.4284053945701876,K-Means,Davies-Bouldin,11,0,8,0.016442286591663857,0.008432056686105676,,
ms_garch,3,0.9,5.0,5000,5,10.000000000000002,21,1.4284053945701876,K-Means,Calinski-Harabasz,12,0,9,0.016442286591663857,0.007914396977759575,,
ms_garch,3,0.9,5.0,5000,5,10.000000000000002,21,1.4284053945701876,GMM,BIC,5,0,2,0.014391475100130426,0.017941853943893214,5.0,0.0
ms_garch,3,0.9,5.0,5000,5,10.000000000000002,21,1.4284053945701876,GMM,AIC,5,0,2,0.014391475100130426,0.017941853943893214,5.0,0.0
ms_garch,3,0.9,5.0,5000,5,10.000000000000002,21,1.4284053945701876,GMM,ICL,2,0,-1,0.014391475100130426,0.010765801795341416,1.0,1.0
ms_garch,3,0.9,5.0,5000,5,10.000000000000002,21,1.4284053945701876,GMM,BIC_Neff,5,0,2,0.014391475100130426,0.017941853943893214,5.0,0.0
ms_garch,3,0.9,5.0,5000,5,10.000000000000002,21,1.4284053945701876,HMM,BIC,10,0,7,0.013336875712245344,0.007770789127200841,10.0,0.0
ms_garch,3,0.9,5.0,5000,5,10.000000000000002,21,1.4284053945701876,HMM,AIC,10,0,7,0.013336875712245344,0.007770789127200841,10.0,0.0
ms_garch,3,0.9,5.0,5000,5,10.000000000000002,21,1.4284053945701876,HMM,ICL,10,0,7,0.013336875712245344,0.007770789127200841,10.0,0.0
ms_garch,3,0.9,5.0,5000,6,10.000000000000002,21,1.3874603764268094,K-Means,Silhouette,2,0,-1,0.008279767464671519,0.00025223738899402416,,
ms_garch,3,0.9,5.0,5000,6,10.000000000000002,21,1.3874603764268094,K-Means,Davies-Bouldin,9,0,6,0.008279767464671519,0.004869618773995091,,
ms_garch,3,0.9,5.0,5000,6,10.000000000000002,21,1.3874603764268094,K-Means,Calinski-Harabasz,12,0,9,0.008279767464671519,0.004456441669920737,,
ms_garch,3,0.9,5.0,5000,6,10.000000000000002,21,1.3874603764268094,GMM,BIC,4,0,1,0.00865361675624889,0.008728606763757082,4.0,0.0
ms_garch,3,0.9,5.0,5000,6,10.000000000000002,21,1.3874603764268094,GMM,AIC,9,0,6,0.00865361675624889,0.0050979152029356255,9.0,0.0
ms_garch,3,0.9,5.0,5000,6,10.000000000000002,21,1.3874603764268094,GMM,ICL,2,0,-1,0.00865361675624889,-0.00024775958211163056,1.0,1.0
ms_garch,3,0.9,5.0,5000,6,10.000000000000002,21,1.3874603764268094,GMM,BIC_Neff,4,0,1,0.00865361675624889,0.008728606763757082,4.0,0.0
ms_garch,3,0.9,5.0,5000,6,10.000000000000002,21,1.3874603764268094,HMM,BIC,11,0,8,0.012622465679976663,0.005981552743161052,11.0,0.0
ms_garch,3,0.9,5.0,5000,6,10.000000000000002,21,1.3874603764268094,HMM,AIC,12,0,9,0.012622465679976663,0.004124780442974143,12.0,0.0
ms_garch,3,0.9,5.0,5000,6,10.000000000000002,21,1.3874603764268094,HMM,ICL,12,0,9,0.012622465679976663,0.004124780442974143,12.0,0.0
ms_garch,3,0.9,5.0,5000,7,10.000000000000002,21,1.431368215411835,K-Means,Silhouette,2,0,-1,0.009149952146468892,0.0042112541467080045,,
ms_garch,3,0.9,5.0,5000,7,10.000000000000002,21,1.431368215411835,K-Means,Davies-Bouldin,10,0,7,0.009149952146468892,0.005370130501709683,,
ms_garch,3,0.9,5.0,5000,7,10.000000000000002,21,1.431368215411835,K-Means,Calinski-Harabasz,12,0,9,0.009149952146468892,0.005828770261901473,,
ms_garch,3,0.9,5.0,5000,7,10.000000000000002,21,1.431368215411835,GMM,BIC,3,1,0,0.00904129441559223,0.00904129441559223,3.0,0.0
ms_garch,3,0.9,5.0,5000,7,10.000000000000002,21,1.431368215411835,GMM,AIC,10,0,7,0.00904129441559223,0.005240115039935599,10.0,0.0
ms_garch,3,0.9,5.0,5000,7,10.000000000000002,21,1.431368215411835,GMM,ICL,3,1,0,0.00904129441559223,0.00904129441559223,1.0,1.0
ms_garch,3,0.9,5.0,5000,7,10.000000000000002,21,1.431368215411835,GMM,BIC_Neff,4,0,1,0.00904129441559223,0.00909764381952466,4.0,0.0
ms_garch,3,0.9,5.0,5000,7,10.000000000000002,21,1.431368215411835,HMM,BIC,12,0,9,0.01177274397480895,0.007088121272690871,12.0,0.0
ms_garch,3,0.9,5.0,5000,7,10.000000000000002,21,1.431368215411835,HMM,AIC,12,0,9,0.01177274397480895,0.007088121272690871,12.0,0.0
ms_garch,3,0.9,5.0,5000,7,10.000000000000002,21,1.431368215411835,HMM,ICL,12,0,9,0.01177274397480895,0.007088121272690871,12.0,0.0
ms_garch,3,0.9,5.0,5000,8,10.000000000000002,21,1.5746108622498205,K-Means,Silhouette,2,0,-1,0.0019392492635895797,0.0010441720963126511,,
ms_garch,3,0.9,5.0,5000,8,10.000000000000002,21,1.5746108622498205,K-Means,Davies-Bouldin,6,0,3,0.0019392492635895797,0.004384449115355481,,
ms_garch,3,0.9,5.0,5000,8,10.000000000000002,21,1.5746108622498205,K-Means,Calinski-Harabasz,12,0,9,0.0019392492635895797,0.002304586966886379,,
ms_garch,3,0.9,5.0,5000,8,10.000000000000002,21,1.5746108622498205,GMM,BIC,4,0,1,0.0013025385624125866,0.0034365097465347823,4.0,0.0
ms_garch,3,0.9,5.0,5000,8,10.000000000000002,21,1.5746108622498205,GMM,AIC,8,0,5,0.0013025385624125866,0.0041575294761484645,8.0,0.0
ms_garch,3,0.9,5.0,5000,8,10.000000000000002,21,1.5746108622498205,GMM,ICL,2,0,-1,0.0013025385624125866,0.0008963844480859896,1.0,1.0
ms_garch,3,0.9,5.0,5000,8,10.000000000000002,21,1.5746108622498205,GMM,BIC_Neff,4,0,1,0.0013025385624125866,0.0034365097465347823,4.0,0.0
ms_garch,3,0.9,5.0,5000,8,10.000000000000002,21,1.5746108622498205,HMM,BIC,11,0,8,0.0018150871117201793,0.004336914363983233,11.0,0.0
ms_garch,3,0.9,5.0,5000,8,10.000000000000002,21,1.5746108622498205,HMM,AIC,11,0,8,0.0018150871117201793,0.004336914363983233,11.0,0.0
ms_garch,3,0.9,5.0,5000,8,10.000000000000002,21,1.5746108622498205,HMM,ICL,11,0,8,0.0018150871117201793,0.004336914363983233,11.0,0.0
ms_garch,3,0.9,5.0,5000,9,10.000000000000002,21,1.2940406556152482,K-Means,Silhouette,2,0,-1,0.0017901736809922692,-0.00023836526037122568,,
ms_garch,3,0.9,5.0,5000,9,10.000000000000002,21,1.2940406556152482,K-Means,Davies-Bouldin,9,0,6,0.0017901736809922692,0.0012011071682212508,,
ms_garch,3,0.9,5.0,5000,9,10.000000000000002,21,1.2940406556152482,K-Means,Calinski-Harabasz,12,0,9,0.0017901736809922692,0.0020668461560357995,,
ms_garch,3,0.9,5.0,5000,9,10.000000000000002,21,1.2940406556152482,GMM,BIC,7,0,4,0.0017133418758885374,0.0012916174225971067,7.0,0.0
ms_garch,3,0.9,5.0,5000,9,10.000000000000002,21,1.2940406556152482,GMM,AIC,9,0,6,0.0017133418758885374,0.0012815049372265615,9.0,0.0
ms_garch,3,0.9,5.0,5000,9,10.000000000000002,21,1.2940406556152482,GMM,ICL,4,0,1,0.0017133418758885374,0.0015123517708442483,1.0,1.0
ms_garch,3,0.9,5.0,5000,9,10.000000000000002,21,1.2940406556152482,GMM,BIC_Neff,8,0,5,0.0017133418758885374,0.0010831770275583363,8.0,0.0
ms_garch,3,0.9,5.0,5000,9,10.000000000000002,21,1.2940406556152482,HMM,BIC,11,0,8,0.0010154434344004607,0.0022094235439455577,11.0,0.0
ms_garch,3,0.9,5.0,5000,9,10.000000000000002,21,1.2940406556152482,HMM,AIC,11,0,8,0.0010154434344004607,0.0022094235439455577,11.0,0.0
ms_garch,3,0.9,5.0,5000,9,10.000000000000002,21,1.2940406556152482,HMM,ICL,6,0,3,0.0010154434344004607,0.0014045948796945038,6.0,0.0
ms_garch,3,0.9,5.0,5000,10,10.000000000000002,21,1.2631453528728676,K-Means,Silhouette,2,0,-1,0.003806992092336086,-0.00034691883381553944,,
ms_garch,3,0.9,5.0,5000,10,10.000000000000002,21,1.2631453528728676,K-Means,Davies-Bouldin,8,0,5,0.003806992092336086,0.009198455484544323,,
ms_garch,3,0.9,5.0,5000,10,10.000000000000002,21,1.2631453528728676,K-Means,Calinski-Harabasz,12,0,9,0.003806992092336086,0.006978828071259797,,
ms_garch,3,0.9,5.0,5000,10,10.000000000000002,21,1.2631453528728676,GMM,BIC,6,0,3,0.0018791792265056844,0.007401307515600904,6.0,0.0
ms_garch,3,0.9,5.0,5000,10,10.000000000000002,21,1.2631453528728676,GMM,AIC,8,0,5,0.0018791792265056844,0.00857677931731694,8.0,0.0
ms_garch,3,0.9,5.0,5000,10,10.000000000000002,21,1.2631453528728676,GMM,ICL,2,0,-1,0.0018791792265056844,-0.0005547440384801346,1.0,1.0
ms_garch,3,0.9,5.0,5000,10,10.000000000000002,21,1.2631453528728676,GMM,BIC_Neff,6,0,3,0.0018791792265056844,0.007401307515600904,6.0,0.0
ms_garch,3,0.9,5.0,5000,10,10.000000000000002,21,1.2631453528728676,HMM,BIC,12,0,9,0.006337641726183228,0.00434335464899541,12.0,0.0
ms_garch,3,0.9,5.0,5000,10,10.000000000000002,21,1.2631453528728676,HMM,AIC,12,0,9,0.006337641726183228,0.00434335464899541,12.0,0.0
ms_garch,3,0.9,5.0,5000,10,10.000000000000002,21,1.2631453528728676,HMM,ICL,8,0,5,0.006337641726183228,0.004759575168557099,8.0,0.0
ms_garch,3,0.9,5.0,5000,11,10.000000000000002,21,1.5125012067796608,K-Means,Silhouette,2,0,-1,0.0030753738136057467,0.004524447951326777,,
ms_garch,3,0.9,5.0,5000,11,10.000000000000002,21,1.5125012067796608,K-Means,Davies-Bouldin,6,0,3,0.0030753738136057467,0.004869929762184719,,
ms_garch,3,0.9,5.0,5000,11,10.000000000000002,21,1.5125012067796608,K-Means,Calinski-Harabasz,12,0,9,0.0030753738136057467,0.0035885319977614393,,
ms_garch,3,0.9,5.0,5000,11,10.000000000000002,21,1.5125012067796608,GMM,BIC,4,0,1,0.003052852808091577,0.005165553806089084,4.0,0.0
ms_garch,3,0.9,5.0,5000,11,10.000000000000002,21,1.5125012067796608,GMM,AIC,11,0,8,0.003052852808091577,0.003632144322535296,11.0,0.0
ms_garch,3,0.9,5.0,5000,11,10.000000000000002,21,1.5125012067796608,GMM,ICL,3,1,0,0.003052852808091577,0.003052852808091577,1.0,1.0
ms_garch,3,0.9,5.0,5000,11,10.000000000000002,21,1.5125012067796608,GMM,BIC_Neff,6,0,3,0.003052852808091577,0.005919007998546795,6.0,0.0
ms_garch,3,0.9,5.0,5000,11,10.000000000000002,21,1.5125012067796608,HMM,BIC,9,0,6,0.005886474929450214,0.003839597237365797,9.0,0.0
ms_garch,3,0.9,5.0,5000,11,10.000000000000002,21,1.5125012067796608,HMM,AIC,9,0,6,0.005886474929450214,0.003839597237365797,9.0,0.0
ms_garch,3,0.9,5.0,5000,11,10.000000000000002,21,1.5125012067796608,HMM,ICL,9,0,6,0.005886474929450214,0.003839597237365797,9.0,0.0
ms_garch,3,0.9,5.0,5000,12,10.000000000000002,21,1.3091683133346892,K-Means,Silhouette,2,0,-1,0.0014545149182501182,-0.00014641988104789554,,
ms_garch,3,0.9,5.0,5000,12,10.000000000000002,21,1.3091683133346892,K-Means,Davies-Bouldin,11,0,8,0.0014545149182501182,0.0031175402996031216,,
ms_garch,3,0.9,5.0,5000,12,10.000000000000002,21,1.3091683133346892,K-Means,Calinski-Harabasz,12,0,9,0.0014545149182501182,0.003293785725555814,,
ms_garch,3,0.9,5.0,5000,12,10.000000000000002,21,1.3091683133346892,GMM,BIC,4,0,1,0.0003268990064626831,0.0022577381929130944,4.0,0.0
ms_garch,3,0.9,5.0,5000,12,10.000000000000002,21,1.3091683133346892,GMM,AIC,7,0,4,0.0003268990064626831,0.004326711656838829,7.0,0.0
ms_garch,3,0.9,5.0,5000,12,10.000000000000002,21,1.3091683133346892,GMM,ICL,2,0,-1,0.0003268990064626831,-6.528475768716832e-05,1.0,1.0
ms_garch,3,0.9,5.0,5000,12,10.000000000000002,21,1.3091683133346892,GMM,BIC_Neff,4,0,1,0.0003268990064626831,0.0022577381929130944,4.0,0.0
ms_garch,3,0.9,5.0,5000,12,10.000000000000002,21,1.3091683133346892,HMM,BIC,12,0,9,0.0033852910876828166,0.0031884883424822966,12.0,0.0
ms_garch,3,0.9,5.0,5000,12,10.000000000000002,21,1.3091683133346892,HMM,AIC,12,0,9,0.0033852910876828166,0.0031884883424822966,12.0,0.0
ms_garch,3,0.9,5.0,5000,12,10.000000000000002,21,1.3091683133346892,HMM,ICL,12,0,9,0.0033852910876828166,0.0031884883424822966,12.0,0.0
ms_garch,3,0.9,5.0,5000,13,10.000000000000002,21,1.485798322732248,K-Means,Silhouette,2,0,-1,0.00389494578800129,0.0059505745264845445,,
ms_garch,3,0.9,5.0,5000,13,10.000000000000002,21,1.485798322732248,K-Means,Davies-Bouldin,9,0,6,0.00389494578800129,0.004648715884790297,,
ms_garch,3,0.9,5.0,5000,13,10.000000000000002,21,1.485798322732248,K-Means,Calinski-Harabasz,12,0,9,0.00389494578800129,0.004492041338578223,,
ms_garch,3,0.9,5.0,5000,13,10.000000000000002,21,1.485798322732248,GMM,BIC,3,1,0,0.003536298186669543,0.003536298186669543,3.0,0.0
ms_garch,3,0.9,5.0,5000,13,10.000000000000002,21,1.485798322732248,GMM,AIC,12,0,9,0.003536298186669543,0.00381338279269819,12.0,0.0
ms_garch,3,0.9,5.0,5000,13,10.000000000000002,21,1.485798322732248,GMM,ICL,2,0,-1,0.003536298186669543,0.00010877518098751774,1.0,1.0
ms_garch,3,0.9,5.0,5000,13,10.000000000000002,21,1.485798322732248,GMM,BIC_Neff,9,0,6,0.003536298186669543,0.004415532192239594,9.0,0.0
ms_garch,3,0.9,5.0,5000,13,10.000000000000002,21,1.485798322732248,HMM,BIC,12,0,9,0.012360623993753586,0.004250687428039634,12.0,0.0
ms_garch,3,0.9,5.0,5000,13,10.000000000000002,21,1.485798322732248,HMM,AIC,12,0,9,0.012360623993753586,0.004250687428039634,12.0,0.0
ms_garch,3,0.9,5.0,5000,13,10.000000000000002,21,1.485798322732248,HMM,ICL,11,0,8,0.012360623993753586,0.004052587040034874,11.0,0.0
ms_garch,3,0.9,5.0,5000,14,10.000000000000002,21,1.3633047685324848,K-Means,Silhouette,2,0,-1,0.007252578446585791,-0.0017780845053150993,,
ms_garch,3,0.9,5.0,5000,14,10.000000000000002,21,1.3633047685324848,K-Means,Davies-Bouldin,2,0,-1,0.007252578446585791,-0.0017780845053150993,,
ms_garch,3,0.9,5.0,5000,14,10.000000000000002,21,1.3633047685324848,K-Means,Calinski-Harabasz,12,0,9,0.007252578446585791,0.004271344702197473,,
ms_garch,3,0.9,5.0,5000,14,10.000000000000002,21,1.3633047685324848,GMM,BIC,5,0,2,0.004157766860894416,0.007225886728900791,5.0,0.0
ms_garch,3,0.9,5.0,5000,14,10.000000000000002,21,1.3633047685324848,GMM,AIC,10,0,7,0.004157766860894416,0.005138523143876429,10.0,0.0
ms_garch,3,0.9,5.0,5000,14,10.000000000000002,21,1.3633047685324848,GMM,ICL,2,0,-1,0.004157766860894416,-0.0016866242575878329,2.0,0.0
ms_garch,3,0.9,5.0,5000,14,10.000000000000002,21,1.3633047685324848,GMM,BIC_Neff,5,0,2,0.004157766860894416,0.007225886728900791,5.0,0.0
ms_garch,3,0.9,5.0,5000,14,10.000000000000002,21,1.3633047685324848,HMM,BIC,12,0,9,0.009511882185084775,0.006456646226950278,12.0,0.0
ms_garch,3,0.9,5.0,5000,14,10.000000000000002,21,1.3633047685324848,HMM,AIC,12,0,9,0.009511882185084775,0.006456646226950278,12.0,0.0
ms_garch,3,0.9,5.0,5000,14,10.000000000000002,21,1.3633047685324848,HMM,ICL,9,0,6,0.009511882185084775,0.004570949745820864,9.0,0.0
ms_garch,3,0.9,5.0,5000,15,10.000000000000002,21,1.3723373726530663,K-Means,Silhouette,2,0,-1,0.006138504356305757,0.0029757390306025763,,
ms_garch,3,0.9,5.0,5000,15,10.000000000000002,21,1.3723373726530663,K-Means,Davies-Bouldin,10,0,7,0.006138504356305757,0.008679119159448813,,
ms_garch,3,0.9,5.0,5000,15,10.000000000000002,21,1.3723373726530663,K-Means,Calinski-Harabasz,12,0,9,0.006138504356305757,0.008296394372686191,,
ms_garch,3,0.9,5.0,5000,15,10.000000000000002,21,1.3723373726530663,GMM,BIC,5,0,2,0.00616168649070634,0.013762184890891219,5.0,0.0
ms_garch,3,0.9,5.0,5000,15,10.000000000000002,21,1.3723373726530663,GMM,AIC,8,0,5,0.00616168649070634,0.01065916149045556,8.0,0.0
ms_garch,3,0.9,5.0,5000,15,10.000000000000002,21,1.3723373726530663,GMM,ICL,2,0,-1,0.00616168649070634,0.0016298469788516867,1.0,1.0
ms_garch,3,0.9,5.0,5000,15,10.000000000000002,21,1.3723373726530663,GMM,BIC_Neff,7,0,4,0.00616168649070634,0.010727813480749056,7.0,0.0
ms_garch,3,0.9,5.0,5000,15,10.000000000000002,21,1.3723373726530663,HMM,BIC,9,0,6,0.014746316443982093,0.008076820959704004,9.0,0.0
ms_garch,3,0.9,5.0,5000,15,10.000000000000002,21,1.3723373726530663,HMM,AIC,9,0,6,0.014746316443982093,0.008076820959704004,9.0,0.0
ms_garch,3,0.9,5.0,5000,15,10.000000000000002,21,1.3723373726530663,HMM,ICL,7,0,4,0.014746316443982093,0.010042894298875634,7.0,0.0
ms_garch,3,0.9,5.0,5000,16,10.000000000000002,21,1.372118434253029,K-Means,Silhouette,2,0,-1,0.007145527420152229,0.006164549337745892,,
ms_garch,3,0.9,5.0,5000,16,10.000000000000002,21,1.372118434253029,K-Means,Davies-Bouldin,11,0,8,0.007145527420152229,0.0067017016344389675,,
ms_garch,3,0.9,5.0,5000,16,10.000000000000002,21,1.372118434253029,K-Means,Calinski-Harabasz,12,0,9,0.007145527420152229,0.005873914372452889,,
ms_garch,3,0.9,5.0,5000,16,10.000000000000002,21,1.372118434253029,GMM,BIC,5,0,2,0.00632463645831256,0.006494089118146854,5.0,0.0
ms_garch,3,0.9,5.0,5000,16,10.000000000000002,21,1.372118434253029,GMM,AIC,11,0,8,0.00632463645831256,0.0067295235001539775,11.0,0.0
ms_garch,3,0.9,5.0,5000,16,10.000000000000002,21,1.372118434253029,GMM,ICL,4,0,1,0.00632463645831256,0.005320465808879895,1.0,1.0
ms_garch,3,0.9,5.0,5000,16,10.000000000000002,21,1.372118434253029,GMM,BIC_Neff,6,0,3,0.00632463645831256,0.006231867197027623,6.0,0.0
ms_garch,3,0.9,5.0,5000,16,10.000000000000002,21,1.372118434253029,HMM,BIC,11,0,8,0.006038297891548963,0.008407864542594916,11.0,0.0
ms_garch,3,0.9,5.0,5000,16,10.000000000000002,21,1.372118434253029,HMM,AIC,11,0,8,0.006038297891548963,0.008407864542594916,11.0,0.0
ms_garch,3,0.9,5.0,5000,16,10.000000000000002,21,1.372118434253029,HMM,ICL,11,0,8,0.006038297891548963,0.008407864542594916,11.0,0.0
ms_garch,3,0.9,5.0,5000,17,10.000000000000002,21,1.1575538659714433,K-Means,Silhouette,2,0,-1,0.0016960814205232372,-0.0004467653482389056,,
ms_garch,3,0.9,5.0,5000,17,10.000000000000002,21,1.1575538659714433,K-Means,Davies-Bouldin,11,0,8,0.0016960814205232372,0.005148499648825413,,
ms_garch,3,0.9,5.0,5000,17,10.000000000000002,21,1.1575538659714433,K-Means,Calinski-Harabasz,12,0,9,0.0016960814205232372,0.0048695147282908965,,
ms_garch,3,0.9,5.0,5000,17,10.000000000000002,21,1.1575538659714433,GMM,BIC,4,0,1,0.0024533927162190138,0.0026607699836236213,4.0,0.0
ms_garch,3,0.9,5.0,5000,17,10.000000000000002,21,1.1575538659714433,GMM,AIC,10,0,7,0.0024533927162190138,0.0028121308684360105,10.0,0.0
ms_garch,3,0.9,5.0,5000,17,10.000000000000002,21,1.1575538659714433,GMM,ICL,2,0,-1,0.0024533927162190138,-0.0001724986429711495,2.0,0.0
ms_garch,3,0.9,5.0,5000,17,10.000000000000002,21,1.1575538659714433,GMM,BIC_Neff,6,0,3,0.0024533927162190138,0.0021064063945900376,6.0,0.0
ms_garch,3,0.9,5.0,5000,17,10.000000000000002,21,1.1575538659714433,HMM,BIC,12,0,9,0.004359398693562302,0.0051267875448101205,12.0,0.0
ms_garch,3,0.9,5.0,5000,17,10.000000000000002,21,1.1575538659714433,HMM,AIC,12,0,9,0.004359398693562302,0.0051267875448101205,12.0,0.0
ms_garch,3,0.9,5.0,5000,17,10.000000000000002,21,1.1575538659714433,HMM,ICL,12,0,9,0.004359398693562302,0.0051267875448101205,12.0,0.0
ms_garch,3,0.9,5.0,5000,18,10.000000000000002,21,1.172466147867797,K-Means,Silhouette,2,0,-1,0.004192687249289766,-6.310783794496411e-05,,
ms_garch,3,0.9,5.0,5000,18,10.000000000000002,21,1.172466147867797,K-Means,Davies-Bouldin,8,0,5,0.004192687249289766,0.00439743125224725,,
ms_garch,3,0.9,5.0,5000,18,10.000000000000002,21,1.172466147867797,K-Means,Calinski-Harabasz,12,0,9,0.004192687249289766,0.004982601727024204,,
ms_garch,3,0.9,5.0,5000,18,10.000000000000002,21,1.172466147867797,GMM,BIC,5,0,2,0.0021014981093392046,0.0034619612730612255,5.0,0.0
ms_garch,3,0.9,5.0,5000,18,10.000000000000002,21,1.172466147867797,GMM,AIC,7,0,4,0.0021014981093392046,0.004250537467912644,7.0,0.0
ms_garch,3,0.9,5.0,5000,18,10.000000000000002,21,1.172466147867797,GMM,ICL,2,0,-1,0.0021014981093392046,0.001292109899044597,1.0,1.0
ms_garch,3,0.9,5.0,5000,18,10.000000000000002,21,1.172466147867797,GMM,BIC_Neff,7,0,4,0.0021014981093392046,0.004250537467912644,7.0,0.0
ms_garch,3,0.9,5.0,5000,18,10.000000000000002,21,1.172466147867797,HMM,BIC,10,0,7,0.0028273561149837045,0.004878564156886001,10.0,0.0
ms_garch,3,0.9,5.0,5000,18,10.000000000000002,21,1.172466147867797,HMM,AIC,11,0,8,0.0028273561149837045,0.005016503063607539,11.0,0.0
ms_garch,3,0.9,5.0,5000,18,10.000000000000002,21,1.172466147867797,HMM,ICL,10,0,7,0.0028273561149837045,0.004878564156886001,10.0,0.0
ms_garch,3,0.9,5.0,5000,19,10.000000000000002,21,1.044265926862406,K-Means,Silhouette,2,0,-1,0.0001923989678207481,0.0010017490518408755,,
ms_garch,3,0.9,5.0,5000,19,10.000000000000002,21,1.044265926862406,K-Means,Davies-Bouldin,4,0,1,0.0001923989678207481,0.00040132960796870806,,
ms_garch,3,0.9,5.0,5000,19,10.000000000000002,21,1.044265926862406,K-Means,Calinski-Harabasz,12,0,9,0.0001923989678207481,0.0016606221103960433,,
ms_garch,3,0.9,5.0,5000,19,10.000000000000002,21,1.044265926862406,GMM,BIC,6,0,3,0.0012731499641759963,0.0017548304334998213,6.0,0.0
ms_garch,3,0.9,5.0,5000,19,10.000000000000002,21,1.044265926862406,GMM,AIC,7,0,4,0.0012731499641759963,0.0016273579595709239,7.0,0.0
ms_garch,3,0.9,5.0,5000,19,10.000000000000002,21,1.044265926862406,GMM,ICL,2,0,-1,0.0012731499641759963,0.0005692794960969922,2.0,0.0
ms_garch,3,0.9,5.0,5000,19,10.000000000000002,21,1.044265926862406,GMM,BIC_Neff,6,0,3,0.0012731499641759963,0.0017548304334998213,6.0,0.0
ms_garch,3,0.9,5.0,5000,19,10.000000000000002,21,1.044265926862406,HMM,BIC,12,0,9,-0.00037498236928511507,0.0018174986876686955,12.0,0.0
ms_garch,3,0.9,5.0,5000,19,10.000000000000002,21,1.044265926862406,HMM,AIC,12,0,9,-0.00037498236928511507,0.0018174986876686955,12.0,0.0
ms_garch,3,0.9,5.0,5000,19,10.000000000000002,21,1.044265926862406,HMM,ICL,12,0,9,-0.00037498236928511507,0.0018174986876686955,12.0,0.0
ms_garch,3,0.95,5.0,5000,0,19.999999999999982,21,1.5949289619895461,K-Means,Silhouette,2,0,-1,0.010248068916311057,0.014386591414705224,,
ms_garch,3,0.95,5.0,5000,0,19.999999999999982,21,1.5949289619895461,K-Means,Davies-Bouldin,6,0,3,0.010248068916311057,0.010411140557608252,,
ms_garch,3,0.95,5.0,5000,0,19.999999999999982,21,1.5949289619895461,K-Means,Calinski-Harabasz,12,0,9,0.010248068916311057,0.007326639917028807,,
ms_garch,3,0.95,5.0,5000,0,19.999999999999982,21,1.5949289619895461,GMM,BIC,4,0,1,0.012300173024597936,0.008513054715075206,4.0,0.0
ms_garch,3,0.95,5.0,5000,0,19.999999999999982,21,1.5949289619895461,GMM,AIC,6,0,3,0.012300173024597936,0.010467033618610637,6.0,0.0
ms_garch,3,0.95,5.0,5000,0,19.999999999999982,21,1.5949289619895461,GMM,ICL,2,0,-1,0.012300173024597936,0.010370534411726315,1.0,1.0
ms_garch,3,0.95,5.0,5000,0,19.999999999999982,21,1.5949289619895461,GMM,BIC_Neff,6,0,3,0.012300173024597936,0.010467033618610637,6.0,0.0
ms_garch,3,0.95,5.0,5000,0,19.999999999999982,21,1.5949289619895461,HMM,BIC,12,0,9,0.013076700832218726,0.009054219023731575,12.0,0.0
ms_garch,3,0.95,5.0,5000,0,19.999999999999982,21,1.5949289619895461,HMM,AIC,12,0,9,0.013076700832218726,0.009054219023731575,12.0,0.0
ms_garch,3,0.95,5.0,5000,0,19.999999999999982,21,1.5949289619895461,HMM,ICL,9,0,6,0.013076700832218726,0.009550572437895383,9.0,0.0
ms_garch,3,0.95,5.0,5000,1,19.999999999999982,21,1.8412571765753827,K-Means,Silhouette,2,0,-1,0.04243990931429683,0.030142938100470668,,
ms_garch,3,0.95,5.0,5000,1,19.999999999999982,21,1.8412571765753827,K-Means,Davies-Bouldin,4,0,1,0.04243990931429683,0.03981711757007607,,
ms_garch,3,0.95,5.0,5000,1,19.999999999999982,21,1.8412571765753827,K-Means,Calinski-Harabasz,12,0,9,0.04243990931429683,0.024066885525958946,,
ms_garch,3,0.95,5.0,5000,1,19.999999999999982,21,1.8412571765753827,GMM,BIC,5,0,2,0.041732331871972235,0.03285119863319107,5.0,0.0
ms_garch,3,0.95,5.0,5000,1,19.999999999999982,21,1.8412571765753827,GMM,AIC,11,0,8,0.041732331871972235,0.024001162856982512,11.0,0.0
ms_garch,3,0.95,5.0,5000,1,19.999999999999982,21,1.8412571765753827,GMM,ICL,2,0,-1,0.041732331871972235,0.02278235922829442,1.0,1.0
ms_garch,3,0.95,5.0,5000,1,19.999999999999982,21,1.8412571765753827,GMM,BIC_Neff,5,0,2,0.041732331871972235,0.03285119863319107,5.0,0.0
ms_garch,3,0.95,5.0,5000,1,19.999999999999982,21,1.8412571765753827,HMM,BIC,12,0,9,0.046697020321820035,0.026412751154791587,12.0,0.0
ms_garch,3,0.95,5.0,5000,1,19.999999999999982,21,1.8412571765753827,HMM,AIC,12,0,9,0.046697020321820035,0.026412751154791587,12.0,0.0
ms_garch,3,0.95,5.0,5000,1,19.999999999999982,21,1.8412571765753827,HMM,ICL,8,0,5,0.046697020321820035,0.031327702028014055,8.0,0.0
ms_garch,3,0.95,5.0,5000,2,19.999999999999982,21,1.7519552864186632,K-Means,Silhouette,2,0,-1,0.02609147972610019,0.012833197009500603,,
ms_garch,3,0.95,5.0,5000,2,19.999999999999982,21,1.7519552864186632,K-Means,Davies-Bouldin,3,1,0,0.02609147972610019,0.02609147972610019,,
ms_garch,3,0.95,5.0,5000,2,19.999999999999982,21,1.7519552864186632,K-Means,Calinski-Harabasz,12,0,9,0.02609147972610019,0.020130185006806012,,
ms_garch,3,0.95,5.0,5000,2,19.999999999999982,21,1.7519552864186632,GMM,BIC,4,0,1,0.02173527619653393,0.04088834990458636,4.0,0.0
ms_garch,3,0.95,5.0,5000,2,19.999999999999982,21,1.7519552864186632,GMM,AIC,11,0,8,0.02173527619653393,0.020736647941529247,11.0,0.0
ms_garch,3,0.95,5.0,5000,2,19.999999999999982,21,1.7519552864186632,GMM,ICL,3,1,0,0.02173527619653393,0.02173527619653393,1.0,1.0
ms_garch,3,0.95,5.0,5000,2,19.999999999999982,21,1.7519552864186632,GMM,BIC_Neff,5,0,2,0.02173527619653393,0.03606567673316358,5.0,0.0
ms_garch,3,0.95,5.0,5000,2,19.999999999999982,21,1.7519552864186632,HMM,BIC,10,0,7,0.07015635582553968,0.024844454914722404,10.0,0.0
ms_garch,3,0.95,5.0,5000,2,19.999999999999982,21,1.7519552864186632,HMM,AIC,10,0,7,0.07015635582553968,0.024844454914722404,10.0,0.0
ms_garch,3,0.95,5.0,5000,2,19.999999999999982,21,1.7519552864186632,HMM,ICL,10,0,7,0.07015635582553968,0.024844454914722404,10.0,0.0
ms_garch,3,0.95,5.0,5000,3,19.999999999999982,21,1.7248583600206624,K-Means,Silhouette,2,0,-1,0.03353686524791054,0.015395817265244981,,
ms_garch,3,0.95,5.0,5000,3,19.999999999999982,21,1.7248583600206624,K-Means,Davies-Bouldin,12,0,9,0.03353686524791054,0.01691984715170153,,
ms_garch,3,0.95,5.0,5000,3,19.999999999999982,21,1.7248583600206624,K-Means,Calinski-Harabasz,12,0,9,0.03353686524791054,0.01691984715170153,,
ms_garch,3,0.95,5.0,5000,3,19.999999999999982,21,1.7248583600206624,GMM,BIC,6,0,3,0.03213821574043791,0.02699722522060827,6.0,0.0
ms_garch,3,0.95,5.0,5000,3,19.999999999999982,21,1.7248583600206624,GMM,AIC,11,0,8,0.03213821574043791,0.0192719961604778,11.0,0.0
ms_garch,3,0.95,5.0,5000,3,19.999999999999982,21,1.7248583600206624,GMM,ICL,3,1,0,0.03213821574043791,0.03213821574043791,1.0,1.0
ms_garch,3,0.95,5.0,5000,3,19.999999999999982,21,1.7248583600206624,GMM,BIC_Neff,10,0,7,0.03213821574043791,0.019522639671562952,10.0,0.0
ms_garch,3,0.95,5.0,5000,3,19.999999999999982,21,1.7248583600206624,HMM,BIC,12,0,9,0.03412292667072463,0.017344307321613045,12.0,0.0
ms_garch,3,0.95,5.0,5000,3,19.999999999999982,21,1.7248583600206624,HMM,AIC,12,0,9,0.03412292667072463,0.017344307321613045,12.0,0.0
ms_garch,3,0.95,5.0,5000,3,19.999999999999982,21,1.7248583600206624,HMM,ICL,12,0,9,0.03412292667072463,0.017344307321613045,12.0,0.0
ms_garch,3,0.95,5.0,5000,4,19.999999999999982,21,1.5617814345314576,K-Means,Silhouette,2,0,-1,0.015530315267769762,0.02032740461219282,,
ms_garch,3,0.95,5.0,5000,4,19.999999999999982,21,1.5617814345314576,K-Means,Davies-Bouldin,12,0,9,0.015530315267769762,0.010350964920229562,,
ms_garch,3,0.95,5.0,5000,4,19.999999999999982,21,1.5617814345314576,K-Means,Calinski-Harabasz,12,0,9,0.015530315267769762,0.010350964920229562,,
ms_garch,3,0.95,5.0,5000,4,19.999999999999982,21,1.5617814345314576,GMM,BIC,3,1,0,0.01652149492286449,0.01652149492286449,3.0,0.0
ms_garch,3,0.95,5.0,5000,4,19.999999999999982,21,1.5617814345314576,GMM,AIC,9,0,6,0.01652149492286449,0.012877821994192105,9.0,0.0
ms_garch,3,0.95,5.0,5000,4,19.999999999999982,21,1.5617814345314576,GMM,ICL,9,0,6,0.01652149492286449,0.012877821994192105,1.0,1.0
ms_garch,3,0.95,5.0,5000,4,19.999999999999982,21,1.5617814345314576,GMM,BIC_Neff,5,0,2,0.01652149492286449,0.01904553772985646,5.0,0.0
ms_garch,3,0.95,5.0,5000,4,19.999999999999982,21,1.5617814345314576,HMM,BIC,11,0,8,0.02723241803850453,0.011519236838830512,11.0,0.0
ms_garch,3,0.95,5.0,5000,4,19.999999999999982,21,1.5617814345314576,HMM,AIC,11,0,8,0.02723241803850453,0.011519236838830512,11.0,0.0
ms_garch,3,0.95,5.0,5000,4,19.999999999999982,21,1.5617814345314576,HMM,ICL,11,0,8,0.02723241803850453,0.011519236838830512,11.0,0.0
ms_garch,3,0.95,5.0,5000,5,19.999999999999982,21,1.7055951019963544,K-Means,Silhouette,2,0,-1,0.042665204556491455,0.02390341886219991,,
ms_garch,3,0.95,5.0,5000,5,19.999999999999982,21,1.7055951019963544,K-Means,Davies-Bouldin,9,0,6,0.042665204556491455,0.02949189444534827,,
ms_garch,3,0.95,5.0,5000,5,19.999999999999982,21,1.7055951019963544,K-Means,Calinski-Harabasz,12,0,9,0.042665204556491455,0.02034437376518504,,
ms_garch,3,0.95,5.0,5000,5,19.999999999999982,21,1.7055951019963544,GMM,BIC,4,0,1,0.04511693273732866,0.038976877331854926,4.0,0.0
ms_garch,3,0.95,5.0,5000,5,19.999999999999982,21,1.7055951019963544,GMM,AIC,7,0,4,0.04511693273732866,0.03432401616488746,7.0,0.0
ms_garch,3,0.95,5.0,5000,5,19.999999999999982,21,1.7055951019963544,GMM,ICL,2,0,-1,0.04511693273732866,0.02205978735892527,1.0,1.0
ms_garch,3,0.95,5.0,5000,5,19.999999999999982,21,1.7055951019963544,GMM,BIC_Neff,6,0,3,0.04511693273732866,0.037377695517160685,6.0,0.0
ms_garch,3,0.95,5.0,5000,5,19.999999999999982,21,1.7055951019963544,HMM,BIC,11,0,8,0.04287742935764706,0.024635676924851083,11.0,0.0
ms_garch,3,0.95,5.0,5000,5,19.999999999999982,21,1.7055951019963544,HMM,AIC,11,0,8,0.04287742935764706,0.024635676924851083,11.0,0.0
ms_garch,3,0.95,5.0,5000,5,19.999999999999982,21,1.7055951019963544,HMM,ICL,9,0,6,0.04287742935764706,0.028097284420032016,9.0,0.0
ms_garch,3,0.95,5.0,5000,6,19.999999999999982,21,1.4663688384076674,K-Means,Silhouette,2,0,-1,0.024676746395687475,0.007743573206553827,,
ms_garch,3,0.95,5.0,5000,6,19.999999999999982,21,1.4663688384076674,K-Means,Davies-Bouldin,10,0,7,0.024676746395687475,0.016132299423816953,,
ms_garch,3,0.95,5.0,5000,6,19.999999999999982,21,1.4663688384076674,K-Means,Calinski-Harabasz,12,0,9,0.024676746395687475,0.014396677011377985,,
ms_garch,3,0.95,5.0,5000,6,19.999999999999982,21,1.4663688384076674,GMM,BIC,5,0,2,0.023012430820880628,0.024592652589250825,5.0,0.0
ms_garch,3,0.95,5.0,5000,6,19.999999999999982,21,1.4663688384076674,GMM,AIC,8,0,5,0.023012430820880628,0.023484166359864705,8.0,0.0
ms_garch,3,0.95,5.0,5000,6,19.999999999999982,21,1.4663688384076674,GMM,ICL,2,0,-1,0.023012430820880628,0.001139048304452569,1.0,1.0
ms_garch,3,0.95,5.0,5000,6,19.999999999999982,21,1.4663688384076674,GMM,BIC_Neff,5,0,2,0.023012430820880628,0.024592652589250825,5.0,0.0
ms_garch,3,0.95,5.0,5000,6,19.999999999999982,21,1.4663688384076674,HMM,BIC,12,0,9,0.03144172491695215,0.015265201278282556,12.0,0.0
ms_garch,3,0.95,5.0,5000,6,19.999999999999982,21,1.4663688384076674,HMM,AIC,12,0,9,0.03144172491695215,0.015265201278282556,12.0,0.0
ms_garch,3,0.95,5.0,5000,6,19.999999999999982,21,1.4663688384076674,HMM,ICL,8,0,5,0.03144172491695215,0.018990802811173532,8.0,0.0
ms_garch,3,0.95,5.0,5000,7,19.999999999999982,21,1.499024166685482,K-Means,Silhouette,2,0,-1,0.030574039479711653,0.019359966515080276,,
ms_garch,3,0.95,5.0,5000,7,19.999999999999982,21,1.499024166685482,K-Means,Davies-Bouldin,10,0,7,0.030574039479711653,0.023079885915437748,,
ms_garch,3,0.95,5.0,5000,7,19.999999999999982,21,1.499024166685482,K-Means,Calinski-Harabasz,12,0,9,0.030574039479711653,0.01683179660363533,,
ms_garch,3,0.95,5.0,5000,7,19.999999999999982,21,1.499024166685482,GMM,BIC,8,0,5,0.02966739363436104,0.02288798212383196,8.0,0.0
ms_garch,3,0.95,5.0,5000,7,19.999999999999982,21,1.499024166685482,GMM,AIC,12,0,9,0.02966739363436104,0.01596964345699306,12.0,0.0
ms_garch,3,0.95,5.0,5000,7,19.999999999999982,21,1.499024166685482,GMM,ICL,2,0,-1,0.02966739363436104,0.015219557163266322,1.0,1.0
ms_garch,3,0.95,5.0,5000,7,19.999999999999982,21,1.499024166685482,GMM,BIC_Neff,9,0,6,0.02966739363436104,0.022949362795229578,9.0,0.0
ms_garch,3,0.95,5.0,5000,7,19.999999999999982,21,1.499024166685482,HMM,BIC,11,0,8,0.03667521242065364,0.01996241967280185,11.0,0.0
ms_garch,3,0.95,5.0,5000,7,19.999999999999982,21,1.499024166685482,HMM,AIC,11,0,8,0.03667521242065364,0.01996241967280185,11.0,0.0
ms_garch,3,0.95,5.0,5000,7,19.999999999999982,21,1.499024166685482,HMM,ICL,10,0,7,0.03667521242065364,0.02408568969717254,10.0,0.0
ms_garch,3,0.95,5.0,5000,8,19.999999999999982,21,1.5892863610305643,K-Means,Silhouette,2,0,-1,0.024116330265550132,0.011607493740665255,,
ms_garch,3,0.95,5.0,5000,8,19.999999999999982,21,1.5892863610305643,K-Means,Davies-Bouldin,11,0,8,0.024116330265550132,0.014086932013818377,,
ms_garch,3,0.95,5.0,5000,8,19.999999999999982,21,1.5892863610305643,K-Means,Calinski-Harabasz,12,0,9,0.024116330265550132,0.013529523807876346,,
ms_garch,3,0.95,5.0,5000,8,19.999999999999982,21,1.5892863610305643,GMM,BIC,4,0,1,0.022526086379176743,0.024385128954329587,4.0,0.0
ms_garch,3,0.95,5.0,5000,8,19.999999999999982,21,1.5892863610305643,GMM,AIC,12,0,9,0.022526086379176743,0.013996897063323379,12.0,0.0
ms_garch,3,0.95,5.0,5000,8,19.999999999999982,21,1.5892863610305643,GMM,ICL,2,0,-1,0.022526086379176743,0.005701351364494935,1.0,1.0
ms_garch,3,0.95,5.0,5000,8,19.999999999999982,21,1.5892863610305643,GMM,BIC_Neff,4,0,1,0.022526086379176743,0.024385128954329587,4.0,0.0
ms_garch,3,0.95,5.0,5000,8,19.999999999999982,21,1.5892863610305643,HMM,BIC,9,0,6,0.03238174156591414,0.021439932923845353,9.0,0.0
ms_garch,3,0.95,5.0,5000,8,19.999999999999982,21,1.5892863610305643,HMM,AIC,12,0,9,0.03238174156591414,0.012141471287483207,12.0,0.0
ms_garch,3,0.95,5.0,5000,8,19.999999999999982,21,1.5892863610305643,HMM,ICL,9,0,6,0.03238174156591414,0.021439932923845353,9.0,0.0
ms_garch,3,0.95,5.0,5000,9,19.999999999999982,21,1.3035775293600809,K-Means,Silhouette,2,0,-1,-0.0020274368250589184,-0.004107207499074375,,
ms_garch,3,0.95,5.0,5000,9,19.999999999999982,21,1.3035775293600809,K-Means,Davies-Bouldin,12,0,9,-0.0020274368250589184,0.006654312324363311,,
ms_garch,3,0.95,5.0,5000,9,19.999999999999982,21,1.3035775293600809,K-Means,Calinski-Harabasz,12,0,9,-0.0020274368250589184,0.006654312324363311,,
ms_garch,3,0.95,5.0,5000,9,19.999999999999982,21,1.3035775293600809,GMM,BIC,4,0,1,-0.004251894448572192,-0.0022118798680782004,4.0,0.0
ms_garch,3,0.95,5.0,5000,9,19.999999999999982,21,1.3035775293600809,GMM,AIC,4,0,1,-0.004251894448572192,-0.0022118798680782004,4.0,0.0
ms_garch,3,0.95,5.0,5000,9,19.999999999999982,21,1.3035775293600809,GMM,ICL,2,0,-1,-0.004251894448572192,-0.0038300637713144987,2.0,0.0
ms_garch,3,0.95,5.0,5000,9,19.999999999999982,21,1.3035775293600809,GMM,BIC_Neff,4,0,1,-0.004251894448572192,-0.0022118798680782004,4.0,0.0
ms_garch,3,0.95,5.0,5000,9,19.999999999999982,21,1.3035775293600809,HMM,BIC,12,0,9,0.014724214578819405,0.006641776767691092,12.0,0.0
ms_garch,3,0.95,5.0,5000,9,19.999999999999982,21,1.3035775293600809,HMM,AIC,12,0,9,0.014724214578819405,0.006641776767691092,12.0,0.0
ms_garch,3,0.95,5.0,5000,9,19.999999999999982,21,1.3035775293600809,HMM,ICL,9,0,6,0.014724214578819405,0.0060864605968088846,9.0,0.0
ms_garch,3,0.95,5.0,5000,10,19.999999999999982,21,2.0693758501892234,K-Means,Silhouette,2,0,-1,0.04725545100612753,0.037179417005551475,,
ms_garch,3,0.95,5.0,5000,10,19.999999999999982,21,2.0693758501892234,K-Means,Davies-Bouldin,12,0,9,0.04725545100612753,0.021457644850441895,,
ms_garch,3,0.95,5.0,5000,10,19.999999999999982,21,2.0693758501892234,K-Means,Calinski-Harabasz,12,0,9,0.04725545100612753,0.021457644850441895,,
ms_garch,3,0.95,5.0,5000,10,19.999999999999982,21,2.0693758501892234,GMM,BIC,4,0,1,0.04820526617809739,0.04371155045306491,4.0,0.0
ms_garch,3,0.95,5.0,5000,10,19.999999999999982,21,2.0693758501892234,GMM,AIC,11,0,8,0.04820526617809739,0.02329580312084518,11.0,0.0
ms_garch,3,0.95,5.0,5000,10,19.999999999999982,21,2.0693758501892234,GMM,ICL,2,0,-1,0.04820526617809739,0.025431771682424404,1.0,1.0
ms_garch,3,0.95,5.0,5000,10,19.999999999999982,21,2.0693758501892234,GMM,BIC_Neff,4,0,1,0.04820526617809739,0.04371155045306491,4.0,0.0
ms_garch,3,0.95,5.0,5000,10,19.999999999999982,21,2.0693758501892234,HMM,BIC,12,0,9,0.0533970418841303,0.02110212424837901,12.0,0.0
ms_garch,3,0.95,5.0,5000,10,19.999999999999982,21,2.0693758501892234,HMM,AIC,12,0,9,0.0533970418841303,0.02110212424837901,12.0,0.0
ms_garch,3,0.95,5.0,5000,10,19.999999999999982,21,2.0693758501892234,HMM,ICL,8,0,5,0.0533970418841303,0.03289188795518123,8.0,0.0
ms_garch,3,0.95,5.0,5000,11,19.999999999999982,21,1.420709696596425,K-Means,Silhouette,2,0,-1,0.03651130607486325,0.0007789997761518335,,
ms_garch,3,0.95,5.0,5000,11,19.999999999999982,21,1.420709696596425,K-Means,Davies-Bouldin,9,0,6,0.03651130607486325,0.029710743936437647,,
ms_garch,3,0.95,5.0,5000,11,19.999999999999982,21,1.420709696596425,K-Means,Calinski-Harabasz,12,0,9,0.03651130607486325,0.021676003695099522,,
ms_garch,3,0.95,5.0,5000,11,19.999999999999982,21,1.420709696596425,GMM,BIC,8,0,5,0.040812936826156276,0.028720279581219477,8.0,0.0
ms_garch,3,0.95,5.0,5000,11,19.999999999999982,21,1.420709696596425,GMM,AIC,12,0,9,0.040812936826156276,0.02263234410149453,12.0,0.0
ms_garch,3,0.95,5.0,5000,11,19.999999999999982,21,1.420709696596425,GMM,ICL,9,0,6,0.040812936826156276,0.028532608362725507,1.0,1.0
ms_garch,3,0.95,5.0,5000,11,19.999999999999982,21,1.420709696596425,GMM,BIC_Neff,9,0,6,0.040812936826156276,0.028532608362725507,9.0,0.0
ms_garch,3,0.95,5.0,5000,11,19.999999999999982,21,1.420709696596425,HMM,BIC,12,0,9,0.040943320822920876,0.019052572791925813,12.0,0.0
ms_garch,3,0.95,5.0,5000,11,19.999999999999982,21,1.420709696596425,HMM,AIC,12,0,9,0.040943320822920876,0.019052572791925813,12.0,0.0
ms_garch,3,0.95,5.0,5000,11,19.999999999999982,21,1.420709696596425,HMM,ICL,11,0,8,0.040943320822920876,0.030154143709529225,11.0,0.0
ms_garch,3,0.95,5.0,5000,12,19.999999999999982,21,1.6582964493425054,K-Means,Silhouette,2,0,-1,0.03777396531500288,0.020216494539125572,,
ms_garch,3,0.95,5.0,5000,12,19.999999999999982,21,1.6582964493425054,K-Means,Davies-Bouldin,12,0,9,0.03777396531500288,0.02012972853828078,,
ms_garch,3,0.95,5.0,5000,12,19.999999999999982,21,1.6582964493425054,K-Means,Calinski-Harabasz,12,0,9,0.03777396531500288,0.02012972853828078,,
ms_garch,3,0.95,5.0,5000,12,19.999999999999982,21,1.6582964493425054,GMM,BIC,6,0,3,0.030766132230158172,0.03138792282894506,6.0,0.0
ms_garch,3,0.95,5.0,5000,12,19.999999999999982,21,1.6582964493425054,GMM,AIC,12,0,9,0.030766132230158172,0.020986448305097827,12.0,0.0
ms_garch,3,0.95,5.0,5000,12,19.999999999999982,21,1.6582964493425054,GMM,ICL,2,0,-1,0.030766132230158172,0.011468401072705366,1.0,1.0
ms_garch,3,0.95,5.0,5000,12,19.999999999999982,21,1.6582964493425054,GMM,BIC_Neff,9,0,6,0.030766132230158172,0.023564074266732512,9.0,0.0
ms_garch,3,0.95,5.0,5000,12,19.999999999999982,21,1.6582964493425054,HMM,BIC,12,0,9,0.050119903541632226,0.022709635101182454,12.0,0.0
ms_garch,3,0.95,5.0,5000,12,19.999999999999982,21,1.6582964493425054,HMM,AIC,12,0,9,0.050119903541632226,0.022709635101182454,12.0,0.0
ms_garch,3,0.95,5.0,5000,12,19.999999999999982,21,1.6582964493425054,HMM,ICL,12,0,9,0.050119903541632226,0.022709635101182454,12.0,0.0
ms_garch,3,0.95,5.0,5000,13,19.999999999999982,21,1.4044513911654573,K-Means,Silhouette,2,0,-1,0.023518148462227408,0.018820425895919077,,
ms_garch,3,0.95,5.0,5000,13,19.999999999999982,21,1.4044513911654573,K-Means,Davies-Bouldin,12,0,9,0.023518148462227408,0.010926518416301021,,
ms_garch,3,0.95,5.0,5000,13,19.999999999999982,21,1.4044513911654573,K-Means,Calinski-Harabasz,12,0,9,0.023518148462227408,0.010926518416301021,,
ms_garch,3,0.95,5.0,5000,13,19.999999999999982,21,1.4044513911654573,GMM,BIC,3,1,0,0.02125622474983584,0.02125622474983584,3.0,0.0
ms_garch,3,0.95,5.0,5000,13,19.999999999999982,21,1.4044513911654573,GMM,AIC,11,0,8,0.02125622474983584,0.012327380271574446,11.0,0.0
ms_garch,3,0.95,5.0,5000,13,19.999999999999982,21,1.4044513911654573,GMM,ICL,3,1,0,0.02125622474983584,0.02125622474983584,1.0,1.0
ms_garch,3,0.95,5.0,5000,13,19.999999999999982,21,1.4044513911654573,GMM,BIC_Neff,4,0,1,0.02125622474983584,0.019213859497589848,4.0,0.0
ms_garch,3,0.95,5.0,5000,13,19.999999999999982,21,1.4044513911654573,HMM,BIC,11,0,8,0.02626132790007369,0.011940146988781588,11.0,0.0
ms_garch,3,0.95,5.0,5000,13,19.999999999999982,21,1.4044513911654573,HMM,AIC,11,0,8,0.02626132790007369,0.011940146988781588,11.0,0.0
ms_garch,3,0.95,5.0,5000,13,19.999999999999982,21,1.4044513911654573,HMM,ICL,12,0,9,0.02626132790007369,0.012947082715541488,12.0,0.0
ms_garch,3,0.95,5.0,5000,14,19.999999999999982,21,1.587285670571969,K-Means,Silhouette,2,0,-1,0.02691633466907947,0.02306812620093922,,
ms_garch,3,0.95,5.0,5000,14,19.999999999999982,21,1.587285670571969,K-Means,Davies-Bouldin,7,0,4,0.02691633466907947,0.02047705390160166,,
ms_garch,3,0.95,5.0,5000,14,19.999999999999982,21,1.587285670571969,K-Means,Calinski-Harabasz,12,0,9,0.02691633466907947,0.013966870984639316,,
ms_garch,3,0.95,5.0,5000,14,19.999999999999982,21,1.587285670571969,GMM,BIC,7,0,4,0.027035909143388548,0.02040119370469263,7.0,0.0
ms_garch,3,0.95,5.0,5000,14,19.999999999999982,21,1.587285670571969,GMM,AIC,7,0,4,0.027035909143388548,0.02040119370469263,7.0,0.0
ms_garch,3,0.95,5.0,5000,14,19.999999999999982,21,1.587285670571969,GMM,ICL,2,0,-1,0.027035909143388548,0.010640577623601315,1.0,1.0
ms_garch,3,0.95,5.0,5000,14,19.999999999999982,21,1.587285670571969,GMM,BIC_Neff,7,0,4,0.027035909143388548,0.02040119370469263,7.0,0.0
ms_garch,3,0.95,5.0,5000,14,19.999999999999982,21,1.587285670571969,HMM,BIC,12,0,9,0.026080611330667997,0.017744077880139552,12.0,0.0
ms_garch,3,0.95,5.0,5000,14,19.999999999999982,21,1.587285670571969,HMM,AIC,12,0,9,0.026080611330667997,0.017744077880139552,12.0,0.0
ms_garch,3,0.95,5.0,5000,14,19.999999999999982,21,1.587285670571969,HMM,ICL,9,0,6,0.026080611330667997,0.018338411428485517,9.0,0.0
ms_garch,3,0.95,5.0,5000,15,19.999999999999982,21,1.287084034831046,K-Means,Silhouette,2,0,-1,0.021196622408540297,0.002803653576045507,,
ms_garch,3,0.95,5.0,5000,15,19.999999999999982,21,1.287084034831046,K-Means,Davies-Bouldin,5,0,2,0.021196622408540297,0.030409413667793324,,
ms_garch,3,0.95,5.0,5000,15,19.999999999999982,21,1.287084034831046,K-Means,Calinski-Harabasz,12,0,9,0.021196622408540297,0.020175316932150963,,
ms_garch,3,0.95,5.0,5000,15,19.999999999999982,21,1.287084034831046,GMM,BIC,5,0,2,0.022552101896778903,0.030501914853110233,5.0,0.0
ms_garch,3,0.95,5.0,5000,15,19.999999999999982,21,1.287084034831046,GMM,AIC,11,0,8,0.022552101896778903,0.022010192054260993,11.0,0.0
ms_garch,3,0.95,5.0,5000,15,19.999999999999982,21,1.287084034831046,GMM,ICL,2,0,-1,0.022552101896778903,0.0026735438215595734,2.0,0.0
ms_garch,3,0.95,5.0,5000,15,19.999999999999982,21,1.287084034831046,GMM,BIC_Neff,6,0,3,0.022552101896778903,0.030880661977320766,6.0,0.0
ms_garch,3,0.95,5.0,5000,15,19.999999999999982,21,1.287084034831046,HMM,BIC,9,0,6,0.0272466546218162,0.021862327382394155,9.0,0.0
ms_garch,3,0.95,5.0,5000,15,19.999999999999982,21,1.287084034831046,HMM,AIC,12,0,9,0.0272466546218162,0.018258445909139585,12.0,0.0
ms_garch,3,0.95,5.0,5000,15,19.999999999999982,21,1.287084034831046,HMM,ICL,9,0,6,0.0272466546218162,0.021862327382394155,9.0,0.0
ms_garch,3,0.95,5.0,5000,16,19.999999999999982,21,1.4670435261095516,K-Means,Silhouette,3,1,0,0.019088924311385057,0.019088924311385057,,
ms_garch,3,0.95,5.0,5000,16,19.999999999999982,21,1.4670435261095516,K-Means,Davies-Bouldin,3,1,0,0.019088924311385057,0.019088924311385057,,
ms_garch,3,0.95,5.0,5000,16,19.999999999999982,21,1.4670435261095516,K-Means,Calinski-Harabasz,12,0,9,0.019088924311385057,0.01322294826427621,,
ms_garch,3,0.95,5.0,5000,16,19.999999999999982,21,1.4670435261095516,GMM,BIC,5,0,2,0.019534346490243566,0.019116712083830513,5.0,0.0
ms_garch,3,0.95,5.0,5000,16,19.999999999999982,21,1.4670435261095516,GMM,AIC,10,0,7,0.019534346490243566,0.015436316936505252,10.0,0.0
ms_garch,3,0.95,5.0,5000,16,19.999999999999982,21,1.4670435261095516,GMM,ICL,3,1,0,0.019534346490243566,0.019534346490243566,1.0,1.0
ms_garch,3,0.95,5.0,5000,16,19.999999999999982,21,1.4670435261095516,GMM,BIC_Neff,5,0,2,0.019534346490243566,0.019116712083830513,5.0,0.0
ms_garch,3,0.95,5.0,5000,16,19.999999999999982,21,1.4670435261095516,HMM,BIC,12,0,9,0.030978200979580123,0.01283599404232224,12.0,0.0
ms_garch,3,0.95,5.0,5000,16,19.999999999999982,21,1.4670435261095516,HMM,AIC,12,0,9,0.030978200979580123,0.01283599404232224,12.0,0.0
ms_garch,3,0.95,5.0,5000,16,19.999999999999982,21,1.4670435261095516,HMM,ICL,12,0,9,0.030978200979580123,0.01283599404232224,12.0,0.0
ms_garch,3,0.95,5.0,5000,17,19.999999999999982,21,1.6717234386479625,K-Means,Silhouette,2,0,-1,0.035968083309568244,0.02525186089655104,,
ms_garch,3,0.95,5.0,5000,17,19.999999999999982,21,1.6717234386479625,K-Means,Davies-Bouldin,9,0,6,0.035968083309568244,0.028173454370932514,,
ms_garch,3,0.95,5.0,5000,17,19.999999999999982,21,1.6717234386479625,K-Means,Calinski-Harabasz,12,0,9,0.035968083309568244,0.02387898982142811,,
ms_garch,3,0.95,5.0,5000,17,19.999999999999982,21,1.6717234386479625,GMM,BIC,6,0,3,0.03871214097019639,0.03967042881071178,6.0,0.0
ms_garch,3,0.95,5.0,5000,17,19.999999999999982,21,1.6717234386479625,GMM,AIC,12,0,9,0.03871214097019639,0.02014604650556094,12.0,0.0
ms_garch,3,0.95,5.0,5000,17,19.999999999999982,21,1.6717234386479625,GMM,ICL,8,0,5,0.03871214097019639,0.03665736400962141,1.0,1.0
ms_garch,3,0.95,5.0,5000,17,19.999999999999982,21,1.6717234386479625,GMM,BIC_Neff,7,0,4,0.03871214097019639,0.03673820171490547,7.0,0.0
ms_garch,3,0.95,5.0,5000,17,19.999999999999982,21,1.6717234386479625,HMM,BIC,11,0,8,0.0455944022209796,0.027954288580078566,11.0,0.0
ms_garch,3,0.95,5.0,5000,17,19.999999999999982,21,1.6717234386479625,HMM,AIC,11,0,8,0.0455944022209796,0.027954288580078566,11.0,0.0
ms_garch,3,0.95,5.0,5000,17,19.999999999999982,21,1.6717234386479625,HMM,ICL,11,0,8,0.0455944022209796,0.027954288580078566,11.0,0.0
ms_garch,3,0.95,5.0,5000,18,19.999999999999982,21,1.7067749231754825,K-Means,Silhouette,2,0,-1,0.026338770200167356,0.02088699861245496,,
ms_garch,3,0.95,5.0,5000,18,19.999999999999982,21,1.7067749231754825,K-Means,Davies-Bouldin,6,0,3,0.026338770200167356,0.021962774149238425,,
ms_garch,3,0.95,5.0,5000,18,19.999999999999982,21,1.7067749231754825,K-Means,Calinski-Harabasz,12,0,9,0.026338770200167356,0.013481498250944062,,
ms_garch,3,0.95,5.0,5000,18,19.999999999999982,21,1.7067749231754825,GMM,BIC,6,0,3,0.025434806704604462,0.022149510171439808,6.0,0.0
ms_garch,3,0.95,5.0,5000,18,19.999999999999982,21,1.7067749231754825,GMM,AIC,6,0,3,0.025434806704604462,0.022149510171439808,6.0,0.0
ms_garch,3,0.95,5.0,5000,18,19.999999999999982,21,1.7067749231754825,GMM,ICL,3,1,0,0.025434806704604462,0.025434806704604462,1.0,1.0
ms_garch,3,0.95,5.0,5000,18,19.999999999999982,21,1.7067749231754825,GMM,BIC_Neff,6,0,3,0.025434806704604462,0.022149510171439808,6.0,0.0
ms_garch,3,0.95,5.0,5000,18,19.999999999999982,21,1.7067749231754825,HMM,BIC,10,0,7,0.04177425154579244,0.016108047193962,10.0,0.0
ms_garch,3,0.95,5.0,5000,18,19.999999999999982,21,1.7067749231754825,HMM,AIC,10,0,7,0.04177425154579244,0.016108047193962,10.0,0.0
ms_garch,3,0.95,5.0,5000,18,19.999999999999982,21,1.7067749231754825,HMM,ICL,10,0,7,0.04177425154579244,0.016108047193962,10.0,0.0
ms_garch,3,0.95,5.0,5000,19,19.999999999999982,21,1.671604558461758,K-Means,Silhouette,2,0,-1,0.01282552600019474,0.00925415984678977,,
ms_garch,3,0.95,5.0,5000,19,19.999999999999982,21,1.671604558461758,K-Means,Davies-Bouldin,7,0,4,0.01282552600019474,0.017164259185674376,,
ms_garch,3,0.95,5.0,5000,19,19.999999999999982,21,1.671604558461758,K-Means,Calinski-Harabasz,12,0,9,0.01282552600019474,0.011320261405991692,,
ms_garch,3,0.95,5.0,5000,19,19.999999999999982,21,1.671604558461758,GMM,BIC,5,0,2,0.010017101481175364,0.018070000584362263,5.0,0.0
ms_garch,3,0.95,5.0,5000,19,19.999999999999982,21,1.671604558461758,GMM,AIC,12,0,9,0.010017101481175364,0.01159674611234309,12.0,0.0
ms_garch,3,0.95,5.0,5000,19,19.999999999999982,21,1.671604558461758,GMM,ICL,3,1,0,0.010017101481175364,0.010017101481175364,1.0,1.0
ms_garch,3,0.95,5.0,5000,19,19.999999999999982,21,1.671604558461758,GMM,BIC_Neff,6,0,3,0.010017101481175364,0.018255999233742028,6.0,0.0
ms_garch,3,0.95,5.0,5000,19,19.999999999999982,21,1.671604558461758,HMM,BIC,11,0,8,0.022938196113165287,0.01804835273459435,11.0,0.0
ms_garch,3,0.95,5.0,5000,19,19.999999999999982,21,1.671604558461758,HMM,AIC,11,0,8,0.022938196113165287,0.01804835273459435,11.0,0.0
ms_garch,3,0.95,5.0,5000,19,19.999999999999982,21,1.671604558461758,HMM,ICL,10,0,7,0.022938196113165287,0.016102852334768034,10.0,0.0
ms_garch,3,0.99,5.0,5000,0,99.99999999999991,21,1.8091227449156757,K-Means,Silhouette,2,0,-1,0.16768554190393636,0.09817776098575148,,
ms_garch,3,0.99,5.0,5000,0,99.99999999999991,21,1.8091227449156757,K-Means,Davies-Bouldin,8,0,5,0.16768554190393636,0.15948090880083346,,
ms_garch,3,0.99,5.0,5000,0,99.99999999999991,21,1.8091227449156757,K-Means,Calinski-Harabasz,12,0,9,0.16768554190393636,0.13099348647971326,,
ms_garch,3,0.99,5.0,5000,0,99.99999999999991,21,1.8091227449156757,GMM,BIC,10,0,7,0.18093647654062125,0.1465902719885571,10.0,0.0
ms_garch,3,0.99,5.0,5000,0,99.99999999999991,21,1.8091227449156757,GMM,AIC,12,0,9,0.18093647654062125,0.12316119815411705,12.0,0.0
ms_garch,3,0.99,5.0,5000,0,99.99999999999991,21,1.8091227449156757,GMM,ICL,11,0,8,0.18093647654062125,0.14646315651309766,1.0,1.0
ms_garch,3,0.99,5.0,5000,0,99.99999999999991,21,1.8091227449156757,GMM,BIC_Neff,12,0,9,0.18093647654062125,0.12316119815411705,12.0,0.0
ms_garch,3,0.99,5.0,5000,0,99.99999999999991,21,1.8091227449156757,HMM,BIC,9,0,6,0.16659831525563606,0.09334779863014256,9.0,0.0
ms_garch,3,0.99,5.0,5000,0,99.99999999999991,21,1.8091227449156757,HMM,AIC,9,0,6,0.16659831525563606,0.09334779863014256,9.0,0.0
ms_garch,3,0.99,5.0,5000,0,99.99999999999991,21,1.8091227449156757,HMM,ICL,9,0,6,0.16659831525563606,0.09334779863014256,9.0,0.0
ms_garch,3,0.99,5.0,5000,1,99.99999999999991,21,3.530664015770567,K-Means,Silhouette,2,0,-1,0.26387099264721753,0.2658831734754513,,
ms_garch,3,0.99,5.0,5000,1,99.99999999999991,21,3.530664015770567,K-Means,Davies-Bouldin,6,0,3,0.26387099264721753,0.26882973189549275,,
ms_garch,3,0.99,5.0,5000,1,99.99999999999991,21,3.530664015770567,K-Means,Calinski-Harabasz,12,0,9,0.26387099264721753,0.191426041713893,,
ms_garch,3,0.99,5.0,5000,1,99.99999999999991,21,3.530664015770567,GMM,BIC,7,0,4,0.26772585949733396,0.2416537830236165,7.0,0.0
ms_garch,3,0.99,5.0,5000,1,99.99999999999991,21,3.530664015770567,GMM,AIC,12,0,9,0.26772585949733396,0.15599204285706983,12.0,0.0
ms_garch,3,0.99,5.0,5000,1,99.99999999999991,21,3.530664015770567,GMM,ICL,6,0,3,0.26772585949733396,0.24613250588155633,1.0,1.0
ms_garch,3,0.99,5.0,5000,1,99.99999999999991,21,3.530664015770567,GMM,BIC_Neff,7,0,4,0.26772585949733396,0.2416537830236165,7.0,0.0
ms_garch,3,0.99,5.0,5000,1,99.99999999999991,21,3.530664015770567,HMM,BIC,11,0,8,0.17999564946747063,0.20321730766363963,11.0,0.0
ms_garch,3,0.99,5.0,5000,1,99.99999999999991,21,3.530664015770567,HMM,AIC,11,0,8,0.17999564946747063,0.20321730766363963,11.0,0.0
ms_garch,3,0.99,5.0,5000,1,99.99999999999991,21,3.530664015770567,HMM,ICL,11,0,8,0.17999564946747063,0.20321730766363963,11.0,0.0
ms_garch,3,0.99,5.0,5000,2,99.99999999999991,21,3.339604313627396,K-Means,Silhouette,2,0,-1,0.18248125639592486,0.19413333539596697,,
ms_garch,3,0.99,5.0,5000,2,99.99999999999991,21,3.339604313627396,K-Means,Davies-Bouldin,8,0,5,0.18248125639592486,0.18840862592394975,,
ms_garch,3,0.99,5.0,5000,2,99.99999999999991,21,3.339604313627396,K-Means,Calinski-Harabasz,12,0,9,0.18248125639592486,0.11642496407117103,,
ms_garch,3,0.99,5.0,5000,2,99.99999999999991,21,3.339604313627396,GMM,BIC,6,0,3,0.18304222927418212,0.19297525127131057,6.0,0.0
ms_garch,3,0.99,5.0,5000,2,99.99999999999991,21,3.339604313627396,GMM,AIC,12,0,9,0.18304222927418212,0.11689684474072695,12.0,0.0
ms_garch,3,0.99,5.0,5000,2,99.99999999999991,21,3.339604313627396,GMM,ICL,2,0,-1,0.18304222927418212,0.20993263329625997,1.0,1.0
ms_garch,3,0.99,5.0,5000,2,99.99999999999991,21,3.339604313627396,GMM,BIC_Neff,9,0,6,0.18304222927418212,0.14941748492474832,9.0,0.0
ms_garch,3,0.99,5.0,5000,2,99.99999999999991,21,3.339604313627396,HMM,BIC,12,0,9,0.17138879553999767,0.11341595518010802,12.0,0.0
ms_garch,3,0.99,5.0,5000,2,99.99999999999991,21,3.339604313627396,HMM,AIC,12,0,9,0.17138879553999767,0.11341595518010802,12.0,0.0
ms_garch,3,0.99,5.0,5000,2,99.99999999999991,21,3.339604313627396,HMM,ICL,6,0,3,0.17138879553999767,0.17617307074238603,6.0,0.0
ms_garch,3,0.99,5.0,5000,3,99.99999999999991,21,2.8878530949967853,K-Means,Silhouette,2,0,-1,0.2004788026507144,0.137786034228097,,
ms_garch,3,0.99,5.0,5000,3,99.99999999999991,21,2.8878530949967853,K-Means,Davies-Bouldin,8,0,5,0.2004788026507144,0.21362666229682742,,
ms_garch,3,0.99,5.0,5000,3,99.99999999999991,21,2.8878530949967853,K-Means,Calinski-Harabasz,12,0,9,0.2004788026507144,0.14562669303118098,,
ms_garch,3,0.99,5.0,5000,3,99.99999999999991,21,2.8878530949967853,GMM,BIC,6,0,3,0.20341168221937403,0.20819956313838278,6.0,0.0
ms_garch,3,0.99,5.0,5000,3,99.99999999999991,21,2.8878530949967853,GMM,AIC,12,0,9,0.20341168221937403,0.14909566799721816,12.0,0.0
ms_garch,3,0.99,5.0,5000,3,99.99999999999991,21,2.8878530949967853,GMM,ICL,8,0,5,0.20341168221937403,0.20043222938418628,1.0,1.0
ms_garch,3,0.99,5.0,5000,3,99.99999999999991,21,2.8878530949967853,GMM,BIC_Neff,7,0,4,0.20341168221937403,0.20555945672909204,7.0,0.0
ms_garch,3,0.99,5.0,5000,3,99.99999999999991,21,2.8878530949967853,HMM,BIC,10,0,7,0.3085002807580502,0.14521478157086917,10.0,0.0
ms_garch,3,0.99,5.0,5000,3,99.99999999999991,21,2.8878530949967853,HMM,AIC,10,0,7,0.3085002807580502,0.14521478157086917,10.0,0.0
ms_garch,3,0.99,5.0,5000,3,99.99999999999991,21,2.8878530949967853,HMM,ICL,10,0,7,0.3085002807580502,0.14521478157086917,10.0,0.0
ms_garch,3,0.99,5.0,5000,4,99.99999999999991,21,1.9766611601964326,K-Means,Silhouette,2,0,-1,0.11377130850568384,0.09178539090168918,,
ms_garch,3,0.99,5.0,5000,4,99.99999999999991,21,1.9766611601964326,K-Means,Davies-Bouldin,11,0,8,0.11377130850568384,0.1134886494971501,,
ms_garch,3,0.99,5.0,5000,4,99.99999999999991,21,1.9766611601964326,K-Means,Calinski-Harabasz,12,0,9,0.11377130850568384,0.1128181942915065,,
ms_garch,3,0.99,5.0,5000,4,99.99999999999991,21,1.9766611601964326,GMM,BIC,7,0,4,0.11215671315639063,0.16011266222495255,7.0,0.0
ms_garch,3,0.99,5.0,5000,4,99.99999999999991,21,1.9766611601964326,GMM,AIC,12,0,9,0.11215671315639063,0.0909405619692578,12.0,0.0
ms_garch,3,0.99,5.0,5000,4,99.99999999999991,21,1.9766611601964326,GMM,ICL,3,1,0,0.11215671315639063,0.11215671315639063,3.0,0.0
ms_garch,3,0.99,5.0,5000,4,99.99999999999991,21,1.9766611601964326,GMM,BIC_Neff,12,0,9,0.11215671315639063,0.0909405619692578,12.0,0.0
ms_garch,3,0.99,5.0,5000,4,99.99999999999991,21,1.9766611601964326,HMM,BIC,12,0,9,0.09060346102217065,0.0903434391842958,12.0,0.0
ms_garch,3,0.99,5.0,5000,4,99.99999999999991,21,1.9766611601964326,HMM,AIC,12,0,9,0.09060346102217065,0.0903434391842958,12.0,0.0
ms_garch,3,0.99,5.0,5000,4,99.99999999999991,21,1.9766611601964326,HMM,ICL,7,0,4,0.09060346102217065,0.12850734068657582,7.0,0.0
ms_garch,3,0.99,5.0,5000,5,99.99999999999991,21,2.23301373400633,K-Means,Silhouette,2,0,-1,0.16529997965822912,0.23424042346143792,,
ms_garch,3,0.99,5.0,5000,5,99.99999999999991,21,2.23301373400633,K-Means,Davies-Bouldin,8,0,5,0.16529997965822912,0.16125817616692176,,
ms_garch,3,0.99,5.0,5000,5,99.99999999999991,21,2.23301373400633,K-Means,Calinski-Harabasz,12,0,9,0.16529997965822912,0.11069388087503985,,
ms_garch,3,0.99,5.0,5000,5,99.99999999999991,21,2.23301373400633,GMM,BIC,6,0,3,0.17269066259405727,0.19541009648870958,6.0,0.0
ms_garch,3,0.99,5.0,5000,5,99.99999999999991,21,2.23301373400633,GMM,AIC,9,0,6,0.17269066259405727,0.147547034709193,9.0,0.0
ms_garch,3,0.99,5.0,5000,5,99.99999999999991,21,2.23301373400633,GMM,ICL,2,0,-1,0.17269066259405727,0.24251925863769475,1.0,1.0
ms_garch,3,0.99,5.0,5000,5,99.99999999999991,21,2.23301373400633,GMM,BIC_Neff,6,0,3,0.17269066259405727,0.19541009648870958,6.0,0.0
ms_garch,3,0.99,5.0,5000,5,99.99999999999991,21,2.23301373400633,HMM,BIC,12,0,9,0.27893730118489796,0.10484384569473357,12.0,0.0
ms_garch,3,0.99,5.0,5000,5,99.99999999999991,21,2.23301373400633,HMM,AIC,12,0,9,0.27893730118489796,0.10484384569473357,12.0,0.0
ms_garch,3,0.99,5.0,5000,5,99.99999999999991,21,2.23301373400633,HMM,ICL,9,0,6,0.27893730118489796,0.15446304924371976,9.0,0.0
ms_garch,3,0.99,5.0,5000,6,99.99999999999991,21,2.600234655437014,K-Means,Silhouette,2,0,-1,0.18570661836358332,0.08971119900111842,,
ms_garch,3,0.99,5.0,5000,6,99.99999999999991,21,2.600234655437014,K-Means,Davies-Bouldin,10,0,7,0.18570661836358332,0.16951942115709218,,
ms_garch,3,0.99,5.0,5000,6,99.99999999999991,21,2.600234655437014,K-Means,Calinski-Harabasz,12,0,9,0.18570661836358332,0.1290083656300452,,
ms_garch,3,0.99,5.0,5000,6,99.99999999999991,21,2.600234655437014,GMM,BIC,8,0,5,0.18458600576463846,0.1758350369532935,8.0,0.0
ms_garch,3,0.99,5.0,5000,6,99.99999999999991,21,2.600234655437014,GMM,AIC,12,0,9,0.18458600576463846,0.12137558585883927,12.0,0.0
ms_garch,3,0.99,5.0,5000,6,99.99999999999991,21,2.600234655437014,GMM,ICL,3,1,0,0.18458600576463846,0.18458600576463846,1.0,1.0
ms_garch,3,0.99,5.0,5000,6,99.99999999999991,21,2.600234655437014,GMM,BIC_Neff,8,0,5,0.18458600576463846,0.1758350369532935,8.0,0.0
ms_garch,3,0.99,5.0,5000,6,99.99999999999991,21,2.600234655437014,HMM,BIC,8,0,5,0.16228321031397552,0.13228962416808043,8.0,0.0
ms_garch,3,0.99,5.0,5000,6,99.99999999999991,21,2.600234655437014,HMM,AIC,12,0,9,0.16228321031397552,0.1009900514430183,12.0,0.0
ms_garch,3,0.99,5.0,5000,6,99.99999999999991,21,2.600234655437014,HMM,ICL,8,0,5,0.16228321031397552,0.13228962416808043,8.0,0.0
ms_garch,3,0.99,5.0,5000,7,99.99999999999991,21,3.0566463616401864,K-Means,Silhouette,3,1,0,0.2144252482341679,0.2144252482341679,,
ms_garch,3,0.99,5.0,5000,7,99.99999999999991,21,3.0566463616401864,K-Means,Davies-Bouldin,6,0,3,0.2144252482341679,0.21757134103596817,,
ms_garch,3,0.99,5.0,5000,7,99.99999999999991,21,3.0566463616401864,K-Means,Calinski-Harabasz,12,0,9,0.2144252482341679,0.13603150972592726,,
ms_garch,3,0.99,5.0,5000,7,99.99999999999991,21,3.0566463616401864,GMM,BIC,8,0,5,0.2045746762880211,0.17055592070179523,8.0,0.0
ms_garch,3,0.99,5.0,5000,7,99.99999999999991,21,3.0566463616401864,GMM,AIC,12,0,9,0.2045746762880211,0.1347994749318701,12.0,0.0
ms_garch,3,0.99,5.0,5000,7,99.99999999999991,21,3.0566463616401864,GMM,ICL,4,0,1,0.2045746762880211,0.20907859982039573,1.0,1.0
ms_garch,3,0.99,5.0,5000,7,99.99999999999991,21,3.0566463616401864,GMM,BIC_Neff,11,0,8,0.2045746762880211,0.14003839883835903,11.0,0.0
ms_garch,3,0.99,5.0,5000,7,99.99999999999991,21,3.0566463616401864,HMM,BIC,11,0,8,0.16807849797848584,0.15592693181996403,11.0,0.0
ms_garch,3,0.99,5.0,5000,7,99.99999999999991,21,3.0566463616401864,HMM,AIC,11,0,8,0.16807849797848584,0.15592693181996403,11.0,0.0
ms_garch,3,0.99,5.0,5000,7,99.99999999999991,21,3.0566463616401864,HMM,ICL,11,0,8,0.16807849797848584,0.15592693181996403,11.0,0.0
ms_garch,3,0.99,5.0,5000,8,99.99999999999991,21,4.184743940339369,K-Means,Silhouette,2,0,-1,0.13490310394177094,-0.003366486086891998,,
ms_garch,3,0.99,5.0,5000,8,99.99999999999991,21,4.184743940339369,K-Means,Davies-Bouldin,2,0,-1,0.13490310394177094,-0.003366486086891998,,
ms_garch,3,0.99,5.0,5000,8,99.99999999999991,21,4.184743940339369,K-Means,Calinski-Harabasz,12,0,9,0.13490310394177094,0.16453524156039182,,
ms_garch,3,0.99,5.0,5000,8,99.99999999999991,21,4.184743940339369,GMM,BIC,7,0,4,0.12695565211509985,0.19795352632566524,7.0,0.0
ms_garch,3,0.99,5.0,5000,8,99.99999999999991,21,4.184743940339369,GMM,AIC,7,0,4,0.12695565211509985,0.19795352632566524,7.0,0.0
ms_garch,3,0.99,5.0,5000,8,99.99999999999991,21,4.184743940339369,GMM,ICL,2,0,-1,0.12695565211509985,-0.015480475182317975,2.0,0.0
ms_garch,3,0.99,5.0,5000,8,99.99999999999991,21,4.184743940339369,GMM,BIC_Neff,7,0,4,0.12695565211509985,0.19795352632566524,7.0,0.0
ms_garch,3,0.99,5.0,5000,8,99.99999999999991,21,4.184743940339369,HMM,BIC,11,0,8,0.19469955299277947,0.14936430636602127,11.0,0.0
ms_garch,3,0.99,5.0,5000,8,99.99999999999991,21,4.184743940339369,HMM,AIC,11,0,8,0.19469955299277947,0.14936430636602127,11.0,0.0
ms_garch,3,0.99,5.0,5000,8,99.99999999999991,21,4.184743940339369,HMM,ICL,11,0,8,0.19469955299277947,0.14936430636602127,11.0,0.0
ms_garch,3,0.99,5.0,5000,9,99.99999999999991,21,3.700061470822352,K-Means,Silhouette,2,0,-1,0.21854899880755133,0.2069034826650786,,
ms_garch,3,0.99,5.0,5000,9,99.99999999999991,21,3.700061470822352,K-Means,Davies-Bouldin,6,0,3,0.21854899880755133,0.3153004841903208,,
ms_garch,3,0.99,5.0,5000,9,99.99999999999991,21,3.700061470822352,K-Means,Calinski-Harabasz,12,0,9,0.21854899880755133,0.19877980698066192,,
ms_garch,3,0.99,5.0,5000,9,99.99999999999991,21,3.700061470822352,GMM,BIC,9,0,6,0.2204410938210329,0.23447220682427034,9.0,0.0
ms_garch,3,0.99,5.0,5000,9,99.99999999999991,21,3.700061470822352,GMM,AIC,12,0,9,0.2204410938210329,0.2031032257108247,12.0,0.0
ms_garch,3,0.99,5.0,5000,9,99.99999999999991,21,3.700061470822352,GMM,ICL,6,0,3,0.2204410938210329,0.3220550447016493,1.0,1.0
ms_garch,3,0.99,5.0,5000,9,99.99999999999991,21,3.700061470822352,GMM,BIC_Neff,10,0,7,0.2204410938210329,0.2127714282382101,10.0,0.0
ms_garch,3,0.99,5.0,5000,9,99.99999999999991,21,3.700061470822352,HMM,BIC,10,0,7,0.39046220003380516,0.19508271764486737,10.0,0.0
ms_garch,3,0.99,5.0,5000,9,99.99999999999991,21,3.700061470822352,HMM,AIC,10,0,7,0.39046220003380516,0.19508271764486737,10.0,0.0
ms_garch,3,0.99,5.0,5000,9,99.99999999999991,21,3.700061470822352,HMM,ICL,10,0,7,0.39046220003380516,0.19508271764486737,10.0,0.0
ms_garch,3,0.99,5.0,5000,10,99.99999999999991,21,2.119165997317086,K-Means,Silhouette,2,0,-1,0.21501873638720964,0.12944252049415733,,
ms_garch,3,0.99,5.0,5000,10,99.99999999999991,21,2.119165997317086,K-Means,Davies-Bouldin,12,0,9,0.21501873638720964,0.1283066509259808,,
ms_garch,3,0.99,5.0,5000,10,99.99999999999991,21,2.119165997317086,K-Means,Calinski-Harabasz,12,0,9,0.21501873638720964,0.1283066509259808,,
ms_garch,3,0.99,5.0,5000,10,99.99999999999991,21,2.119165997317086,GMM,BIC,7,0,4,0.220503893393654,0.19833499781169137,7.0,0.0
ms_garch,3,0.99,5.0,5000,10,99.99999999999991,21,2.119165997317086,GMM,AIC,12,0,9,0.220503893393654,0.12473897032445665,12.0,0.0
ms_garch,3,0.99,5.0,5000,10,99.99999999999991,21,2.119165997317086,GMM,ICL,7,0,4,0.220503893393654,0.19833499781169137,1.0,1.0
ms_garch,3,0.99,5.0,5000,10,99.99999999999991,21,2.119165997317086,GMM,BIC_Neff,8,0,5,0.220503893393654,0.16704064380735714,8.0,0.0
ms_garch,3,0.99,5.0,5000,10,99.99999999999991,21,2.119165997317086,HMM,BIC,12,0,9,0.2982899725917784,0.10848381291827301,12.0,0.0
ms_garch,3,0.99,5.0,5000,10,99.99999999999991,21,2.119165997317086,HMM,AIC,12,0,9,0.2982899725917784,0.10848381291827301,12.0,0.0
ms_garch,3,0.99,5.0,5000,10,99.99999999999991,21,2.119165997317086,HMM,ICL,12,0,9,0.2982899725917784,0.10848381291827301,12.0,0.0
ms_garch,3,0.99,5.0,5000,11,99.99999999999991,21,2.594342508546181,K-Means,Silhouette,2,0,-1,0.17447307168200682,0.12602606655036944,,
ms_garch,3,0.99,5.0,5000,11,99.99999999999991,21,2.594342508546181,K-Means,Davies-Bouldin,6,0,3,0.17447307168200682,0.21050756059121128,,
ms_garch,3,0.99,5.0,5000,11,99.99999999999991,21,2.594342508546181,K-Means,Calinski-Harabasz,12,0,9,0.17447307168200682,0.1183636414055003,,
ms_garch,3,0.99,5.0,5000,11,99.99999999999991,21,2.594342508546181,GMM,BIC,8,0,5,0.18573343359389693,0.14035004496114964,8.0,0.0
ms_garch,3,0.99,5.0,5000,11,99.99999999999991,21,2.594342508546181,GMM,AIC,12,0,9,0.18573343359389693,0.12014072183361765,12.0,0.0
ms_garch,3,0.99,5.0,5000,11,99.99999999999991,21,2.594342508546181,GMM,ICL,6,0,3,0.18573343359389693,0.20929154579941214,1.0,1.0
ms_garch,3,0.99,5.0,5000,11,99.99999999999991,21,2.594342508546181,GMM,BIC_Neff,10,0,7,0.18573343359389693,0.1280676537270988,10.0,0.0
ms_garch,3,0.99,5.0,5000,11,99.99999999999991,21,2.594342508546181,HMM,BIC,10,0,7,0.26062810012767446,0.135498112708909,10.0,0.0
ms_garch,3,0.99,5.0,5000,11,99.99999999999991,21,2.594342508546181,HMM,AIC,12,0,9,0.26062810012767446,0.1317495570378949,12.0,0.0
ms_garch,3,0.99,5.0,5000,11,99.99999999999991,21,2.594342508546181,HMM,ICL,12,0,9,0.26062810012767446,0.1317495570378949,12.0,0.0
ms_garch,3,0.99,5.0,5000,12,99.99999999999991,21,1.8770043628337476,K-Means,Silhouette,5,0,2,0.2723301994108583,0.2694125240117841,,
ms_garch,3,0.99,5.0,5000,12,99.99999999999991,21,1.8770043628337476,K-Means,Davies-Bouldin,5,0,2,0.2723301994108583,0.2694125240117841,,
ms_garch,3,0.99,5.0,5000,12,99.99999999999991,21,1.8770043628337476,K-Means,Calinski-Harabasz,12,0,9,0.2723301994108583,0.20127347925128955,,
ms_garch,3,0.99,5.0,5000,12,99.99999999999991,21,1.8770043628337476,GMM,BIC,8,0,5,0.3130240162006433,0.2265236816077808,8.0,0.0
ms_garch,3,0.99,5.0,5000,12,99.99999999999991,21,1.8770043628337476,GMM,AIC,10,0,7,0.3130240162006433,0.21278229551380065,10.0,0.0
ms_garch,3,0.99,5.0,5000,12,99.99999999999991,21,1.8770043628337476,GMM,ICL,3,1,0,0.3130240162006433,0.3130240162006433,3.0,0.0
ms_garch,3,0.99,5.0,5000,12,99.99999999999991,21,1.8770043628337476,GMM,BIC_Neff,8,0,5,0.3130240162006433,0.2265236816077808,8.0,0.0
ms_garch,3,0.99,5.0,5000,12,99.99999999999991,21,1.8770043628337476,HMM,BIC,8,0,5,0.2752819893913932,0.2187025518392217,8.0,0.0
ms_garch,3,0.99,5.0,5000,12,99.99999999999991,21,1.8770043628337476,HMM,AIC,8,0,5,0.2752819893913932,0.2187025518392217,8.0,0.0
ms_garch,3,0.99,5.0,5000,12,99.99999999999991,21,1.8770043628337476,HMM,ICL,8,0,5,0.2752819893913932,0.2187025518392217,8.0,0.0
ms_garch,3,0.99,5.0,5000,13,99.99999999999991,21,3.7166044906834084,K-Means,Silhouette,3,1,0,0.3333630295637211,0.3333630295637211,,
ms_garch,3,0.99,5.0,5000,13,99.99999999999991,21,3.7166044906834084,K-Means,Davies-Bouldin,8,0,5,0.3333630295637211,0.2369090890611956,,
ms_garch,3,0.99,5.0,5000,13,99.99999999999991,21,3.7166044906834084,K-Means,Calinski-Harabasz,12,0,9,0.3333630295637211,0.17454722648625692,,
ms_garch,3,0.99,5.0,5000,13,99.99999999999991,21,3.7166044906834084,GMM,BIC,8,0,5,0.38190078237376945,0.2355051949738708,8.0,0.0
ms_garch,3,0.99,5.0,5000,13,99.99999999999991,21,3.7166044906834084,GMM,AIC,10,0,7,0.38190078237376945,0.2028819191414419,10.0,0.0
ms_garch,3,0.99,5.0,5000,13,99.99999999999991,21,3.7166044906834084,GMM,ICL,2,0,-1,0.38190078237376945,0.42086978574289957,1.0,1.0
ms_garch,3,0.99,5.0,5000,13,99.99999999999991,21,3.7166044906834084,GMM,BIC_Neff,8,0,5,0.38190078237376945,0.2355051949738708,8.0,0.0
ms_garch,3,0.99,5.0,5000,13,99.99999999999991,21,3.7166044906834084,HMM,BIC,11,0,8,0.3482313673785683,0.15482437695043116,11.0,0.0
ms_garch,3,0.99,5.0,5000,13,99.99999999999991,21,3.7166044906834084,HMM,AIC,11,0,8,0.3482313673785683,0.15482437695043116,11.0,0.0
ms_garch,3,0.99,5.0,5000,13,99.99999999999991,21,3.7166044906834084,HMM,ICL,11,0,8,0.3482313673785683,0.15482437695043116,11.0,0.0
ms_garch,3,0.99,5.0,5000,14,99.99999999999991,21,2.47543498538193,K-Means,Silhouette,2,0,-1,0.18454431913321728,0.18203338795015267,,
ms_garch,3,0.99,5.0,5000,14,99.99999999999991,21,2.47543498538193,K-Means,Davies-Bouldin,9,0,6,0.18454431913321728,0.19755042854846097,,
ms_garch,3,0.99,5.0,5000,14,99.99999999999991,21,2.47543498538193,K-Means,Calinski-Harabasz,12,0,9,0.18454431913321728,0.13917789129249544,,
ms_garch,3,0.99,5.0,5000,14,99.99999999999991,21,2.47543498538193,GMM,BIC,4,0,1,0.18505530805787457,0.24329411491123448,4.0,0.0
ms_garch,3,0.99,5.0,5000,14,99.99999999999991,21,2.47543498538193,GMM,AIC,8,0,5,0.18505530805787457,0.20082417594473628,8.0,0.0
ms_garch,3,0.99,5.0,5000,14,99.99999999999991,21,2.47543498538193,GMM,ICL,2,0,-1,0.18505530805787457,0.18809599163526045,1.0,1.0
ms_garch,3,0.99,5.0,5000,14,99.99999999999991,21,2.47543498538193,GMM,BIC_Neff,8,0,5,0.18505530805787457,0.20082417594473628,8.0,0.0
ms_garch,3,0.99,5.0,5000,14,99.99999999999991,21,2.47543498538193,HMM,BIC,12,0,9,0.2758852045913576,0.14359623849051636,12.0,0.0
ms_garch,3,0.99,5.0,5000,14,99.99999999999991,21,2.47543498538193,HMM,AIC,12,0,9,0.2758852045913576,0.14359623849051636,12.0,0.0
ms_garch,3,0.99,5.0,5000,14,99.99999999999991,21,2.47543498538193,HMM,ICL,9,0,6,0.2758852045913576,0.1807020036055258,9.0,0.0
ms_garch,3,0.99,5.0,5000,15,99.99999999999991,21,3.0452170393083247,K-Means,Silhouette,2,0,-1,0.1940670432789826,0.14483570670141058,,
ms_garch,3,0.99,5.0,5000,15,99.99999999999991,21,3.0452170393083247,K-Means,Davies-Bouldin,8,0,5,0.1940670432789826,0.2227317262037078,,
ms_garch,3,0.99,5.0,5000,15,99.99999999999991,21,3.0452170393083247,K-Means,Calinski-Harabasz,12,0,9,0.1940670432789826,0.14357639452308246,,
ms_garch,3,0.99,5.0,5000,15,99.99999999999991,21,3.0452170393083247,GMM,BIC,9,0,6,0.22517810681672243,0.19431805938611957,9.0,0.0
ms_garch,3,0.99,5.0,5000,15,99.99999999999991,21,3.0452170393083247,GMM,AIC,9,0,6,0.22517810681672243,0.19431805938611957,9.0,0.0
ms_garch,3,0.99,5.0,5000,15,99.99999999999991,21,3.0452170393083247,GMM,ICL,4,0,1,0.22517810681672243,0.2524976988509962,1.0,1.0
ms_garch,3,0.99,5.0,5000,15,99.99999999999991,21,3.0452170393083247,GMM,BIC_Neff,9,0,6,0.22517810681672243,0.19431805938611957,9.0,0.0
ms_garch,3,0.99,5.0,5000,15,99.99999999999991,21,3.0452170393083247,HMM,BIC,10,0,7,0.1958363526042472,0.17996626886176073,10.0,0.0
ms_garch,3,0.99,5.0,5000,15,99.99999999999991,21,3.0452170393083247,HMM,AIC,12,0,9,0.1958363526042472,0.17283150679106846,12.0,0.0
ms_garch,3,0.99,5.0,5000,15,99.99999999999991,21,3.0452170393083247,HMM,ICL,10,0,7,0.1958363526042472,0.17996626886176073,10.0,0.0
ms_garch,3,0.99,5.0,5000,16,99.99999999999991,21,2.9121549264724123,K-Means,Silhouette,2,0,-1,0.19125720765868917,0.1946168173507585,,
ms_garch,3,0.99,5.0,5000,16,99.99999999999991,21,2.9121549264724123,K-Means,Davies-Bouldin,12,0,9,0.19125720765868917,0.1297044847206844,,
ms_garch,3,0.99,5.0,5000,16,99.99999999999991,21,2.9121549264724123,K-Means,Calinski-Harabasz,12,0,9,0.19125720765868917,0.1297044847206844,,
ms_garch,3,0.99,5.0,5000,16,99.99999999999991,21,2.9121549264724123,GMM,BIC,7,0,4,0.20453933910256605,0.17457269752485835,7.0,0.0
ms_garch,3,0.99,5.0,5000,16,99.99999999999991,21,2.9121549264724123,GMM,AIC,12,0,9,0.20453933910256605,0.10788753583592944,12.0,0.0
ms_garch,3,0.99,5.0,5000,16,99.99999999999991,21,2.9121549264724123,GMM,ICL,2,0,-1,0.20453933910256605,0.20289992412844546,1.0,1.0
ms_garch,3,0.99,5.0,5000,16,99.99999999999991,21,2.9121549264724123,GMM,BIC_Neff,12,0,9,0.20453933910256605,0.10788753583592944,12.0,0.0
ms_garch,3,0.99,5.0,5000,16,99.99999999999991,21,2.9121549264724123,HMM,BIC,11,0,8,0.3007354337993209,0.1032865518970755,11.0,0.0
ms_garch,3,0.99,5.0,5000,16,99.99999999999991,21,2.9121549264724123,HMM,AIC,11,0,8,0.3007354337993209,0.1032865518970755,11.0,0.0
ms_garch,3,0.99,5.0,5000,16,99.99999999999991,21,2.9121549264724123,HMM,ICL,6,0,3,0.3007354337993209,0.18070638878730894,6.0,0.0
ms_garch,3,0.99,5.0,5000,17,99.99999999999991,21,3.432703422155353,K-Means,Silhouette,2,0,-1,0.1775357240328399,0.17220998360347703,,
ms_garch,3,0.99,5.0,5000,17,99.99999999999991,21,3.432703422155353,K-Means,Davies-Bouldin,11,0,8,0.1775357240328399,0.17287742760639602,,
ms_garch,3,0.99,5.0,5000,17,99.99999999999991,21,3.432703422155353,K-Means,Calinski-Harabasz,12,0,9,0.1775357240328399,0.16119760849458054,,
ms_garch,3,0.99,5.0,5000,17,99.99999999999991,21,3.432703422155353,GMM,BIC,6,0,3,0.1734801860064186,0.20497332697153428,6.0,0.0
ms_garch,3,0.99,5.0,5000,17,99.99999999999991,21,3.432703422155353,GMM,AIC,10,0,7,0.1734801860064186,0.1822137802218088,10.0,0.0
ms_garch,3,0.99,5.0,5000,17,99.99999999999991,21,3.432703422155353,GMM,ICL,11,0,8,0.1734801860064186,0.1799768750033266,1.0,1.0
ms_garch,3,0.99,5.0,5000,17,99.99999999999991,21,3.432703422155353,GMM,BIC_Neff,9,0,6,0.1734801860064186,0.1822806798116823,9.0,0.0
ms_garch,3,0.99,5.0,5000,17,99.99999999999991,21,3.432703422155353,HMM,BIC,10,0,7,0.23617949887239154,0.16072644288855054,10.0,0.0
ms_garch,3,0.99,5.0,5000,17,99.99999999999991,21,3.432703422155353,HMM,AIC,10,0,7,0.23617949887239154,0.16072644288855054,10.0,0.0
ms_garch,3,0.99,5.0,5000,17,99.99999999999991,21,3.432703422155353,HMM,ICL,10,0,7,0.23617949887239154,0.16072644288855054,10.0,0.0
ms_garch,3,0.99,5.0,5000,18,99.99999999999991,21,5.586727552160287,K-Means,Silhouette,2,0,-1,0.08295657657036241,-0.012767340997207461,,
ms_garch,3,0.99,5.0,5000,18,99.99999999999991,21,5.586727552160287,K-Means,Davies-Bouldin,2,0,-1,0.08295657657036241,-0.012767340997207461,,
ms_garch,3,0.99,5.0,5000,18,99.99999999999991,21,5.586727552160287,K-Means,Calinski-Harabasz,12,0,9,0.08295657657036241,0.20275965269411106,,
ms_garch,3,0.99,5.0,5000,18,99.99999999999991,21,5.586727552160287,GMM,BIC,8,0,5,0.3402169427617248,0.2216754939061022,8.0,0.0
ms_garch,3,0.99,5.0,5000,18,99.99999999999991,21,5.586727552160287,GMM,AIC,9,0,6,0.3402169427617248,0.22028593142802685,9.0,0.0
ms_garch,3,0.99,5.0,5000,18,99.99999999999991,21,5.586727552160287,GMM,ICL,2,0,-1,0.3402169427617248,-0.0175301030054897,2.0,0.0
ms_garch,3,0.99,5.0,5000,18,99.99999999999991,21,5.586727552160287,GMM,BIC_Neff,8,0,5,0.3402169427617248,0.2216754939061022,8.0,0.0
ms_garch,3,0.99,5.0,5000,18,99.99999999999991,21,5.586727552160287,HMM,BIC,11,0,8,0.32323851973388734,0.19047975061891614,11.0,0.0
ms_garch,3,0.99,5.0,5000,18,99.99999999999991,21,5.586727552160287,HMM,AIC,11,0,8,0.32323851973388734,0.19047975061891614,11.0,0.0
ms_garch,3,0.99,5.0,5000,18,99.99999999999991,21,5.586727552160287,HMM,ICL,11,0,8,0.32323851973388734,0.19047975061891614,11.0,0.0
ms_garch,3,0.99,5.0,5000,19,99.99999999999991,21,2.0432813617701564,K-Means,Silhouette,2,0,-1,0.1388119494367174,0.1495340600650581,,
ms_garch,3,0.99,5.0,5000,19,99.99999999999991,21,2.0432813617701564,K-Means,Davies-Bouldin,8,0,5,0.1388119494367174,0.10058808562697011,,
ms_garch,3,0.99,5.0,5000,19,99.99999999999991,21,2.0432813617701564,K-Means,Calinski-Harabasz,12,0,9,0.1388119494367174,0.07297746132903059,,
ms_garch,3,0.99,5.0,5000,19,99.99999999999991,21,2.0432813617701564,GMM,BIC,8,0,5,0.14278731010683707,0.09628325209848837,8.0,0.0
ms_garch,3,0.99,5.0,5000,19,99.99999999999991,21,2.0432813617701564,GMM,AIC,11,0,8,0.14278731010683707,0.08306000724466542,11.0,0.0
ms_garch,3,0.99,5.0,5000,19,99.99999999999991,21,2.0432813617701564,GMM,ICL,4,0,1,0.14278731010683707,0.13289886696897502,1.0,1.0
ms_garch,3,0.99,5.0,5000,19,99.99999999999991,21,2.0432813617701564,GMM,BIC_Neff,8,0,5,0.14278731010683707,0.09628325209848837,8.0,0.0
ms_garch,3,0.99,5.0,5000,19,99.99999999999991,21,2.0432813617701564,HMM,BIC,12,0,9,0.15668017883594632,0.07354553743910294,12.0,0.0
ms_garch,3,0.99,5.0,5000,19,99.99999999999991,21,2.0432813617701564,HMM,AIC,12,0,9,0.15668017883594632,0.07354553743910294,12.0,0.0
ms_garch,3,0.99,5.0,5000,19,99.99999999999991,21,2.0432813617701564,HMM,ICL,12,0,9,0.15668017883594632,0.07354553743910294,12.0,0.0
ms_garch,4,0.9,5.0,5000,0,10.000000000000002,21,1.8463326922971457,K-Means,Silhouette,2,0,-2,0.011382299553856185,0.008388763502213712,,
ms_garch,4,0.9,5.0,5000,0,10.000000000000002,21,1.8463326922971457,K-Means,Davies-Bouldin,12,0,8,0.011382299553856185,0.007001475237299107,,
ms_garch,4,0.9,5.0,5000,0,10.000000000000002,21,1.8463326922971457,K-Means,Calinski-Harabasz,12,0,8,0.011382299553856185,0.007001475237299107,,
ms_garch,4,0.9,5.0,5000,0,10.000000000000002,21,1.8463326922971457,GMM,BIC,4,1,0,0.011612051756651507,0.011612051756651507,4.0,0.0
ms_garch,4,0.9,5.0,5000,0,10.000000000000002,21,1.8463326922971457,GMM,AIC,9,0,5,0.011612051756651507,0.008744228704568877,9.0,0.0
ms_garch,4,0.9,5.0,5000,0,10.000000000000002,21,1.8463326922971457,GMM,ICL,2,0,-2,0.011612051756651507,0.008407891101332452,1.0,1.0
ms_garch,4,0.9,5.0,5000,0,10.000000000000002,21,1.8463326922971457,GMM,BIC_Neff,4,1,0,0.011612051756651507,0.011612051756651507,4.0,0.0
ms_garch,4,0.9,5.0,5000,0,10.000000000000002,21,1.8463326922971457,HMM,BIC,12,0,8,0.007881853250773172,0.011213830751085958,12.0,0.0
ms_garch,4,0.9,5.0,5000,0,10.000000000000002,21,1.8463326922971457,HMM,AIC,12,0,8,0.007881853250773172,0.011213830751085958,12.0,0.0
ms_garch,4,0.9,5.0,5000,0,10.000000000000002,21,1.8463326922971457,HMM,ICL,12,0,8,0.007881853250773172,0.011213830751085958,12.0,0.0
ms_garch,4,0.9,5.0,5000,1,10.000000000000002,21,1.809870973199376,K-Means,Silhouette,2,0,-2,0.012296229224236177,0.007988997544974036,,
ms_garch,4,0.9,5.0,5000,1,10.000000000000002,21,1.809870973199376,K-Means,Davies-Bouldin,11,0,7,0.012296229224236177,0.008887673656842175,,
ms_garch,4,0.9,5.0,5000,1,10.000000000000002,21,1.809870973199376,K-Means,Calinski-Harabasz,12,0,8,0.012296229224236177,0.008592204066040394,,
ms_garch,4,0.9,5.0,5000,1,10.000000000000002,21,1.809870973199376,GMM,BIC,7,0,3,0.013195442101148777,0.010518520377892788,7.0,0.0
ms_garch,4,0.9,5.0,5000,1,10.000000000000002,21,1.809870973199376,GMM,AIC,12,0,8,0.013195442101148777,0.008230272221493017,12.0,0.0
ms_garch,4,0.9,5.0,5000,1,10.000000000000002,21,1.809870973199376,GMM,ICL,2,0,-2,0.013195442101148777,0.006793568131220697,1.0,1.0
ms_garch,4,0.9,5.0,5000,1,10.000000000000002,21,1.809870973199376,GMM,BIC_Neff,11,0,7,0.013195442101148777,0.008446933261081138,11.0,0.0
ms_garch,4,0.9,5.0,5000,1,10.000000000000002,21,1.809870973199376,HMM,BIC,12,0,8,0.009059380957136987,0.006322067849567889,12.0,0.0
ms_garch,4,0.9,5.0,5000,1,10.000000000000002,21,1.809870973199376,HMM,AIC,12,0,8,0.009059380957136987,0.006322067849567889,12.0,0.0
ms_garch,4,0.9,5.0,5000,1,10.000000000000002,21,1.809870973199376,HMM,ICL,11,0,7,0.009059380957136987,0.011171326500148612,11.0,0.0
ms_garch,4,0.9,5.0,5000,2,10.000000000000002,21,1.515857563246874,K-Means,Silhouette,2,0,-2,0.0039690289280537375,-0.0007460497769911012,,
ms_garch,4,0.9,5.0,5000,2,10.000000000000002,21,1.515857563246874,K-Means,Davies-Bouldin,4,1,0,0.0039690289280537375,0.0039690289280537375,,
ms_garch,4,0.9,5.0,5000,2,10.000000000000002,21,1.515857563246874,K-Means,Calinski-Harabasz,12,0,8,0.0039690289280537375,0.004335970888899592,,
ms_garch,4,0.9,5.0,5000,2,10.000000000000002,21,1.515857563246874,GMM,BIC,4,1,0,0.0036094401656268037,0.0036094401656268037,4.0,0.0
ms_garch,4,0.9,5.0,5000,2,10.000000000000002,21,1.515857563246874,GMM,AIC,11,0,7,0.0036094401656268037,0.004006645050491835,11.0,0.0
ms_garch,4,0.9,5.0,5000,2,10.000000000000002,21,1.515857563246874,GMM,ICL,2,0,-2,0.0036094401656268037,0.0006544157106161323,1.0,1.0
ms_garch,4,0.9,5.0,5000,2,10.000000000000002,21,1.515857563246874,GMM,BIC_Neff,6,0,2,0.0036094401656268037,0.005009633730510048,6.0,0.0
ms_garch,4,0.9,5.0,5000,2,10.000000000000002,21,1.515857563246874,HMM,BIC,10,0,6,0.0059408899184078675,0.004535321361849933,10.0,0.0
ms_garch,4,0.9,5.0,5000,2,10.000000000000002,21,1.515857563246874,HMM,AIC,10,0,6,0.0059408899184078675,0.004535321361849933,10.0,0.0
ms_garch,4,0.9,5.0,5000,2,10.000000000000002,21,1.515857563246874,HMM,ICL,10,0,6,0.0059408899184078675,0.004535321361849933,10.0,0.0
ms_garch,4,0.9,5.0,5000,3,10.000000000000002,21,1.4444476718767134,K-Means,Silhouette,2,0,-2,0.006497958517341978,0.008248404442999055,,
ms_garch,4,0.9,5.0,5000,3,10.000000000000002,21,1.4444476718767134,K-Means,Davies-Bouldin,6,0,2,0.006497958517341978,0.0062293014151351385,,
ms_garch,4,0.9,5.0,5000,3,10.000000000000002,21,1.4444476718767134,K-Means,Calinski-Harabasz,12,0,8,0.006497958517341978,0.0043985912944005555,,
ms_garch,4,0.9,5.0,5000,3,10.000000000000002,21,1.4444476718767134,GMM,BIC,6,0,2,0.006494245336922016,0.006458406018353706,6.0,0.0
ms_garch,4,0.9,5.0,5000,3,10.000000000000002,21,1.4444476718767134,GMM,AIC,12,0,8,0.006494245336922016,0.005274761051703178,12.0,0.0
ms_garch,4,0.9,5.0,5000,3,10.000000000000002,21,1.4444476718767134,GMM,ICL,3,0,-1,0.006494245336922016,0.007688001415663266,1.0,1.0
ms_garch,4,0.9,5.0,5000,3,10.000000000000002,21,1.4444476718767134,GMM,BIC_Neff,6,0,2,0.006494245336922016,0.006458406018353706,6.0,0.0
ms_garch,4,0.9,5.0,5000,3,10.000000000000002,21,1.4444476718767134,HMM,BIC,11,0,7,0.011699015823507394,0.006747899927503989,11.0,0.0
ms_garch,4,0.9,5.0,5000,3,10.000000000000002,21,1.4444476718767134,HMM,AIC,11,0,7,0.011699015823507394,0.006747899927503989,11.0,0.0
ms_garch,4,0.9,5.0,5000,3,10.000000000000002,21,1.4444476718767134,HMM,ICL,8,0,4,0.011699015823507394,0.0070729143433492896,8.0,0.0
ms_garch,4,0.9,5.0,5000,4,10.000000000000002,21,1.670450319973841,K-Means,Silhouette,2,0,-2,0.013051558300383395,0.0075035860356203925,,
ms_garch,4,0.9,5.0,5000,4,10.000000000000002,21,1.670450319973841,K-Means,Davies-Bouldin,3,0,-1,0.013051558300383395,0.009627785768068567,,
ms_garch,4,0.9,5.0,5000,4,10.000000000000002,21,1.670450319973841,K-Means,Calinski-Harabasz,12,0,8,0.013051558300383395,0.007533074188521546,,
ms_garch,4,0.9,5.0,5000,4,10.000000000000002,21,1.670450319973841,GMM,BIC,3,0,-1,0.013073506044261628,0.01031088437358787,3.0,0.0
ms_garch,4,0.9,5.0,5000,4,10.000000000000002,21,1.670450319973841,GMM,AIC,12,0,8,0.013073506044261628,0.00905584163919643,12.0,0.0
ms_garch,4,0.9,5.0,5000,4,10.000000000000002,21,1.670450319973841,GMM,ICL,3,0,-1,0.013073506044261628,0.01031088437358787,1.0,1.0
ms_garch,4,0.9,5.0,5000,4,10.000000000000002,21,1.670450319973841,GMM,BIC_Neff,3,0,-1,0.013073506044261628,0.01031088437358787,3.0,0.0
ms_garch,4,0.9,5.0,5000,4,10.000000000000002,21,1.670450319973841,HMM,BIC,10,0,6,0.012879473278478751,0.01183250497945768,10.0,0.0
ms_garch,4,0.9,5.0,5000,4,10.000000000000002,21,1.670450319973841,HMM,AIC,10,0,6,0.012879473278478751,0.01183250497945768,10.0,0.0
ms_garch,4,0.9,5.0,5000,4,10.000000000000002,21,1.670450319973841,HMM,ICL,7,0,3,0.012879473278478751,0.013243362649332463,7.0,0.0
ms_garch,4,0.9,5.0,5000,5,10.000000000000002,21,1.7396980282683363,K-Means,Silhouette,2,0,-2,0.02095010446862657,0.0049302016835438695,,
ms_garch,4,0.9,5.0,5000,5,10.000000000000002,21,1.7396980282683363,K-Means,Davies-Bouldin,12,0,8,0.02095010446862657,0.011566514427533982,,
ms_garch,4,0.9,5.0,5000,5,10.000000000000002,21,1.7396980282683363,K-Means,Calinski-Harabasz,12,0,8,0.02095010446862657,0.011566514427533982,,
ms_garch,4,0.9,5.0,5000,5,10.000000000000002,21,1.7396980282683363,GMM,BIC,6,0,2,0.02049290536465422,0.016575398656006223,6.0,0.0
ms_garch,4,0.9,5.0,5000,5,10.000000000000002,21,1.7396980282683363,GMM,AIC,12,0,8,0.02049290536465422,0.011972984382761835,12.0,0.0
ms_garch,4,0.9,5.0,5000,5,10.000000000000002,21,1.7396980282683363,GMM,ICL,2,0,-2,0.02049290536465422,0.003839565495157628,2.0,0.0
ms_garch,4,0.9,5.0,5000,5,10.000000000000002,21,1.7396980282683363,GMM,BIC_Neff,6,0,2,0.02049290536465422,0.016575398656006223,6.0,0.0
ms_garch,4,0.9,5.0,5000,5,10.000000000000002,21,1.7396980282683363,HMM,BIC,12,0,8,0.017769396260246456,0.012113797535808036,12.0,0.0
ms_garch,4,0.9,5.0,5000,5,10.000000000000002,21,1.7396980282683363,HMM,AIC,12,0,8,0.017769396260246456,0.012113797535808036,12.0,0.0
ms_garch,4,0.9,5.0,5000,5,10.000000000000002,21,1.7396980282683363,HMM,ICL,12,0,8,0.017769396260246456,0.012113797535808036,12.0,0.0
ms_garch,4,0.9,5.0,5000,6,10.000000000000002,21,2.315318192626533,K-Means,Silhouette,2,0,-2,0.020016283179524016,0.016453092818318305,,
ms_garch,4,0.9,5.0,5000,6,10.000000000000002,21,2.315318192626533,K-Means,Davies-Bouldin,11,0,7,0.020016283179524016,0.013142659140200307,,
ms_garch,4,0.9,5.0,5000,6,10.000000000000002,21,2.315318192626533,K-Means,Calinski-Harabasz,12,0,8,0.020016283179524016,0.013619574833743249,,
ms_garch,4,0.9,5.0,5000,6,10.000000000000002,21,2.315318192626533,GMM,BIC,5,0,1,0.02108417027112973,0.01869684461579944,5.0,0.0
ms_garch,4,0.9,5.0,5000,6,10.000000000000002,21,2.315318192626533,GMM,AIC,10,0,6,0.02108417027112973,0.013368399591997468,10.0,0.0
ms_garch,4,0.9,5.0,5000,6,10.000000000000002,21,2.315318192626533,GMM,ICL,3,0,-1,0.02108417027112973,0.018126552919816907,3.0,0.0
ms_garch,4,0.9,5.0,5000,6,10.000000000000002,21,2.315318192626533,GMM,BIC_Neff,7,0,3,0.02108417027112973,0.01787000663874859,7.0,0.0
ms_garch,4,0.9,5.0,5000,6,10.000000000000002,21,2.315318192626533,HMM,BIC,12,0,8,0.023561601751242386,0.01167343276860249,12.0,0.0
ms_garch,4,0.9,5.0,5000,6,10.000000000000002,21,2.315318192626533,HMM,AIC,12,0,8,0.023561601751242386,0.01167343276860249,12.0,0.0
ms_garch,4,0.9,5.0,5000,6,10.000000000000002,21,2.315318192626533,HMM,ICL,8,0,4,0.023561601751242386,0.015139210788761084,8.0,0.0
ms_garch,4,0.9,5.0,5000,7,10.000000000000002,21,1.486798609541878,K-Means,Silhouette,2,0,-2,0.005175675465972411,0.0010489967059654451,,
ms_garch,4,0.9,5.0,5000,7,10.000000000000002,21,1.486798609541878,K-Means,Davies-Bouldin,11,0,7,0.005175675465972411,0.008143304813186286,,
ms_garch,4,0.9,5.0,5000,7,10.000000000000002,21,1.486798609541878,K-Means,Calinski-Harabasz,12,0,8,0.005175675465972411,0.007948145648659036,,
ms_garch,4,0.9,5.0,5000,7,10.000000000000002,21,1.486798609541878,GMM,BIC,6,0,2,0.004325895975716319,0.007129233356611045,6.0,0.0
ms_garch,4,0.9,5.0,5000,7,10.000000000000002,21,1.486798609541878,GMM,AIC,11,0,7,0.004325895975716319,0.008254967224399489,11.0,0.0
ms_garch,4,0.9,5.0,5000,7,10.000000000000002,21,1.486798609541878,GMM,ICL,2,0,-2,0.004325895975716319,-0.0010215430905252327,1.0,1.0
ms_garch,4,0.9,5.0,5000,7,10.000000000000002,21,1.486798609541878,GMM,BIC_Neff,6,0,2,0.004325895975716319,0.007129233356611045,6.0,0.0
ms_garch,4,0.9,5.0,5000,7,10.000000000000002,21,1.486798609541878,HMM,BIC,11,0,7,0.01112894851065537,0.008307131428186437,11.0,0.0
ms_garch,4,0.9,5.0,5000,7,10.000000000000002,21,1.486798609541878,HMM,AIC,11,0,7,0.01112894851065537,0.008307131428186437,11.0,0.0
ms_garch,4,0.9,5.0,5000,7,10.000000000000002,21,1.486798609541878,HMM,ICL,11,0,7,0.01112894851065537,0.008307131428186437,11.0,0.0
ms_garch,4,0.9,5.0,5000,8,10.000000000000002,21,1.467774747048792,K-Means,Silhouette,2,0,-2,0.014783698432891788,0.006279294205492524,,
ms_garch,4,0.9,5.0,5000,8,10.000000000000002,21,1.467774747048792,K-Means,Davies-Bouldin,11,0,7,0.014783698432891788,0.009081667039913201,,
ms_garch,4,0.9,5.0,5000,8,10.000000000000002,21,1.467774747048792,K-Means,Calinski-Harabasz,12,0,8,0.014783698432891788,0.009055064921119906,,
ms_garch,4,0.9,5.0,5000,8,10.000000000000002,21,1.467774747048792,GMM,BIC,4,1,0,0.013731259450690012,0.013731259450690012,4.0,0.0
ms_garch,4,0.9,5.0,5000,8,10.000000000000002,21,1.467774747048792,GMM,AIC,6,0,2,0.013731259450690012,0.012466089039937348,6.0,0.0
ms_garch,4,0.9,5.0,5000,8,10.000000000000002,21,1.467774747048792,GMM,ICL,2,0,-2,0.013731259450690012,0.005318728157837967,1.0,1.0
ms_garch,4,0.9,5.0,5000,8,10.000000000000002,21,1.467774747048792,GMM,BIC_Neff,6,0,2,0.013731259450690012,0.012466089039937348,6.0,0.0
ms_garch,4,0.9,5.0,5000,8,10.000000000000002,21,1.467774747048792,HMM,BIC,12,0,8,0.013404041244071399,0.010935456922500898,12.0,0.0
ms_garch,4,0.9,5.0,5000,8,10.000000000000002,21,1.467774747048792,HMM,AIC,12,0,8,0.013404041244071399,0.010935456922500898,12.0,0.0
ms_garch,4,0.9,5.0,5000,8,10.000000000000002,21,1.467774747048792,HMM,ICL,12,0,8,0.013404041244071399,0.010935456922500898,12.0,0.0
ms_garch,4,0.9,5.0,5000,9,10.000000000000002,21,1.3992868970084995,K-Means,Silhouette,2,0,-2,0.006944427020823354,0.001504949460766773,,
ms_garch,4,0.9,5.0,5000,9,10.000000000000002,21,1.3992868970084995,K-Means,Davies-Bouldin,6,0,2,0.006944427020823354,0.007586663145196538,,
ms_garch,4,0.9,5.0,5000,9,10.000000000000002,21,1.3992868970084995,K-Means,Calinski-Harabasz,12,0,8,0.006944427020823354,0.005705300794146457,,
ms_garch,4,0.9,5.0,5000,9,10.000000000000002,21,1.3992868970084995,GMM,BIC,3,0,-1,0.006822447438754999,0.00345767102212398,3.0,0.0
ms_garch,4,0.9,5.0,5000,9,10.000000000000002,21,1.3992868970084995,GMM,AIC,12,0,8,0.006822447438754999,0.0054496249595561794,12.0,0.0
ms_garch,4,0.9,5.0,5000,9,10.000000000000002,21,1.3992868970084995,GMM,ICL,2,0,-2,0.006822447438754999,0.0006682368179911682,1.0,1.0
ms_garch,4,0.9,5.0,5000,9,10.000000000000002,21,1.3992868970084995,GMM,BIC_Neff,3,0,-1,0.006822447438754999,0.00345767102212398,3.0,0.0
ms_garch,4,0.9,5.0,5000,9,10.000000000000002,21,1.3992868970084995,HMM,BIC,11,0,7,0.0027354200306787244,0.006920816675570559,11.0,0.0
ms_garch,4,0.9,5.0,5000,9,10.000000000000002,21,1.3992868970084995,HMM,AIC,12,0,8,0.0027354200306787244,0.005221699213054902,12.0,0.0
ms_garch,4,0.9,5.0,5000,9,10.000000000000002,21,1.3992868970084995,HMM,ICL,11,0,7,0.0027354200306787244,0.006920816675570559,11.0,0.0
ms_garch,4,0.9,5.0,5000,10,10.000000000000002,21,1.4631487201471027,K-Means,Silhouette,2,0,-2,0.01966151894294813,0.004963544423285418,,
ms_garch,4,0.9,5.0,5000,10,10.000000000000002,21,1.4631487201471027,K-Means,Davies-Bouldin,11,0,7,0.01966151894294813,0.013162994966181186,,
ms_garch,4,0.9,5.0,5000,10,10.000000000000002,21,1.4631487201471027,K-Means,Calinski-Harabasz,12,0,8,0.01966151894294813,0.012372986905353623,,
ms_garch,4,0.9,5.0,5000,10,10.000000000000002,21,1.4631487201471027,GMM,BIC,5,0,1,0.019362825992143708,0.01962908837070823,5.0,0.0
ms_garch,4,0.9,5.0,5000,10,10.000000000000002,21,1.4631487201471027,GMM,AIC,8,0,4,0.019362825992143708,0.013267369285143398,8.0,0.0
ms_garch,4,0.9,5.0,5000,10,10.000000000000002,21,1.4631487201471027,GMM,ICL,3,0,-1,0.019362825992143708,0.014862026183062186,1.0,1.0
ms_garch,4,0.9,5.0,5000,10,10.000000000000002,21,1.4631487201471027,GMM,BIC_Neff,5,0,1,0.019362825992143708,0.01962908837070823,5.0,0.0
ms_garch,4,0.9,5.0,5000,10,10.000000000000002,21,1.4631487201471027,HMM,BIC,10,0,6,0.022161023701093463,0.014620432587080484,10.0,0.0
ms_garch,4,0.9,5.0,5000,10,10.000000000000002,21,1.4631487201471027,HMM,AIC,10,0,6,0.022161023701093463,0.014620432587080484,10.0,0.0
ms_garch,4,0.9,5.0,5000,10,10.000000000000002,21,1.4631487201471027,HMM,ICL,10,0,6,0.022161023701093463,0.014620432587080484,10.0,0.0
ms_garch,4,0.9,5.0,5000,11,10.000000000000002,21,1.6085605553759417,K-Means,Silhouette,2,0,-2,0.010354445410353864,0.0046742428762722625,,
ms_garch,4,0.9,5.0,5000,11,10.000000000000002,21,1.6085605553759417,K-Means,Davies-Bouldin,12,0,8,0.010354445410353864,0.006924231000218009,,
ms_garch,4,0.9,5.0,5000,11,10.000000000000002,21,1.6085605553759417,K-Means,Calinski-Harabasz,12,0,8,0.010354445410353864,0.006924231000218009,,
ms_garch,4,0.9,5.0,5000,11,10.000000000000002,21,1.6085605553759417,GMM,BIC,4,1,0,0.010234161081813842,0.010234161081813842,4.0,0.0
ms_garch,4,0.9,5.0,5000,11,10.000000000000002,21,1.6085605553759417,GMM,AIC,11,0,7,0.010234161081813842,0.007521830600411806,11.0,0.0
ms_garch,4,0.9,5.0,5000,11,10.000000000000002,21,1.6085605553759417,GMM,ICL,2,0,-2,0.010234161081813842,0.002957931231367743,1.0,1.0
ms_garch,4,0.9,5.0,5000,11,10.000000000000002,21,1.6085605553759417,GMM,BIC_Neff,10,0,6,0.010234161081813842,0.007437363680839361,10.0,0.0
ms_garch,4,0.9,5.0,5000,11,10.000000000000002,21,1.6085605553759417,HMM,BIC,11,0,7,0.005704830102211401,0.0073671165978423,11.0,0.0
ms_garch,4,0.9,5.0,5000,11,10.000000000000002,21,1.6085605553759417,HMM,AIC,11,0,7,0.005704830102211401,0.0073671165978423,11.0,0.0
ms_garch,4,0.9,5.0,5000,11,10.000000000000002,21,1.6085605553759417,HMM,ICL,11,0,7,0.005704830102211401,0.0073671165978423,11.0,0.0
ms_garch,4,0.9,5.0,5000,12,10.000000000000002,21,1.5133078389076438,K-Means,Silhouette,2,0,-2,0.004624230328482813,0.001789424134868187,,
ms_garch,4,0.9,5.0,5000,12,10.000000000000002,21,1.5133078389076438,K-Means,Davies-Bouldin,8,0,4,0.004624230328482813,0.004217533880766706,,
ms_garch,4,0.9,5.0,5000,12,10.000000000000002,21,1.5133078389076438,K-Means,Calinski-Harabasz,12,0,8,0.004624230328482813,0.003852543439736738,,
ms_garch,4,0.9,5.0,5000,12,10.000000000000002,21,1.5133078389076438,GMM,BIC,5,0,1,0.004762910420198941,0.005936380902490591,5.0,0.0
ms_garch,4,0.9,5.0,5000,12,10.000000000000002,21,1.5133078389076438,GMM,AIC,7,0,3,0.004762910420198941,0.004485600268115617,7.0,0.0
ms_garch,4,0.9,5.0,5000,12,10.000000000000002,21,1.5133078389076438,GMM,ICL,2,0,-2,0.004762910420198941,0.00039973196598223464,1.0,1.0
ms_garch,4,0.9,5.0,5000,12,10.000000000000002,21,1.5133078389076438,GMM,BIC_Neff,5,0,1,0.004762910420198941,0.005936380902490591,5.0,0.0
ms_garch,4,0.9,5.0,5000,12,10.000000000000002,21,1.5133078389076438,HMM,BIC,9,0,5,0.0070833374331742156,0.00558752104670672,9.0,0.0
ms_garch,4,0.9,5.0,5000,12,10.000000000000002,21,1.5133078389076438,HMM,AIC,12,0,8,0.0070833374331742156,0.004344360150337434,12.0,0.0
ms_garch,4,0.9,5.0,5000,12,10.000000000000002,21,1.5133078389076438,HMM,ICL,9,0,5,0.0070833374331742156,0.00558752104670672,9.0,0.0
ms_garch,4,0.9,5.0,5000,13,10.000000000000002,21,1.509361033976237,K-Means,Silhouette,2,0,-2,0.0033317623709852254,0.00019877117733831746,,
ms_garch,4,0.9,5.0,5000,13,10.000000000000002,21,1.509361033976237,K-Means,Davies-Bouldin,2,0,-2,0.0033317623709852254,0.00019877117733831746,,
ms_garch,4,0.9,5.0,5000,13,10.000000000000002,21,1.509361033976237,K-Means,Calinski-Harabasz,12,0,8,0.0033317623709852254,0.00913205546434313,,
ms_garch,4,0.9,5.0,5000,13,10.000000000000002,21,1.509361033976237,GMM,BIC,6,0,2,0.01108042392806587,0.011297998433394385,6.0,0.0
ms_garch,4,0.9,5.0,5000,13,10.000000000000002,21,1.509361033976237,GMM,AIC,8,0,4,0.01108042392806587,0.011169008329437513,8.0,0.0
ms_garch,4,0.9,5.0,5000,13,10.000000000000002,21,1.509361033976237,GMM,ICL,2,0,-2,0.01108042392806587,9.420814068416563e-05,2.0,0.0
ms_garch,4,0.9,5.0,5000,13,10.000000000000002,21,1.509361033976237,GMM,BIC_Neff,8,0,4,0.01108042392806587,0.011169008329437513,8.0,0.0
ms_garch,4,0.9,5.0,5000,13,10.000000000000002,21,1.509361033976237,HMM,BIC,8,0,4,0.01246986887707888,0.009231434229079296,8.0,0.0
ms_garch,4,0.9,5.0,5000,13,10.000000000000002,21,1.509361033976237,HMM,AIC,12,0,8,0.01246986887707888,0.008015476465530386,12.0,0.0
ms_garch,4,0.9,5.0,5000,13,10.000000000000002,21,1.509361033976237,HMM,ICL,8,0,4,0.01246986887707888,0.009231434229079296,8.0,0.0
ms_garch,4,0.9,5.0,5000,14,10.000000000000002,21,1.4104588636710307,K-Means,Silhouette,2,0,-2,0.008642452172752236,0.0040761140727131745,,
ms_garch,4,0.9,5.0,5000,14,10.000000000000002,21,1.4104588636710307,K-Means,Davies-Bouldin,8,0,4,0.008642452172752236,0.009700258451142222,,
ms_garch,4,0.9,5.0,5000,14,10.000000000000002,21,1.4104588636710307,K-Means,Calinski-Harabasz,12,0,8,0.008642452172752236,0.0076337120134321555,,
ms_garch,4,0.9,5.0,5000,14,10.000000000000002,21,1.4104588636710307,GMM,BIC,4,1,0,0.009162887242752157,0.009162887242752157,4.0,0.0
ms_garch,4,0.9,5.0,5000,14,10.000000000000002,21,1.4104588636710307,GMM,AIC,11,0,7,0.009162887242752157,0.007082977959701535,11.0,0.0
ms_garch,4,0.9,5.0,5000,14,10.000000000000002,21,1.4104588636710307,GMM,ICL,2,0,-2,0.009162887242752157,0.003849076832094796,1.0,1.0
ms_garch,4,0.9,5.0,5000,14,10.000000000000002,21,1.4104588636710307,GMM,BIC_Neff,4,1,0,0.009162887242752157,0.009162887242752157,4.0,0.0
ms_garch,4,0.9,5.0,5000,14,10.000000000000002,21,1.4104588636710307,HMM,BIC,10,0,6,0.011536942711793908,0.009078321965397247,10.0,0.0
ms_garch,4,0.9,5.0,5000,14,10.000000000000002,21,1.4104588636710307,HMM,AIC,12,0,8,0.011536942711793908,0.006530856805841215,12.0,0.0
ms_garch,4,0.9,5.0,5000,14,10.000000000000002,21,1.4104588636710307,HMM,ICL,10,0,6,0.011536942711793908,0.009078321965397247,10.0,0.0
ms_garch,4,0.9,5.0,5000,15,10.000000000000002,21,1.4536441356099399,K-Means,Silhouette,2,0,-2,0.008012568749257421,0.00531484322905206,,
ms_garch,4,0.9,5.0,5000,15,10.000000000000002,21,1.4536441356099399,K-Means,Davies-Bouldin,12,0,8,0.008012568749257421,0.006083173886948416,,
ms_garch,4,0.9,5.0,5000,15,10.000000000000002,21,1.4536441356099399,K-Means,Calinski-Harabasz,12,0,8,0.008012568749257421,0.006083173886948416,,
ms_garch,4,0.9,5.0,5000,15,10.000000000000002,21,1.4536441356099399,GMM,BIC,5,0,1,0.007252531032466195,0.008998835383240212,5.0,0.0
ms_garch,4,0.9,5.0,5000,15,10.000000000000002,21,1.4536441356099399,GMM,AIC,8,0,4,0.007252531032466195,0.008091120440101818,8.0,0.0
ms_garch,4,0.9,5.0,5000,15,10.000000000000002,21,1.4536441356099399,GMM,ICL,2,0,-2,0.007252531032466195,0.003651604298855298,1.0,1.0
ms_garch,4,0.9,5.0,5000,15,10.000000000000002,21,1.4536441356099399,GMM,BIC_Neff,6,0,2,0.007252531032466195,0.007824474115376094,6.0,0.0
ms_garch,4,0.9,5.0,5000,15,10.000000000000002,21,1.4536441356099399,HMM,BIC,12,0,8,0.01068705066614909,0.009244724689963917,12.0,0.0
ms_garch,4,0.9,5.0,5000,15,10.000000000000002,21,1.4536441356099399,HMM,AIC,12,0,8,0.01068705066614909,0.009244724689963917,12.0,0.0
ms_garch,4,0.9,5.0,5000,15,10.000000000000002,21,1.4536441356099399,HMM,ICL,12,0,8,0.01068705066614909,0.009244724689963917,12.0,0.0
ms_garch,4,0.9,5.0,5000,16,10.000000000000002,21,1.516837410210728,K-Means,Silhouette,2,0,-2,0.014091388846138713,0.009787428387534842,,
ms_garch,4,0.9,5.0,5000,16,10.000000000000002,21,1.516837410210728,K-Means,Davies-Bouldin,11,0,7,0.014091388846138713,0.010615741940481023,,
ms_garch,4,0.9,5.0,5000,16,10.000000000000002,21,1.516837410210728,K-Means,Calinski-Harabasz,12,0,8,0.014091388846138713,0.011108933833811086,,
ms_garch,4,0.9,5.0,5000,16,10.000000000000002,21,1.516837410210728,GMM,BIC,5,0,1,0.013978428226894562,0.01409908601037625,5.0,0.0
ms_garch,4,0.9,5.0,5000,16,10.000000000000002,21,1.516837410210728,GMM,AIC,12,0,8,0.013978428226894562,0.010623114273857745,12.0,0.0
ms_garch,4,0.9,5.0,5000,16,10.000000000000002,21,1.516837410210728,GMM,ICL,5,0,1,0.013978428226894562,0.01409908601037625,1.0,1.0
ms_garch,4,0.9,5.0,5000,16,10.000000000000002,21,1.516837410210728,GMM,BIC_Neff,5,0,1,0.013978428226894562,0.01409908601037625,5.0,0.0
ms_garch,4,0.9,5.0,5000,16,10.000000000000002,21,1.516837410210728,HMM,BIC,12,0,8,0.015244865377598378,0.010226348358643108,12.0,0.0
ms_garch,4,0.9,5.0,5000,16,10.000000000000002,21,1.516837410210728,HMM,AIC,12,0,8,0.015244865377598378,0.010226348358643108,12.0,0.0
ms_garch,4,0.9,5.0,5000,16,10.000000000000002,21,1.516837410210728,HMM,ICL,10,0,6,0.015244865377598378,0.011188543998510315,10.0,0.0
ms_garch,4,0.9,5.0,5000,17,10.000000000000002,21,1.6987151243581036,K-Means,Silhouette,2,0,-2,0.010869566261216686,0.009995244458495495,,
ms_garch,4,0.9,5.0,5000,17,10.000000000000002,21,1.6987151243581036,K-Means,Davies-Bouldin,9,0,5,0.010869566261216686,0.008689289227801269,,
ms_garch,4,0.9,5.0,5000,17,10.000000000000002,21,1.6987151243581036,K-Means,Calinski-Harabasz,12,0,8,0.010869566261216686,0.007834131788995396,,
ms_garch,4,0.9,5.0,5000,17,10.000000000000002,21,1.6987151243581036,GMM,BIC,8,0,4,0.01134306628111554,0.0077036961237878995,8.0,0.0
ms_garch,4,0.9,5.0,5000,17,10.000000000000002,21,1.6987151243581036,GMM,AIC,9,0,5,0.01134306628111554,0.0086535817669707,9.0,0.0
ms_garch,4,0.9,5.0,5000,17,10.000000000000002,21,1.6987151243581036,GMM,ICL,7,0,3,0.01134306628111554,0.012738524607028578,1.0,1.0
ms_garch,4,0.9,5.0,5000,17,10.000000000000002,21,1.6987151243581036,GMM,BIC_Neff,9,0,5,0.01134306628111554,0.0086535817669707,9.0,0.0
ms_garch,4,0.9,5.0,5000,17,10.000000000000002,21,1.6987151243581036,HMM,BIC,12,0,8,0.013105116828922703,0.008535976705035912,12.0,0.0
ms_garch,4,0.9,5.0,5000,17,10.000000000000002,21,1.6987151243581036,HMM,AIC,12,0,8,0.013105116828922703,0.008535976705035912,12.0,0.0
ms_garch,4,0.9,5.0,5000,17,10.000000000000002,21,1.6987151243581036,HMM,ICL,12,0,8,0.013105116828922703,0.008535976705035912,12.0,0.0
ms_garch,4,0.9,5.0,5000,18,10.000000000000002,21,1.373137747542169,K-Means,Silhouette,2,0,-2,0.005244171542212979,-0.0003481554036089696,,
ms_garch,4,0.9,5.0,5000,18,10.000000000000002,21,1.373137747542169,K-Means,Davies-Bouldin,12,0,8,0.005244171542212979,0.005150899150886886,,
ms_garch,4,0.9,5.0,5000,18,10.000000000000002,21,1.373137747542169,K-Means,Calinski-Harabasz,12,0,8,0.005244171542212979,0.005150899150886886,,
ms_garch,4,0.9,5.0,5000,18,10.000000000000002,21,1.373137747542169,GMM,BIC,4,1,0,0.003948984061088036,0.003948984061088036,4.0,0.0
ms_garch,4,0.9,5.0,5000,18,10.000000000000002,21,1.373137747542169,GMM,AIC,10,0,6,0.003948984061088036,0.0052843160993848795,10.0,0.0
ms_garch,4,0.9,5.0,5000,18,10.000000000000002,21,1.373137747542169,GMM,ICL,2,0,-2,0.003948984061088036,-0.0007028501898601498,1.0,1.0
ms_garch,4,0.9,5.0,5000,18,10.000000000000002,21,1.373137747542169,GMM,BIC_Neff,4,1,0,0.003948984061088036,0.003948984061088036,4.0,0.0
ms_garch,4,0.9,5.0,5000,18,10.000000000000002,21,1.373137747542169,HMM,BIC,10,0,6,0.006499730738392646,0.00787688659063687,10.0,0.0
ms_garch,4,0.9,5.0,5000,18,10.000000000000002,21,1.373137747542169,HMM,AIC,10,0,6,0.006499730738392646,0.00787688659063687,10.0,0.0
ms_garch,4,0.9,5.0,5000,18,10.000000000000002,21,1.373137747542169,HMM,ICL,10,0,6,0.006499730738392646,0.00787688659063687,10.0,0.0
ms_garch,4,0.9,5.0,5000,19,10.000000000000002,21,1.9063840883937961,K-Means,Silhouette,2,0,-2,0.010852463461757545,-0.0005618445376809909,,
ms_garch,4,0.9,5.0,5000,19,10.000000000000002,21,1.9063840883937961,K-Means,Davies-Bouldin,2,0,-2,0.010852463461757545,-0.0005618445376809909,,
ms_garch,4,0.9,5.0,5000,19,10.000000000000002,21,1.9063840883937961,K-Means,Calinski-Harabasz,12,0,8,0.010852463461757545,0.010414005159171876,,
ms_garch,4,0.9,5.0,5000,19,10.000000000000002,21,1.9063840883937961,GMM,BIC,5,0,1,0.010678472077248945,0.01075786479331946,5.0,0.0
ms_garch,4,0.9,5.0,5000,19,10.000000000000002,21,1.9063840883937961,GMM,AIC,9,0,5,0.010678472077248945,0.009128065541067784,9.0,0.0
ms_garch,4,0.9,5.0,5000,19,10.000000000000002,21,1.9063840883937961,GMM,ICL,2,0,-2,0.010678472077248945,-0.0005850406158953508,2.0,0.0
ms_garch,4,0.9,5.0,5000,19,10.000000000000002,21,1.9063840883937961,GMM,BIC_Neff,8,0,4,0.010678472077248945,0.009103879106648274,8.0,0.0
ms_garch,4,0.9,5.0,5000,19,10.000000000000002,21,1.9063840883937961,HMM,BIC,9,0,5,0.01920909078086283,0.011439474830992478,9.0,0.0
ms_garch,4,0.9,5.0,5000,19,10.000000000000002,21,1.9063840883937961,HMM,AIC,12,0,8,0.01920909078086283,0.011013311065250454,12.0,0.0
ms_garch,4,0.9,5.0,5000,19,10.000000000000002,21,1.9063840883937961,HMM,ICL,9,0,5,0.01920909078086283,0.011439474830992478,9.0,0.0
ms_garch,4,0.95,5.0,5000,0,19.999999999999982,21,1.781850259201994,K-Means,Silhouette,2,0,-2,0.03821496108990055,0.01691163696622995,,
ms_garch,4,0.95,5.0,5000,0,19.999999999999982,21,1.781850259201994,K-Means,Davies-Bouldin,5,0,1,0.03821496108990055,0.03597829058849959,,
ms_garch,4,0.95,5.0,5000,0,19.999999999999982,21,1.781850259201994,K-Means,Calinski-Harabasz,12,0,8,0.03821496108990055,0.024314137889185888,,
ms_garch,4,0.95,5.0,5000,0,19.999999999999982,21,1.781850259201994,GMM,BIC,5,0,1,0.04041403267571889,0.036085736571217414,5.0,0.0
ms_garch,4,0.95,5.0,5000,0,19.999999999999982,21,1.781850259201994,GMM,AIC,12,0,8,0.04041403267571889,0.0244388559943992,12.0,0.0
ms_garch,4,0.95,5.0,5000,0,19.999999999999982,21,1.781850259201994,GMM,ICL,2,0,-2,0.04041403267571889,0.009556690458571935,1.0,1.0
ms_garch,4,0.95,5.0,5000,0,19.999999999999982,21,1.781850259201994,GMM,BIC_Neff,7,0,3,0.04041403267571889,0.03662394303618584,7.0,0.0
ms_garch,4,0.95,5.0,5000,0,19.999999999999982,21,1.781850259201994,HMM,BIC,12,0,8,0.028945028509855444,0.029918450419228963,12.0,0.0
ms_garch,4,0.95,5.0,5000,0,19.999999999999982,21,1.781850259201994,HMM,AIC,12,0,8,0.028945028509855444,0.029918450419228963,12.0,0.0
ms_garch,4,0.95,5.0,5000,0,19.999999999999982,21,1.781850259201994,HMM,ICL,12,0,8,0.028945028509855444,0.029918450419228963,12.0,0.0
ms_garch,4,0.95,5.0,5000,1,19.999999999999982,21,2.116590965844219,K-Means,Silhouette,2,0,-2,0.04495732270140942,0.018646666399512648,,
ms_garch,4,0.95,5.0,5000,1,19.999999999999982,21,2.116590965844219,K-Means,Davies-Bouldin,4,1,0,0.04495732270140942,0.04495732270140942,,
ms_garch,4,0.95,5.0,5000,1,19.999999999999982,21,2.116590965844219,K-Means,Calinski-Harabasz,12,0,8,0.04495732270140942,0.02686592213608772,,
ms_garch,4,0.95,5.0,5000,1,19.999999999999982,21,2.116590965844219,GMM,BIC,9,0,5,0.04521517134814564,0.031178261740396805,9.0,0.0
ms_garch,4,0.95,5.0,5000,1,19.999999999999982,21,2.116590965844219,GMM,AIC,10,0,6,0.04521517134814564,0.02845793053297524,10.0,0.0
ms_garch,4,0.95,5.0,5000,1,19.999999999999982,21,2.116590965844219,GMM,ICL,4,1,0,0.04521517134814564,0.04521517134814564,1.0,1.0
ms_garch,4,0.95,5.0,5000,1,19.999999999999982,21,2.116590965844219,GMM,BIC_Neff,10,0,6,0.04521517134814564,0.02845793053297524,10.0,0.0
ms_garch,4,0.95,5.0,5000,1,19.999999999999982,21,2.116590965844219,HMM,BIC,11,0,7,0.04524053445534025,0.025266146960675716,11.0,0.0
ms_garch,4,0.95,5.0,5000,1,19.999999999999982,21,2.116590965844219,HMM,AIC,11,0,7,0.04524053445534025,0.025266146960675716,11.0,0.0
ms_garch,4,0.95,5.0,5000,1,19.999999999999982,21,2.116590965844219,HMM,ICL,11,0,7,0.04524053445534025,0.025266146960675716,11.0,0.0
ms_garch,4,0.95,5.0,5000,2,19.999999999999982,21,1.8121439581252128,K-Means,Silhouette,2,0,-2,0.03180844283338074,0.012495221556489055,,
ms_garch,4,0.95,5.0,5000,2,19.999999999999982,21,1.8121439581252128,K-Means,Davies-Bouldin,10,0,6,0.03180844283338074,0.03064827846000781,,
ms_garch,4,0.95,5.0,5000,2,19.999999999999982,21,1.8121439581252128,K-Means,Calinski-Harabasz,12,0,8,0.03180844283338074,0.0264989586007919,,
ms_garch,4,0.95,5.0,5000,2,19.999999999999982,21,1.8121439581252128,GMM,BIC,4,1,0,0.03096026574755904,0.03096026574755904,4.0,0.0
ms_garch,4,0.95,5.0,5000,2,19.999999999999982,21,1.8121439581252128,GMM,AIC,10,0,6,0.03096026574755904,0.030722492346359945,10.0,0.0
ms_garch,4,0.95,5.0,5000,2,19.999999999999982,21,1.8121439581252128,GMM,ICL,3,0,-1,0.03096026574755904,0.03129563694911764,1.0,1.0
ms_garch,4,0.95,5.0,5000,2,19.999999999999982,21,1.8121439581252128,GMM,BIC_Neff,8,0,4,0.03096026574755904,0.035440446896585535,8.0,0.0
ms_garch,4,0.95,5.0,5000,2,19.999999999999982,21,1.8121439581252128,HMM,BIC,10,0,6,0.03799032147018277,0.027357456088467163,10.0,0.0
ms_garch,4,0.95,5.0,5000,2,19.999999999999982,21,1.8121439581252128,HMM,AIC,10,0,6,0.03799032147018277,0.027357456088467163,10.0,0.0
ms_garch,4,0.95,5.0,5000,2,19.999999999999982,21,1.8121439581252128,HMM,ICL,10,0,6,0.03799032147018277,0.027357456088467163,10.0,0.0
ms_garch,4,0.95,5.0,5000,3,19.999999999999982,21,2.0031991891889,K-Means,Silhouette,2,0,-2,0.036480626966368675,0.020026441320371006,,
ms_garch,4,0.95,5.0,5000,3,19.999999999999982,21,2.0031991891889,K-Means,Davies-Bouldin,8,0,4,0.036480626966368675,0.034206789825058904,,
ms_garch,4,0.95,5.0,5000,3,19.999999999999982,21,2.0031991891889,K-Means,Calinski-Harabasz,12,0,8,0.036480626966368675,0.02915323180304539,,
ms_garch,4,0.95,5.0,5000,3,19.999999999999982,21,2.0031991891889,GMM,BIC,6,0,2,0.03902088423798422,0.03724726128669192,6.0,0.0
ms_garch,4,0.95,5.0,5000,3,19.999999999999982,21,2.0031991891889,GMM,AIC,10,0,6,0.03902088423798422,0.03256975176595204,10.0,0.0
ms_garch,4,0.95,5.0,5000,3,19.999999999999982,21,2.0031991891889,GMM,ICL,2,0,-2,0.03902088423798422,0.011717686624461932,1.0,1.0
ms_garch,4,0.95,5.0,5000,3,19.999999999999982,21,2.0031991891889,GMM,BIC_Neff,9,0,5,0.03902088423798422,0.03252542752119593,9.0,0.0
ms_garch,4,0.95,5.0,5000,3,19.999999999999982,21,2.0031991891889,HMM,BIC,9,0,5,0.042658375356109786,0.033394462325171764,9.0,0.0
ms_garch,4,0.95,5.0,5000,3,19.999999999999982,21,2.0031991891889,HMM,AIC,9,0,5,0.042658375356109786,0.033394462325171764,9.0,0.0
ms_garch,4,0.95,5.0,5000,3,19.999999999999982,21,2.0031991891889,HMM,ICL,9,0,5,0.042658375356109786,0.033394462325171764,9.0,0.0
ms_garch,4,0.95,5.0,5000,4,19.999999999999982,21,2.270372847546742,K-Means,Silhouette,2,0,-2,0.05715087550471498,0.030878159000834043,,
ms_garch,4,0.95,5.0,5000,4,19.999999999999982,21,2.270372847546742,K-Means,Davies-Bouldin,12,0,8,0.05715087550471498,0.03812548483323639,,
ms_garch,4,0.95,5.0,5000,4,19.999999999999982,21,2.270372847546742,K-Means,Calinski-Harabasz,12,0,8,0.05715087550471498,0.03812548483323639,,
ms_garch,4,0.95,5.0,5000,4,19.999999999999982,21,2.270372847546742,GMM,BIC,6,0,2,0.06947656072657328,0.05519372068140713,6.0,0.0
ms_garch,4,0.95,5.0,5000,4,19.999999999999982,21,2.270372847546742,GMM,AIC,12,0,8,0.06947656072657328,0.036875305967722614,12.0,0.0
ms_garch,4,0.95,5.0,5000,4,19.999999999999982,21,2.270372847546742,GMM,ICL,3,0,-1,0.06947656072657328,0.04436403413343075,1.0,1.0
ms_garch,4,0.95,5.0,5000,4,19.999999999999982,21,2.270372847546742,GMM,BIC_Neff,7,0,3,0.06947656072657328,0.0542884398189843,7.0,0.0
ms_garch,4,0.95,5.0,5000,4,19.999999999999982,21,2.270372847546742,HMM,BIC,9,0,5,0.06555373021869962,0.03969979964716398,9.0,0.0
ms_garch,4,0.95,5.0,5000,4,19.999999999999982,21,2.270372847546742,HMM,AIC,9,0,5,0.06555373021869962,0.03969979964716398,9.0,0.0
ms_garch,4,0.95,5.0,5000,4,19.999999999999982,21,2.270372847546742,HMM,ICL,9,0,5,0.06555373021869962,0.03969979964716398,9.0,0.0
ms_garch,4,0.95,5.0,5000,5,19.999999999999982,21,1.705706857441837,K-Means,Silhouette,2,0,-2,0.04773952742765508,0.020102649932967103,,
ms_garch,4,0.95,5.0,5000,5,19.999999999999982,21,1.705706857441837,K-Means,Davies-Bouldin,7,0,3,0.04773952742765508,0.043410884507056983,,
ms_garch,4,0.95,5.0,5000,5,19.999999999999982,21,1.705706857441837,K-Means,Calinski-Harabasz,12,0,8,0.04773952742765508,0.030016650034843374,,
ms_garch,4,0.95,5.0,5000,5,19.999999999999982,21,1.705706857441837,GMM,BIC,5,0,1,0.049396183866033595,0.05082327946346845,5.0,0.0
ms_garch,4,0.95,5.0,5000,5,19.999999999999982,21,1.705706857441837,GMM,AIC,12,0,8,0.049396183866033595,0.03035760537667317,12.0,0.0
ms_garch,4,0.95,5.0,5000,5,19.999999999999982,21,1.705706857441837,GMM,ICL,2,0,-2,0.049396183866033595,0.026686050682651136,1.0,1.0
ms_garch,4,0.95,5.0,5000,5,19.999999999999982,21,1.705706857441837,GMM,BIC_Neff,5,0,1,0.049396183866033595,0.05082327946346845,5.0,0.0
ms_garch,4,0.95,5.0,5000,5,19.999999999999982,21,1.705706857441837,HMM,BIC,12,0,8,0.03822163514539582,0.035253660854233794,12.0,0.0
ms_garch,4,0.95,5.0,5000,5,19.999999999999982,21,1.705706857441837,HMM,AIC,12,0,8,0.03822163514539582,0.035253660854233794,12.0,0.0
ms_garch,4,0.95,5.0,5000,5,19.999999999999982,21,1.705706857441837,HMM,ICL,12,0,8,0.03822163514539582,0.035253660854233794,12.0,0.0
ms_garch,4,0.95,5.0,5000,6,19.999999999999982,21,1.9146104717574957,K-Means,Silhouette,2,0,-2,0.044520163019027156,0.019304561252075785,,
ms_garch,4,0.95,5.0,5000,6,19.999999999999982,21,1.9146104717574957,K-Means,Davies-Bouldin,8,0,4,0.044520163019027156,0.055347233776066034,,
ms_garch,4,0.95,5.0,5000,6,19.999999999999982,21,1.9146104717574957,K-Means,Calinski-Harabasz,12,0,8,0.044520163019027156,0.03739461507761732,,
ms_garch,4,0.95,5.0,5000,6,19.999999999999982,21,1.9146104717574957,GMM,BIC,9,0,5,0.04433107489440769,0.038878362612870046,9.0,0.0
ms_garch,4,0.95,5.0,5000,6,19.999999999999982,21,1.9146104717574957,GMM,AIC,11,0,7,0.04433107489440769,0.03666082649989751,11.0,0.0
ms_garch,4,0.95,5.0,5000,6,19.999999999999982,21,1.9146104717574957,GMM,ICL,7,0,3,0.04433107489440769,0.05513836366689903,7.0,0.0
ms_garch,4,0.95,5.0,5000,6,19.999999999999982,21,1.9146104717574957,GMM,BIC_Neff,9,0,5,0.04433107489440769,0.038878362612870046,9.0,0.0
ms_garch,4,0.95,5.0,5000,6,19.999999999999982,21,1.9146104717574957,HMM,BIC,12,0,8,0.05810281827134924,0.03693355088159149,12.0,0.0
ms_garch,4,0.95,5.0,5000,6,19.999999999999982,21,1.9146104717574957,HMM,AIC,12,0,8,0.05810281827134924,0.03693355088159149,12.0,0.0
ms_garch,4,0.95,5.0,5000,6,19.999999999999982,21,1.9146104717574957,HMM,ICL,12,0,8,0.05810281827134924,0.03693355088159149,12.0,0.0
ms_garch,4,0.95,5.0,5000,7,19.999999999999982,21,1.7046372496799458,K-Means,Silhouette,2,0,-2,0.04481281911246298,0.023188994814127162,,
ms_garch,4,0.95,5.0,5000,7,19.999999999999982,21,1.7046372496799458,K-Means,Davies-Bouldin,12,0,8,0.04481281911246298,0.02414808996807436,,
ms_garch,4,0.95,5.0,5000,7,19.999999999999982,21,1.7046372496799458,K-Means,Calinski-Harabasz,12,0,8,0.04481281911246298,0.02414808996807436,,
ms_garch,4,0.95,5.0,5000,7,19.999999999999982,21,1.7046372496799458,GMM,BIC,5,0,1,0.04356693987729901,0.044811651210980144,5.0,0.0
ms_garch,4,0.95,5.0,5000,7,19.999999999999982,21,1.7046372496799458,GMM,AIC,12,0,8,0.04356693987729901,0.0245823249383046,12.0,0.0
ms_garch,4,0.95,5.0,5000,7,19.999999999999982,21,1.7046372496799458,GMM,ICL,2,0,-2,0.04356693987729901,0.01700663552081317,1.0,1.0
ms_garch,4,0.95,5.0,5000,7,19.999999999999982,21,1.7046372496799458,GMM,BIC_Neff,6,0,2,0.04356693987729901,0.03494516768219015,6.0,0.0
ms_garch,4,0.95,5.0,5000,7,19.999999999999982,21,1.7046372496799458,HMM,BIC,12,0,8,0.03143798641220403,0.022133344780658756,12.0,0.0
ms_garch,4,0.95,5.0,5000,7,19.999999999999982,21,1.7046372496799458,HMM,AIC,12,0,8,0.03143798641220403,0.022133344780658756,12.0,0.0
ms_garch,4,0.95,5.0,5000,7,19.999999999999982,21,1.7046372496799458,HMM,ICL,12,0,8,0.03143798641220403,0.022133344780658756,12.0,0.0
ms_garch,4,0.95,5.0,5000,8,19.999999999999982,21,1.5552869397278495,K-Means,Silhouette,2,0,-2,0.01885648633089763,0.009445272716665702,,
ms_garch,4,0.95,5.0,5000,8,19.999999999999982,21,1.5552869397278495,K-Means,Davies-Bouldin,8,0,4,0.01885648633089763,0.01816013213905354,,
ms_garch,4,0.95,5.0,5000,8,19.999999999999982,21,1.5552869397278495,K-Means,Calinski-Harabasz,12,0,8,0.01885648633089763,0.018552272283574846,,
ms_garch,4,0.95,5.0,5000,8,19.999999999999982,21,1.5552869397278495,GMM,BIC,7,0,3,0.02009104526245753,0.018161440397582537,7.0,0.0
ms_garch,4,0.95,5.0,5000,8,19.999999999999982,21,1.5552869397278495,GMM,AIC,10,0,6,0.02009104526245753,0.01818411379650542,10.0,0.0
ms_garch,4,0.95,5.0,5000,8,19.999999999999982,21,1.5552869397278495,GMM,ICL,2,0,-2,0.02009104526245753,0.0012219739452083564,2.0,0.0
ms_garch,4,0.95,5.0,5000,8,19.999999999999982,21,1.5552869397278495,GMM,BIC_Neff,9,0,5,0.02009104526245753,0.01951716427548466,9.0,0.0
ms_garch,4,0.95,5.0,5000,8,19.999999999999982,21,1.5552869397278495,HMM,BIC,12,0,8,0.014718577319291921,0.012322906496909808,12.0,0.0
ms_garch,4,0.95,5.0,5000,8,19.999999999999982,21,1.5552869397278495,HMM,AIC,12,0,8,0.014718577319291921,0.012322906496909808,12.0,0.0
ms_garch,4,0.95,5.0,5000,8,19.999999999999982,21,1.5552869397278495,HMM,ICL,12,0,8,0.014718577319291921,0.012322906496909808,12.0,0.0
ms_garch,4,0.95,5.0,5000,9,19.999999999999982,21,1.9603615599509123,K-Means,Silhouette,2,0,-2,0.017509771614443274,0.007588774945008572,,
ms_garch,4,0.95,5.0,5000,9,19.999999999999982,21,1.9603615599509123,K-Means,Davies-Bouldin,4,1,0,0.017509771614443274,0.017509771614443274,,
ms_garch,4,0.95,5.0,5000,9,19.999999999999982,21,1.9603615599509123,K-Means,Calinski-Harabasz,12,0,8,0.017509771614443274,0.017495122755010035,,
ms_garch,4,0.95,5.0,5000,9,19.999999999999982,21,1.9603615599509123,GMM,BIC,4,1,0,0.01729182798252431,0.01729182798252431,4.0,0.0
ms_garch,4,0.95,5.0,5000,9,19.999999999999982,21,1.9603615599509123,GMM,AIC,8,0,4,0.01729182798252431,0.021829321738260667,8.0,0.0
ms_garch,4,0.95,5.0,5000,9,19.999999999999982,21,1.9603615599509123,GMM,ICL,2,0,-2,0.01729182798252431,0.003194216093394225,1.0,1.0
ms_garch,4,0.95,5.0,5000,9,19.999999999999982,21,1.9603615599509123,GMM,BIC_Neff,4,1,0,0.01729182798252431,0.01729182798252431,4.0,0.0
ms_garch,4,0.95,5.0,5000,9,19.999999999999982,21,1.9603615599509123,HMM,BIC,11,0,7,0.03306028186414966,0.02160855177146051,11.0,0.0
ms_garch,4,0.95,5.0,5000,9,19.999999999999982,21,1.9603615599509123,HMM,AIC,12,0,8,0.03306028186414966,0.016768964771597693,12.0,0.0
ms_garch,4,0.95,5.0,5000,9,19.999999999999982,21,1.9603615599509123,HMM,ICL,11,0,7,0.03306028186414966,0.02160855177146051,11.0,0.0
ms_garch,4,0.95,5.0,5000,10,19.999999999999982,21,2.077335480501447,K-Means,Silhouette,3,0,-1,0.07428881692092355,0.05619872217878128,,
ms_garch,4,0.95,5.0,5000,10,19.999999999999982,21,2.077335480501447,K-Means,Davies-Bouldin,6,0,2,0.07428881692092355,0.0656844919823795,,
ms_garch,4,0.95,5.0,5000,10,19.999999999999982,21,2.077335480501447,K-Means,Calinski-Harabasz,12,0,8,0.07428881692092355,0.04669093886209333,,
ms_garch,4,0.95,5.0,5000,10,19.999999999999982,21,2.077335480501447,GMM,BIC,6,0,2,0.0755526198220802,0.06654363364589412,6.0,0.0
ms_garch,4,0.95,5.0,5000,10,19.999999999999982,21,2.077335480501447,GMM,AIC,8,0,4,0.0755526198220802,0.05626249980653424,8.0,0.0
ms_garch,4,0.95,5.0,5000,10,19.999999999999982,21,2.077335480501447,GMM,ICL,3,0,-1,0.0755526198220802,0.057582942229265424,1.0,1.0
ms_garch,4,0.95,5.0,5000,10,19.999999999999982,21,2.077335480501447,GMM,BIC_Neff,8,0,4,0.0755526198220802,0.05626249980653424,8.0,0.0
ms_garch,4,0.95,5.0,5000,10,19.999999999999982,21,2.077335480501447,HMM,BIC,10,0,6,0.06777632865786218,0.046192783834816696,10.0,0.0
ms_garch,4,0.95,5.0,5000,10,19.999999999999982,21,2.077335480501447,HMM,AIC,10,0,6,0.06777632865786218,0.046192783834816696,10.0,0.0
ms_garch,4,0.95,5.0,5000,10,19.999999999999982,21,2.077335480501447,HMM,ICL,10,0,6,0.06777632865786218,0.046192783834816696,10.0,0.0
ms_garch,4,0.95,5.0,5000,11,19.999999999999982,21,1.9476408292187615,K-Means,Silhouette,2,0,-2,0.04273746810345193,0.037181681209005765,,
ms_garch,4,0.95,5.0,5000,11,19.999999999999982,21,1.9476408292187615,K-Means,Davies-Bouldin,5,0,1,0.04273746810345193,0.04437069681579578,,
ms_garch,4,0.95,5.0,5000,11,19.999999999999982,21,1.9476408292187615,K-Means,Calinski-Harabasz,12,0,8,0.04273746810345193,0.0258459844115641,,
ms_garch,4,0.95,5.0,5000,11,19.999999999999982,21,1.9476408292187615,GMM,BIC,5,0,1,0.04243183105700855,0.044489702631049635,5.0,0.0
ms_garch,4,0.95,5.0,5000,11,19.999999999999982,21,1.9476408292187615,GMM,AIC,12,0,8,0.04243183105700855,0.02623995475805865,12.0,0.0
ms_garch,4,0.95,5.0,5000,11,19.999999999999982,21,1.9476408292187615,GMM,ICL,4,1,0,0.04243183105700855,0.04243183105700855,1.0,1.0
ms_garch,4,0.95,5.0,5000,11,19.999999999999982,21,1.9476408292187615,GMM,BIC_Neff,5,0,1,0.04243183105700855,0.044489702631049635,5.0,0.0
ms_garch,4,0.95,5.0,5000,11,19.999999999999982,21,1.9476408292187615,HMM,BIC,9,0,5,0.02868040186434726,0.03392974681967143,9.0,0.0
ms_garch,4,0.95,5.0,5000,11,19.999999999999982,21,1.9476408292187615,HMM,AIC,12,0,8,0.02868040186434726,0.023895263921309272,12.0,0.0
ms_garch,4,0.95,5.0,5000,11,19.999999999999982,21,1.9476408292187615,HMM,ICL,9,0,5,0.02868040186434726,0.03392974681967143,9.0,0.0
ms_garch,4,0.95,5.0,5000,12,19.999999999999982,21,1.9910556381010405,K-Means,Silhouette,2,0,-2,0.032224504010921036,-0.0022655703763851667,,
ms_garch,4,0.95,5.0,5000,12,19.999999999999982,21,1.9910556381010405,K-Means,Davies-Bouldin,12,0,8,0.032224504010921036,0.022397297938131007,,
ms_garch,4,0.95,5.0,5000,12,19.999999999999982,21,1.9910556381010405,K-Means,Calinski-Harabasz,12,0,8,0.032224504010921036,0.022397297938131007,,
ms_garch,4,0.95,5.0,5000,12,19.999999999999982,21,1.9910556381010405,GMM,BIC,5,0,1,0.033912580510236816,0.026728951924846953,5.0,0.0
ms_garch,4,0.95,5.0,5000,12,19.999999999999982,21,1.9910556381010405,GMM,AIC,11,0,7,0.033912580510236816,0.02165877908446294,11.0,0.0
ms_garch,4,0.95,5.0,5000,12,19.999999999999982,21,1.9910556381010405,GMM,ICL,2,0,-2,0.033912580510236816,-0.005691723795451624,2.0,0.0
ms_garch,4,0.95,5.0,5000,12,19.999999999999982,21,1.9910556381010405,GMM,BIC_Neff,5,0,1,0.033912580510236816,0.026728951924846953,5.0,0.0
ms_garch,4,0.95,5.0,5000,12,19.999999999999982,21,1.9910556381010405,HMM,BIC,10,0,6,0.04276078243753758,0.02143985509365757,10.0,0.0
ms_garch,4,0.95,5.0,5000,12,19.999999999999982,21,1.9910556381010405,HMM,AIC,10,0,6,0.04276078243753758,0.02143985509365757,10.0,0.0
ms_garch,4,0.95,5.0,5000,12,19.999999999999982,21,1.9910556381010405,HMM,ICL,9,0,5,0.04276078243753758,0.02873882052234048,9.0,0.0
ms_garch,4,0.95,5.0,5000,13,19.999999999999982,21,2.1350122210880222,K-Means,Silhouette,2,0,-2,0.02739468125984075,0.01686274590881896,,
ms_garch,4,0.95,5.0,5000,13,19.999999999999982,21,2.1350122210880222,K-Means,Davies-Bouldin,10,0,6,0.02739468125984075,0.02275845529245601,,
ms_garch,4,0.95,5.0,5000,13,19.999999999999982,21,2.1350122210880222,K-Means,Calinski-Harabasz,12,0,8,0.02739468125984075,0.01800609799304272,,
ms_garch,4,0.95,5.0,5000,13,19.999999999999982,21,2.1350122210880222,GMM,BIC,6,0,2,0.02705722318025383,0.03268575939124882,6.0,0.0
ms_garch,4,0.95,5.0,5000,13,19.999999999999982,21,2.1350122210880222,GMM,AIC,10,0,6,0.02705722318025383,0.023096568282696402,10.0,0.0
ms_garch,4,0.95,5.0,5000,13,19.999999999999982,21,2.1350122210880222,GMM,ICL,3,0,-1,0.02705722318025383,0.029758284064225277,1.0,1.0
ms_garch,4,0.95,5.0,5000,13,19.999999999999982,21,2.1350122210880222,GMM,BIC_Neff,6,0,2,0.02705722318025383,0.03268575939124882,6.0,0.0
ms_garch,4,0.95,5.0,5000,13,19.999999999999982,21,2.1350122210880222,HMM,BIC,10,0,6,0.0360345675519756,0.02205727219268144,10.0,0.0
ms_garch,4,0.95,5.0,5000,13,19.999999999999982,21,2.1350122210880222,HMM,AIC,10,0,6,0.0360345675519756,0.02205727219268144,10.0,0.0
ms_garch,4,0.95,5.0,5000,13,19.999999999999982,21,2.1350122210880222,HMM,ICL,10,0,6,0.0360345675519756,0.02205727219268144,10.0,0.0
ms_garch,4,0.95,5.0,5000,14,19.999999999999982,21,1.9359455639763454,K-Means,Silhouette,2,0,-2,0.024357568756570244,0.01875723110374286,,
ms_garch,4,0.95,5.0,5000,14,19.999999999999982,21,1.9359455639763454,K-Means,Davies-Bouldin,8,0,4,0.024357568756570244,0.02407426883763163,,
ms_garch,4,0.95,5.0,5000,14,19.999999999999982,21,1.9359455639763454,K-Means,Calinski-Harabasz,12,0,8,0.024357568756570244,0.022904482283114095,,
ms_garch,4,0.95,5.0,5000,14,19.999999999999982,21,1.9359455639763454,GMM,BIC,8,0,4,0.018779635699576195,0.022423457689803306,8.0,0.0
ms_garch,4,0.95,5.0,5000,14,19.999999999999982,21,1.9359455639763454,GMM,AIC,12,0,8,0.018779635699576195,0.019210716420889194,12.0,0.0
ms_garch,4,0.95,5.0,5000,14,19.999999999999982,21,1.9359455639763454,GMM,ICL,4,1,0,0.018779635699576195,0.018779635699576195,1.0,1.0
ms_garch,4,0.95,5.0,5000,14,19.999999999999982,21,1.9359455639763454,GMM,BIC_Neff,8,0,4,0.018779635699576195,0.022423457689803306,8.0,0.0
ms_garch,4,0.95,5.0,5000,14,19.999999999999982,21,1.9359455639763454,HMM,BIC,12,0,8,0.02698718123349614,0.014946029770910195,12.0,0.0
ms_garch,4,0.95,5.0,5000,14,19.999999999999982,21,1.9359455639763454,HMM,AIC,12,0,8,0.02698718123349614,0.014946029770910195,12.0,0.0
ms_garch,4,0.95,5.0,5000,14,19.999999999999982,21,1.9359455639763454,HMM,ICL,8,0,4,0.02698718123349614,0.02763362672568769,8.0,0.0
ms_garch,4,0.95,5.0,5000,15,19.999999999999982,21,1.7295614218971371,K-Means,Silhouette,2,0,-2,0.030283746183600253,0.021599893401894926,,
ms_garch,4,0.95,5.0,5000,15,19.999999999999982,21,1.7295614218971371,K-Means,Davies-Bouldin,10,0,6,0.030283746183600253,0.023625999564021654,,
ms_garch,4,0.95,5.0,5000,15,19.999999999999982,21,1.7295614218971371,K-Means,Calinski-Harabasz,12,0,8,0.030283746183600253,0.022934465535823907,,
ms_garch,4,0.95,5.0,5000,15,19.999999999999982,21,1.7295614218971371,GMM,BIC,6,0,2,0.03149838577630985,0.030862705368839487,6.0,0.0
ms_garch,4,0.95,5.0,5000,15,19.999999999999982,21,1.7295614218971371,GMM,AIC,7,0,3,0.03149838577630985,0.031957555593298055,7.0,0.0
ms_garch,4,0.95,5.0,5000,15,19.999999999999982,21,1.7295614218971371,GMM,ICL,3,0,-1,0.03149838577630985,0.021872155058566246,1.0,1.0
ms_garch,4,0.95,5.0,5000,15,19.999999999999982,21,1.7295614218971371,GMM,BIC_Neff,7,0,3,0.03149838577630985,0.031957555593298055,7.0,0.0
ms_garch,4,0.95,5.0,5000,15,19.999999999999982,21,1.7295614218971371,HMM,BIC,12,0,8,0.03448703421074182,0.02344408974611149,12.0,0.0
ms_garch,4,0.95,5.0,5000,15,19.999999999999982,21,1.7295614218971371,HMM,AIC,12,0,8,0.03448703421074182,0.02344408974611149,12.0,0.0
ms_garch,4,0.95,5.0,5000,15,19.999999999999982,21,1.7295614218971371,HMM,ICL,12,0,8,0.03448703421074182,0.02344408974611149,12.0,0.0
ms_garch,4,0.95,5.0,5000,16,19.999999999999982,21,1.82943405416163,K-Means,Silhouette,2,0,-2,0.04060981290735909,0.031572353421231845,,
ms_garch,4,0.95,5.0,5000,16,19.999999999999982,21,1.82943405416163,K-Means,Davies-Bouldin,11,0,7,0.04060981290735909,0.04981396782457354,,
ms_garch,4,0.95,5.0,5000,16,19.999999999999982,21,1.82943405416163,K-Means,Calinski-Harabasz,12,0,8,0.04060981290735909,0.03767334104570962,,
ms_garch,4,0.95,5.0,5000,16,19.999999999999982,21,1.82943405416163,GMM,BIC,11,0,7,0.04022421084581732,0.03651408555527275,11.0,0.0
ms_garch,4,0.95,5.0,5000,16,19.999999999999982,21,1.82943405416163,GMM,AIC,12,0,8,0.04022421084581732,0.035540957949552025,12.0,0.0
ms_garch,4,0.95,5.0,5000,16,19.999999999999982,21,1.82943405416163,GMM,ICL,9,0,5,0.04022421084581732,0.04746092967602206,1.0,1.0
ms_garch,4,0.95,5.0,5000,16,19.999999999999982,21,1.82943405416163,GMM,BIC_Neff,11,0,7,0.04022421084581732,0.03651408555527275,11.0,0.0
ms_garch,4,0.95,5.0,5000,16,19.999999999999982,21,1.82943405416163,HMM,BIC,12,0,8,0.05188378996623462,0.024459035128498917,12.0,0.0
ms_garch,4,0.95,5.0,5000,16,19.999999999999982,21,1.82943405416163,HMM,AIC,12,0,8,0.05188378996623462,0.024459035128498917,12.0,0.0
ms_garch,4,0.95,5.0,5000,16,19.999999999999982,21,1.82943405416163,HMM,ICL,12,0,8,0.05188378996623462,0.024459035128498917,12.0,0.0
ms_garch,4,0.95,5.0,5000,17,19.999999999999982,21,1.7623609193856442,K-Means,Silhouette,2,0,-2,0.03326156878667136,0.015593351397710465,,
ms_garch,4,0.95,5.0,5000,17,19.999999999999982,21,1.7623609193856442,K-Means,Davies-Bouldin,6,0,2,0.03326156878667136,0.032399137118044395,,
ms_garch,4,0.95,5.0,5000,17,19.999999999999982,21,1.7623609193856442,K-Means,Calinski-Harabasz,12,0,8,0.03326156878667136,0.022512547788815406,,
ms_garch,4,0.95,5.0,5000,17,19.999999999999982,21,1.7623609193856442,GMM,BIC,6,0,2,0.031222164176180848,0.03240622300949602,6.0,0.0
ms_garch,4,0.95,5.0,5000,17,19.999999999999982,21,1.7623609193856442,GMM,AIC,11,0,7,0.031222164176180848,0.02196092883796087,11.0,0.0
ms_garch,4,0.95,5.0,5000,17,19.999999999999982,21,1.7623609193856442,GMM,ICL,2,0,-2,0.031222164176180848,0.007932877412819964,1.0,1.0
ms_garch,4,0.95,5.0,5000,17,19.999999999999982,21,1.7623609193856442,GMM,BIC_Neff,6,0,2,0.031222164176180848,0.03240622300949602,6.0,0.0
ms_garch,4,0.95,5.0,5000,17,19.999999999999982,21,1.7623609193856442,HMM,BIC,9,0,5,0.037651557395663206,0.023250013634405025,9.0,0.0
ms_garch,4,0.95,5.0,5000,17,19.999999999999982,21,1.7623609193856442,HMM,AIC,12,0,8,0.037651557395663206,0.017111059903764842,12.0,0.0
ms_garch,4,0.95,5.0,5000,17,19.999999999999982,21,1.7623609193856442,HMM,ICL,9,0,5,0.037651557395663206,0.023250013634405025,9.0,0.0
ms_garch,4,0.95,5.0,5000,18,19.999999999999982,21,1.5832926619318985,K-Means,Silhouette,2,0,-2,0.021470237986334746,0.010926556643901828,,
ms_garch,4,0.95,5.0,5000,18,19.999999999999982,21,1.5832926619318985,K-Means,Davies-Bouldin,12,0,8,0.021470237986334746,0.02398794829878276,,
ms_garch,4,0.95,5.0,5000,18,19.999999999999982,21,1.5832926619318985,K-Means,Calinski-Harabasz,12,0,8,0.021470237986334746,0.02398794829878276,,
ms_garch,4,0.95,5.0,5000,18,19.999999999999982,21,1.5832926619318985,GMM,BIC,4,1,0,0.019689177992459773,0.019689177992459773,4.0,0.0
ms_garch,4,0.95,5.0,5000,18,19.999999999999982,21,1.5832926619318985,GMM,AIC,12,0,8,0.019689177992459773,0.024423351186984937,12.0,0.0
ms_garch,4,0.95,5.0,5000,18,19.999999999999982,21,1.5832926619318985,GMM,ICL,2,0,-2,0.019689177992459773,0.007525511889233494,1.0,1.0
ms_garch,4,0.95,5.0,5000,18,19.999999999999982,21,1.5832926619318985,GMM,BIC_Neff,8,0,4,0.019689177992459773,0.02917077570239518,8.0,0.0
ms_garch,4,0.95,5.0,5000,18,19.999999999999982,21,1.5832926619318985,HMM,BIC,10,0,6,0.04045071465007304,0.024314279308806756,10.0,0.0
ms_garch,4,0.95,5.0,5000,18,19.999999999999982,21,1.5832926619318985,HMM,AIC,10,0,6,0.04045071465007304,0.024314279308806756,10.0,0.0
ms_garch,4,0.95,5.0,5000,18,19.999999999999982,21,1.5832926619318985,HMM,ICL,9,0,5,0.04045071465007304,0.026707748041962208,9.0,0.0
ms_garch,4,0.95,5.0,5000,19,19.999999999999982,21,1.8621060787398234,K-Means,Silhouette,2,0,-2,0.027929764263023918,0.024646346863595927,,
ms_garch,4,0.95,5.0,5000,19,19.999999999999982,21,1.8621060787398234,K-Means,Davies-Bouldin,6,0,2,0.027929764263023918,0.023703560483975827,,
ms_garch,4,0.95,5.0,5000,19,19.999999999999982,21,1.8621060787398234,K-Means,Calinski-Harabasz,12,0,8,0.027929764263023918,0.01429326558757071,,
ms_garch,4,0.95,5.0,5000,19,19.999999999999982,21,1.8621060787398234,GMM,BIC,5,0,1,0.028930089412646246,0.02375462630566742,5.0,0.0
ms_garch,4,0.95,5.0,5000,19,19.999999999999982,21,1.8621060787398234,GMM,AIC,10,0,6,0.028930089412646246,0.016595786469005513,10.0,0.0
ms_garch,4,0.95,5.0,5000,19,19.999999999999982,21,1.8621060787398234,GMM,ICL,3,0,-1,0.028930089412646246,0.030663411342885624,1.0,1.0
ms_garch,4,0.95,5.0,5000,19,19.999999999999982,21,1.8621060787398234,GMM,BIC_Neff,5,0,1,0.028930089412646246,0.02375462630566742,5.0,0.0
ms_garch,4,0.95,5.0,5000,19,19.999999999999982,21,1.8621060787398234,HMM,BIC,11,0,7,0.02751669486291486,0.018743903854197892,11.0,0.0
ms_garch,4,0.95,5.0,5000,19,19.999999999999982,21,1.8621060787398234,HMM,AIC,11,0,7,0.02751669486291486,0.018743903854197892,11.0,0.0
ms_garch,4,0.95,5.0,5000,19,19.999999999999982,21,1.8621060787398234,HMM,ICL,11,0,7,0.02751669486291486,0.018743903854197892,11.0,0.0
ms_garch,4,0.99,5.0,5000,0,99.99999999999991,21,4.571600981060761,K-Means,Silhouette,2,0,-2,0.1949386613949649,0.09494871875778566,,
ms_garch,4,0.99,5.0,5000,0,99.99999999999991,21,4.571600981060761,K-Means,Davies-Bouldin,3,0,-1,0.1949386613949649,0.12943957743003714,,
ms_garch,4,0.99,5.0,5000,0,99.99999999999991,21,4.571600981060761,K-Means,Calinski-Harabasz,12,0,8,0.1949386613949649,0.24364226028690184,,
ms_garch,4,0.99,5.0,5000,0,99.99999999999991,21,4.571600981060761,GMM,BIC,8,0,4,0.2739244454202687,0.23468310916008112,8.0,0.0
ms_garch,4,0.99,5.0,5000,0,99.99999999999991,21,4.571600981060761,GMM,AIC,12,0,8,0.2739244454202687,0.1836340405587012,12.0,0.0
ms_garch,4,0.99,5.0,5000,0,99.99999999999991,21,4.571600981060761,GMM,ICL,9,0,5,0.2739244454202687,0.23800577108903007,9.0,0.0
ms_garch,4,0.99,5.0,5000,0,99.99999999999991,21,4.571600981060761,GMM,BIC_Neff,8,0,4,0.2739244454202687,0.23468310916008112,8.0,0.0
ms_garch,4,0.99,5.0,5000,0,99.99999999999991,21,4.571600981060761,HMM,BIC,12,0,8,0.2940542034700898,0.1517259933314681,12.0,0.0
ms_garch,4,0.99,5.0,5000,0,99.99999999999991,21,4.571600981060761,HMM,AIC,12,0,8,0.2940542034700898,0.1517259933314681,12.0,0.0
ms_garch,4,0.99,5.0,5000,0,99.99999999999991,21,4.571600981060761,HMM,ICL,12,0,8,0.2940542034700898,0.1517259933314681,12.0,0.0
ms_garch,4,0.99,5.0,5000,1,99.99999999999991,21,5.893498374267467,K-Means,Silhouette,2,0,-2,0.27280651749261303,0.06542978662320506,,
ms_garch,4,0.99,5.0,5000,1,99.99999999999991,21,5.893498374267467,K-Means,Davies-Bouldin,7,0,3,0.27280651749261303,0.2693792553125436,,
ms_garch,4,0.99,5.0,5000,1,99.99999999999991,21,5.893498374267467,K-Means,Calinski-Harabasz,12,0,8,0.27280651749261303,0.2196755922603039,,
ms_garch,4,0.99,5.0,5000,1,99.99999999999991,21,5.893498374267467,GMM,BIC,6,0,2,0.2695428459148985,0.35372706553778166,6.0,0.0
ms_garch,4,0.99,5.0,5000,1,99.99999999999991,21,5.893498374267467,GMM,AIC,8,0,4,0.2695428459148985,0.3064815238797681,8.0,0.0
ms_garch,4,0.99,5.0,5000,1,99.99999999999991,21,5.893498374267467,GMM,ICL,5,0,1,0.2695428459148985,0.2693482330743697,5.0,0.0
ms_garch,4,0.99,5.0,5000,1,99.99999999999991,21,5.893498374267467,GMM,BIC_Neff,7,0,3,0.2695428459148985,0.30862815289142825,7.0,0.0
ms_garch,4,0.99,5.0,5000,1,99.99999999999991,21,5.893498374267467,HMM,BIC,12,0,8,0.21876441959531684,0.2032820208679866,12.0,0.0
ms_garch,4,0.99,5.0,5000,1,99.99999999999991,21,5.893498374267467,HMM,AIC,12,0,8,0.21876441959531684,0.2032820208679866,12.0,0.0
ms_garch,4,0.99,5.0,5000,1,99.99999999999991,21,5.893498374267467,HMM,ICL,9,0,5,0.21876441959531684,0.21689695022570715,9.0,0.0
ms_garch,4,0.99,5.0,5000,2,99.99999999999991,21,3.815778510969783,K-Means,Silhouette,2,0,-2,0.25820647199755037,0.22169550391554288,,
ms_garch,4,0.99,5.0,5000,2,99.99999999999991,21,3.815778510969783,K-Means,Davies-Bouldin,3,0,-1,0.25820647199755037,0.21254312832250444,,
ms_garch,4,0.99,5.0,5000,2,99.99999999999991,21,3.815778510969783,K-Means,Calinski-Harabasz,12,0,8,0.25820647199755037,0.1959236108332872,,
ms_garch,4,0.99,5.0,5000,2,99.99999999999991,21,3.815778510969783,GMM,BIC,9,0,5,0.27293581690500246,0.22287969355153464,9.0,0.0
ms_garch,4,0.99,5.0,5000,2,99.99999999999991,21,3.815778510969783,GMM,AIC,11,0,7,0.27293581690500246,0.20048929704361487,11.0,0.0
ms_garch,4,0.99,5.0,5000,2,99.99999999999991,21,3.815778510969783,GMM,ICL,3,0,-1,0.27293581690500246,0.2297085681215823,3.0,0.0
ms_garch,4,0.99,5.0,5000,2,99.99999999999991,21,3.815778510969783,GMM,BIC_Neff,11,0,7,0.27293581690500246,0.20048929704361487,11.0,0.0
ms_garch,4,0.99,5.0,5000,2,99.99999999999991,21,3.815778510969783,HMM,BIC,8,0,4,0.3566387181188873,0.22118914983207952,8.0,0.0
ms_garch,4,0.99,5.0,5000,2,99.99999999999991,21,3.815778510969783,HMM,AIC,11,0,7,0.3566387181188873,0.225872862024382,11.0,0.0
ms_garch,4,0.99,5.0,5000,2,99.99999999999991,21,3.815778510969783,HMM,ICL,8,0,4,0.3566387181188873,0.22118914983207952,8.0,0.0
ms_garch,4,0.99,5.0,5000,3,99.99999999999991,21,3.414558454877586,K-Means,Silhouette,2,0,-2,0.24417590523585928,0.176237779730564,,
ms_garch,4,0.99,5.0,5000,3,99.99999999999991,21,3.414558454877586,K-Means,Davies-Bouldin,12,0,8,0.24417590523585928,0.17172568574126434,,
ms_garch,4,0.99,5.0,5000,3,99.99999999999991,21,3.414558454877586,K-Means,Calinski-Harabasz,12,0,8,0.24417590523585928,0.17172568574126434,,
ms_garch,4,0.99,5.0,5000,3,99.99999999999991,21,3.414558454877586,GMM,BIC,6,0,2,0.26599938567668363,0.22165907435964585,6.0,0.0
ms_garch,4,0.99,5.0,5000,3,99.99999999999991,21,3.414558454877586,GMM,AIC,12,0,8,0.26599938567668363,0.17930498168478737,12.0,0.0
ms_garch,4,0.99,5.0,5000,3,99.99999999999991,21,3.414558454877586,GMM,ICL,4,1,0,0.26599938567668363,0.26599938567668363,1.0,1.0
ms_garch,4,0.99,5.0,5000,3,99.99999999999991,21,3.414558454877586,GMM,BIC_Neff,11,0,7,0.26599938567668363,0.17906310796538896,11.0,0.0
ms_garch,4,0.99,5.0,5000,3,99.99999999999991,21,3.414558454877586,HMM,BIC,10,0,6,0.2858086540955825,0.1583520542748686,10.0,0.0
ms_garch,4,0.99,5.0,5000,3,99.99999999999991,21,3.414558454877586,HMM,AIC,10,0,6,0.2858086540955825,0.1583520542748686,10.0,0.0
ms_garch,4,0.99,5.0,5000,3,99.99999999999991,21,3.414558454877586,HMM,ICL,6,0,2,0.2858086540955825,0.206504952522777,6.0,0.0
ms_garch,4,0.99,5.0,5000,4,99.99999999999991,21,3.8694196155460254,K-Means,Silhouette,2,0,-2,0.2872435279984053,0.2501469860405956,,
ms_garch,4,0.99,5.0,5000,4,99.99999999999991,21,3.8694196155460254,K-Means,Davies-Bouldin,9,0,5,0.2872435279984053,0.26202935077321,,
ms_garch,4,0.99,5.0,5000,4,99.99999999999991,21,3.8694196155460254,K-Means,Calinski-Harabasz,12,0,8,0.2872435279984053,0.23810020869940302,,
ms_garch,4,0.99,5.0,5000,4,99.99999999999991,21,3.8694196155460254,GMM,BIC,6,0,2,0.2915194316479555,0.2710883616018717,6.0,0.0
ms_garch,4,0.99,5.0,5000,4,99.99999999999991,21,3.8694196155460254,GMM,AIC,12,0,8,0.2915194316479555,0.19691663898105852,12.0,0.0
ms_garch,4,0.99,5.0,5000,4,99.99999999999991,21,3.8694196155460254,GMM,ICL,7,0,3,0.2915194316479555,0.2648087598401657,7.0,0.0
ms_garch,4,0.99,5.0,5000,4,99.99999999999991,21,3.8694196155460254,GMM,BIC_Neff,12,0,8,0.2915194316479555,0.19691663898105852,12.0,0.0
ms_garch,4,0.99,5.0,5000,4,99.99999999999991,21,3.8694196155460254,HMM,BIC,9,0,5,0.3529925324345997,0.22160584661719718,9.0,0.0
ms_garch,4,0.99,5.0,5000,4,99.99999999999991,21,3.8694196155460254,HMM,AIC,9,0,5,0.3529925324345997,0.22160584661719718,9.0,0.0
ms_garch,4,0.99,5.0,5000,4,99.99999999999991,21,3.8694196155460254,HMM,ICL,9,0,5,0.3529925324345997,0.22160584661719718,9.0,0.0
ms_garch,4,0.99,5.0,5000,5,99.99999999999991,21,2.979219896433329,K-Means,Silhouette,2,0,-2,0.2071147663519309,0.1407625682721433,,
ms_garch,4,0.99,5.0,5000,5,99.99999999999991,21,2.979219896433329,K-Means,Davies-Bouldin,8,0,4,0.2071147663519309,0.16887247986169124,,
ms_garch,4,0.99,5.0,5000,5,99.99999999999991,21,2.979219896433329,K-Means,Calinski-Harabasz,12,0,8,0.2071147663519309,0.1404354183233885,,
ms_garch,4,0.99,5.0,5000,5,99.99999999999991,21,2.979219896433329,GMM,BIC,9,0,5,0.21034978932659448,0.16095904506669234,9.0,0.0
ms_garch,4,0.99,5.0,5000,5,99.99999999999991,21,2.979219896433329,GMM,AIC,12,0,8,0.21034978932659448,0.14311702673613313,12.0,0.0
ms_garch,4,0.99,5.0,5000,5,99.99999999999991,21,2.979219896433329,GMM,ICL,4,1,0,0.21034978932659448,0.21034978932659448,1.0,1.0
ms_garch,4,0.99,5.0,5000,5,99.99999999999991,21,2.979219896433329,GMM,BIC_Neff,11,0,7,0.21034978932659448,0.15459167029786086,11.0,0.0
ms_garch,4,0.99,5.0,5000,5,99.99999999999991,21,2.979219896433329,HMM,BIC,10,0,6,0.24694034719894326,0.15095063055099125,10.0,0.0
ms_garch,4,0.99,5.0,5000,5,99.99999999999991,21,2.979219896433329,HMM,AIC,12,0,8,0.24694034719894326,0.1397558933631165,12.0,0.0
ms_garch,4,0.99,5.0,5000,5,99.99999999999991,21,2.979219896433329,HMM,ICL,8,0,4,0.24694034719894326,0.18018797099965284,8.0,0.0
ms_garch,4,0.99,5.0,5000,6,99.99999999999991,21,4.686455879111279,K-Means,Silhouette,2,0,-2,0.26554644236877417,0.14230486261354774,,
ms_garch,4,0.99,5.0,5000,6,99.99999999999991,21,4.686455879111279,K-Means,Davies-Bouldin,12,0,8,0.26554644236877417,0.23110249079015127,,
ms_garch,4,0.99,5.0,5000,6,99.99999999999991,21,4.686455879111279,K-Means,Calinski-Harabasz,12,0,8,0.26554644236877417,0.23110249079015127,,
ms_garch,4,0.99,5.0,5000,6,99.99999999999991,21,4.686455879111279,GMM,BIC,12,0,8,0.2784022003614184,0.19301647836927716,12.0,0.0
ms_garch,4,0.99,5.0,5000,6,99.99999999999991,21,4.686455879111279,GMM,AIC,12,0,8,0.2784022003614184,0.19301647836927716,12.0,0.0
ms_garch,4,0.99,5.0,5000,6,99.99999999999991,21,4.686455879111279,GMM,ICL,5,0,1,0.2784022003614184,0.268822490419881,1.0,1.0
ms_garch,4,0.99,5.0,5000,6,99.99999999999991,21,4.686455879111279,GMM,BIC_Neff,12,0,8,0.2784022003614184,0.19301647836927716,12.0,0.0
ms_garch,4,0.99,5.0,5000,6,99.99999999999991,21,4.686455879111279,HMM,BIC,11,0,7,0.23387315784909582,0.20651204785613408,11.0,0.0
ms_garch,4,0.99,5.0,5000,6,99.99999999999991,21,4.686455879111279,HMM,AIC,11,0,7,0.23387315784909582,0.20651204785613408,11.0,0.0
ms_garch,4,0.99,5.0,5000,6,99.99999999999991,21,4.686455879111279,HMM,ICL,11,0,7,0.23387315784909582,0.20651204785613408,11.0,0.0
ms_garch,4,0.99,5.0,5000,7,99.99999999999991,21,4.903242237343838,K-Means,Silhouette,2,0,-2,0.19842686148707334,0.15236276455193723,,
ms_garch,4,0.99,5.0,5000,7,99.99999999999991,21,4.903242237343838,K-Means,Davies-Bouldin,11,0,7,0.19842686148707334,0.14749387002905465,,
ms_garch,4,0.99,5.0,5000,7,99.99999999999991,21,4.903242237343838,K-Means,Calinski-Harabasz,12,0,8,0.19842686148707334,0.14365787018522652,,
ms_garch,4,0.99,5.0,5000,7,99.99999999999991,21,4.903242237343838,GMM,BIC,10,0,6,0.2150207941769897,0.15323334749023776,10.0,0.0
ms_garch,4,0.99,5.0,5000,7,99.99999999999991,21,4.903242237343838,GMM,AIC,11,0,7,0.2150207941769897,0.1395089295666736,11.0,0.0
ms_garch,4,0.99,5.0,5000,7,99.99999999999991,21,4.903242237343838,GMM,ICL,3,0,-1,0.2150207941769897,0.16988716203573875,1.0,1.0
ms_garch,4,0.99,5.0,5000,7,99.99999999999991,21,4.903242237343838,GMM,BIC_Neff,10,0,6,0.2150207941769897,0.15323334749023776,10.0,0.0
ms_garch,4,0.99,5.0,5000,7,99.99999999999991,21,4.903242237343838,HMM,BIC,12,0,8,0.23629689114608693,0.12733240939442436,12.0,0.0
ms_garch,4,0.99,5.0,5000,7,99.99999999999991,21,4.903242237343838,HMM,AIC,12,0,8,0.23629689114608693,0.12733240939442436,12.0,0.0
ms_garch,4,0.99,5.0,5000,7,99.99999999999991,21,4.903242237343838,HMM,ICL,11,0,7,0.23629689114608693,0.1480730922227799,11.0,0.0
ms_garch,4,0.99,5.0,5000,8,99.99999999999991,21,3.2388838050678346,K-Means,Silhouette,2,0,-2,0.27055729054238886,0.11453429174763034,,
ms_garch,4,0.99,5.0,5000,8,99.99999999999991,21,3.2388838050678346,K-Means,Davies-Bouldin,7,0,3,0.27055729054238886,0.28867505564720813,,
ms_garch,4,0.99,5.0,5000,8,99.99999999999991,21,3.2388838050678346,K-Means,Calinski-Harabasz,12,0,8,0.27055729054238886,0.20428508261524153,,
ms_garch,4,0.99,5.0,5000,8,99.99999999999991,21,3.2388838050678346,GMM,BIC,9,0,5,0.25697489716045807,0.20293804632875312,9.0,0.0
ms_garch,4,0.99,5.0,5000,8,99.99999999999991,21,3.2388838050678346,GMM,AIC,12,0,8,0.25697489716045807,0.1590836113396121,12.0,0.0
ms_garch,4,0.99,5.0,5000,8,99.99999999999991,21,3.2388838050678346,GMM,ICL,6,0,2,0.25697489716045807,0.2930051243107667,1.0,1.0
ms_garch,4,0.99,5.0,5000,8,99.99999999999991,21,3.2388838050678346,GMM,BIC_Neff,9,0,5,0.25697489716045807,0.20293804632875312,9.0,0.0
ms_garch,4,0.99,5.0,5000,8,99.99999999999991,21,3.2388838050678346,HMM,BIC,10,0,6,0.13290843830129334,0.20546236165473575,10.0,0.0
ms_garch,4,0.99,5.0,5000,8,99.99999999999991,21,3.2388838050678346,HMM,AIC,10,0,6,0.13290843830129334,0.20546236165473575,10.0,0.0
ms_garch,4,0.99,5.0,5000,8,99.99999999999991,21,3.2388838050678346,HMM,ICL,8,0,4,0.13290843830129334,0.19701521387106927,8.0,0.0
ms_garch,4,0.99,5.0,5000,9,99.99999999999991,21,5.508710742301548,K-Means,Silhouette,2,0,-2,0.25174485391400125,0.08867554063441785,,
ms_garch,4,0.99,5.0,5000,9,99.99999999999991,21,5.508710742301548,K-Means,Davies-Bouldin,8,0,4,0.25174485391400125,0.229406763043401,,
ms_garch,4,0.99,5.0,5000,9,99.99999999999991,21,5.508710742301548,K-Means,Calinski-Harabasz,12,0,8,0.25174485391400125,0.19430284188627722,,
ms_garch,4,0.99,5.0,5000,9,99.99999999999991,21,5.508710742301548,GMM,BIC,10,0,6,0.22677220722269492,0.2035557469302773,10.0,0.0
ms_garch,4,0.99,5.0,5000,9,99.99999999999991,21,5.508710742301548,GMM,AIC,12,0,8,0.22677220722269492,0.19241794335035453,12.0,0.0
ms_garch,4,0.99,5.0,5000,9,99.99999999999991,21,5.508710742301548,GMM,ICL,5,0,1,0.22677220722269492,0.2284154676510759,5.0,0.0
ms_garch,4,0.99,5.0,5000,9,99.99999999999991,21,5.508710742301548,GMM,BIC_Neff,10,0,6,0.22677220722269492,0.2035557469302773,10.0,0.0
ms_garch,4,0.99,5.0,5000,9,99.99999999999991,21,5.508710742301548,HMM,BIC,10,0,6,0.2542351062428207,0.1398561797475357,10.0,0.0
ms_garch,4,0.99,5.0,5000,9,99.99999999999991,21,5.508710742301548,HMM,AIC,12,0,8,0.2542351062428207,0.16698542206172456,12.0,0.0
ms_garch,4,0.99,5.0,5000,9,99.99999999999991,21,5.508710742301548,HMM,ICL,10,0,6,0.2542351062428207,0.1398561797475357,10.0,0.0
ms_garch,4,0.99,5.0,5000,10,99.99999999999991,21,3.4972948975934357,K-Means,Silhouette,2,0,-2,0.1965711770033002,0.16806005988567163,,
ms_garch,4,0.99,5.0,5000,10,99.99999999999991,21,3.4972948975934357,K-Means,Davies-Bouldin,11,0,7,0.1965711770033002,0.16429609911866241,,
ms_garch,4,0.99,5.0,5000,10,99.99999999999991,21,3.4972948975934357,K-Means,Calinski-Harabasz,12,0,8,0.1965711770033002,0.14464479302916924,,
ms_garch,4,0.99,5.0,5000,10,99.99999999999991,21,3.4972948975934357,GMM,BIC,11,0,7,0.25188798475010016,0.1501512784792765,11.0,0.0
ms_garch,4,0.99,5.0,5000,10,99.99999999999991,21,3.4972948975934357,GMM,AIC,12,0,8,0.25188798475010016,0.14303280884802255,12.0,0.0
ms_garch,4,0.99,5.0,5000,10,99.99999999999991,21,3.4972948975934357,GMM,ICL,5,0,1,0.25188798475010016,0.22276730212351942,1.0,1.0
ms_garch,4,0.99,5.0,5000,10,99.99999999999991,21,3.4972948975934357,GMM,BIC_Neff,12,0,8,0.25188798475010016,0.14303280884802255,12.0,0.0
ms_garch,4,0.99,5.0,5000,10,99.99999999999991,21,3.4972948975934357,HMM,BIC,12,0,8,0.2621533235604365,0.15056490072583878,12.0,0.0
ms_garch,4,0.99,5.0,5000,10,99.99999999999991,21,3.4972948975934357,HMM,AIC,12,0,8,0.2621533235604365,0.15056490072583878,12.0,0.0
ms_garch,4,0.99,5.0,5000,10,99.99999999999991,21,3.4972948975934357,HMM,ICL,12,0,8,0.2621533235604365,0.15056490072583878,12.0,0.0
ms_garch,4,0.99,5.0,5000,11,99.99999999999991,21,3.1955278497610067,K-Means,Silhouette,2,0,-2,0.17778384679005704,0.1273895788069476,,
ms_garch,4,0.99,5.0,5000,11,99.99999999999991,21,3.1955278497610067,K-Means,Davies-Bouldin,5,0,1,0.17778384679005704,0.23228680764618206,,
ms_garch,4,0.99,5.0,5000,11,99.99999999999991,21,3.1955278497610067,K-Means,Calinski-Harabasz,12,0,8,0.17778384679005704,0.17681580434056457,,
ms_garch,4,0.99,5.0,5000,11,99.99999999999991,21,3.1955278497610067,GMM,BIC,10,0,6,0.2578805372366612,0.1866120519686441,10.0,0.0
ms_garch,4,0.99,5.0,5000,11,99.99999999999991,21,3.1955278497610067,GMM,AIC,12,0,8,0.2578805372366612,0.17418300222215835,12.0,0.0
ms_garch,4,0.99,5.0,5000,11,99.99999999999991,21,3.1955278497610067,GMM,ICL,6,0,2,0.2578805372366612,0.21094388252596585,1.0,1.0
ms_garch,4,0.99,5.0,5000,11,99.99999999999991,21,3.1955278497610067,GMM,BIC_Neff,10,0,6,0.2578805372366612,0.1866120519686441,10.0,0.0
ms_garch,4,0.99,5.0,5000,11,99.99999999999991,21,3.1955278497610067,HMM,BIC,12,0,8,0.27288641899988453,0.1478839058056772,12.0,0.0
ms_garch,4,0.99,5.0,5000,11,99.99999999999991,21,3.1955278497610067,HMM,AIC,12,0,8,0.27288641899988453,0.1478839058056772,12.0,0.0
ms_garch,4,0.99,5.0,5000,11,99.99999999999991,21,3.1955278497610067,HMM,ICL,12,0,8,0.27288641899988453,0.1478839058056772,12.0,0.0
ms_garch,4,0.99,5.0,5000,12,99.99999999999991,21,5.310051828153697,K-Means,Silhouette,2,0,-2,0.22732689690339575,0.11132317890392963,,
ms_garch,4,0.99,5.0,5000,12,99.99999999999991,21,5.310051828153697,K-Means,Davies-Bouldin,8,0,4,0.22732689690339575,0.27285311801960316,,
ms_garch,4,0.99,5.0,5000,12,99.99999999999991,21,5.310051828153697,K-Means,Calinski-Harabasz,12,0,8,0.22732689690339575,0.20955873888207022,,
ms_garch,4,0.99,5.0,5000,12,99.99999999999991,21,5.310051828153697,GMM,BIC,11,0,7,0.23382022249622925,0.2124370862257531,11.0,0.0
ms_garch,4,0.99,5.0,5000,12,99.99999999999991,21,5.310051828153697,GMM,AIC,11,0,7,0.23382022249622925,0.2124370862257531,11.0,0.0
ms_garch,4,0.99,5.0,5000,12,99.99999999999991,21,5.310051828153697,GMM,ICL,3,0,-1,0.23382022249622925,0.1389494365029147,3.0,0.0
ms_garch,4,0.99,5.0,5000,12,99.99999999999991,21,5.310051828153697,GMM,BIC_Neff,11,0,7,0.23382022249622925,0.2124370862257531,11.0,0.0
ms_garch,4,0.99,5.0,5000,12,99.99999999999991,21,5.310051828153697,HMM,BIC,11,0,7,0.15384763690844414,0.22473093234576458,11.0,0.0
ms_garch,4,0.99,5.0,5000,12,99.99999999999991,21,5.310051828153697,HMM,AIC,11,0,7,0.15384763690844414,0.22473093234576458,11.0,0.0
ms_garch,4,0.99,5.0,5000,12,99.99999999999991,21,5.310051828153697,HMM,ICL,11,0,7,0.15384763690844414,0.22473093234576458,11.0,0.0
ms_garch,4,0.99,5.0,5000,13,99.99999999999991,21,2.378019513783043,K-Means,Silhouette,3,0,-1,0.15800394314500185,0.18014305380123272,,
ms_garch,4,0.99,5.0,5000,13,99.99999999999991,21,2.378019513783043,K-Means,Davies-Bouldin,5,0,1,0.15800394314500185,0.15254872257543797,,
ms_garch,4,0.99,5.0,5000,13,99.99999999999991,21,2.378019513783043,K-Means,Calinski-Harabasz,12,0,8,0.15800394314500185,0.12094702203130997,,
ms_garch,4,0.99,5.0,5000,13,99.99999999999991,21,2.378019513783043,GMM,BIC,6,0,2,0.15399729394418116,0.1763920615074775,6.0,0.0
ms_garch,4,0.99,5.0,5000,13,99.99999999999991,21,2.378019513783043,GMM,AIC,11,0,7,0.15399729394418116,0.14485425498547036,11.0,0.0
ms_garch,4,0.99,5.0,5000,13,99.99999999999991,21,2.378019513783043,GMM,ICL,3,0,-1,0.15399729394418116,0.20928442686446722,1.0,1.0
ms_garch,4,0.99,5.0,5000,13,99.99999999999991,21,2.378019513783043,GMM,BIC_Neff,10,0,6,0.15399729394418116,0.13558619390115187,10.0,0.0
ms_garch,4,0.99,5.0,5000,13,99.99999999999991,21,2.378019513783043,HMM,BIC,12,0,8,0.22411947115363978,0.11829820824898861,12.0,0.0
ms_garch,4,0.99,5.0,5000,13,99.99999999999991,21,2.378019513783043,HMM,AIC,12,0,8,0.22411947115363978,0.11829820824898861,12.0,0.0
ms_garch,4,0.99,5.0,5000,13,99.99999999999991,21,2.378019513783043,HMM,ICL,12,0,8,0.22411947115363978,0.11829820824898861,12.0,0.0
ms_garch,4,0.99,5.0,5000,14,99.99999999999991,21,2.0851614559094833,K-Means,Silhouette,2,0,-2,0.13005846715463565,0.1113084091204201,,
ms_garch,4,0.99,5.0,5000,14,99.99999999999991,21,2.0851614559094833,K-Means,Davies-Bouldin,6,0,2,0.13005846715463565,0.17864542631257618,,
ms_garch,4,0.99,5.0,5000,14,99.99999999999991,21,2.0851614559094833,K-Means,Calinski-Harabasz,12,0,8,0.13005846715463565,0.1298353291292664,,
ms_garch,4,0.99,5.0,5000,14,99.99999999999991,21,2.0851614559094833,GMM,BIC,12,0,8,0.2150685589544537,0.12675940754104098,12.0,0.0
ms_garch,4,0.99,5.0,5000,14,99.99999999999991,21,2.0851614559094833,GMM,AIC,12,0,8,0.2150685589544537,0.12675940754104098,12.0,0.0
ms_garch,4,0.99,5.0,5000,14,99.99999999999991,21,2.0851614559094833,GMM,ICL,7,0,3,0.2150685589544537,0.16537412634461718,1.0,1.0
ms_garch,4,0.99,5.0,5000,14,99.99999999999991,21,2.0851614559094833,GMM,BIC_Neff,12,0,8,0.2150685589544537,0.12675940754104098,12.0,0.0
ms_garch,4,0.99,5.0,5000,14,99.99999999999991,21,2.0851614559094833,HMM,BIC,8,0,4,0.20437287980826194,0.14617052858382257,8.0,0.0
ms_garch,4,0.99,5.0,5000,14,99.99999999999991,21,2.0851614559094833,HMM,AIC,10,0,6,0.20437287980826194,0.14892422408211992,10.0,0.0
ms_garch,4,0.99,5.0,5000,14,99.99999999999991,21,2.0851614559094833,HMM,ICL,8,0,4,0.20437287980826194,0.14617052858382257,8.0,0.0
ms_garch,4,0.99,5.0,5000,15,99.99999999999991,21,4.79913408126502,K-Means,Silhouette,2,0,-2,0.16435977025791554,0.09774951111492053,,
ms_garch,4,0.99,5.0,5000,15,99.99999999999991,21,4.79913408126502,K-Means,Davies-Bouldin,10,0,6,0.16435977025791554,0.12635788253799474,,
ms_garch,4,0.99,5.0,5000,15,99.99999999999991,21,4.79913408126502,K-Means,Calinski-Harabasz,12,0,8,0.16435977025791554,0.11866565623050826,,
ms_garch,4,0.99,5.0,5000,15,99.99999999999991,21,4.79913408126502,GMM,BIC,11,0,7,0.1636723917277205,0.12142705190097587,11.0,0.0
ms_garch,4,0.99,5.0,5000,15,99.99999999999991,21,4.79913408126502,GMM,AIC,11,0,7,0.1636723917277205,0.12142705190097587,11.0,0.0
ms_garch,4,0.99,5.0,5000,15,99.99999999999991,21,4.79913408126502,GMM,ICL,4,1,0,0.1636723917277205,0.1636723917277205,1.0,1.0
ms_garch,4,0.99,5.0,5000,15,99.99999999999991,21,4.79913408126502,GMM,BIC_Neff,11,0,7,0.1636723917277205,0.12142705190097587,11.0,0.0
ms_garch,4,0.99,5.0,5000,15,99.99999999999991,21,4.79913408126502,HMM,BIC,9,0,5,0.17380296713910703,0.12460069559374465,9.0,0.0
ms_garch,4,0.99,5.0,5000,15,99.99999999999991,21,4.79913408126502,HMM,AIC,9,0,5,0.17380296713910703,0.12460069559374465,9.0,0.0
ms_garch,4,0.99,5.0,5000,15,99.99999999999991,21,4.79913408126502,HMM,ICL,9,0,5,0.17380296713910703,0.12460069559374465,9.0,0.0
ms_garch,4,0.99,5.0,5000,16,99.99999999999991,21,6.739616345913391,K-Means,Silhouette,4,1,0,0.28272459272613165,0.28272459272613165,,
ms_garch,4,0.99,5.0,5000,16,99.99999999999991,21,6.739616345913391,K-Means,Davies-Bouldin,10,0,6,0.28272459272613165,0.34158019026439024,,
ms_garch,4,0.99,5.0,5000,16,99.99999999999991,21,6.739616345913391,K-Means,Calinski-Harabasz,12,0,8,0.28272459272613165,0.34975339354256596,,
ms_garch,4,0.99,5.0,5000,16,99.99999999999991,21,6.739616345913391,GMM,BIC,10,0,6,0.2427410936620955,0.3503360320767394,10.0,0.0
ms_garch,4,0.99,5.0,5000,16,99.99999999999991,21,6.739616345913391,GMM,AIC,12,0,8,0.2427410936620955,0.33159050994703254,12.0,0.0
ms_garch,4,0.99,5.0,5000,16,99.99999999999991,21,6.739616345913391,GMM,ICL,3,0,-1,0.2427410936620955,0.23644314479368872,3.0,0.0
ms_garch,4,0.99,5.0,5000,16,99.99999999999991,21,6.739616345913391,GMM,BIC_Neff,12,0,8,0.2427410936620955,0.33159050994703254,12.0,0.0
ms_garch,4,0.99,5.0,5000,16,99.99999999999991,21,6.739616345913391,HMM,BIC,12,0,8,0.34155964337459066,0.24536752459309713,12.0,0.0
ms_garch,4,0.99,5.0,5000,16,99.99999999999991,21,6.739616345913391,HMM,AIC,12,0,8,0.34155964337459066,0.24536752459309713,12.0,0.0
ms_garch,4,0.99,5.0,5000,16,99.99999999999991,21,6.739616345913391,HMM,ICL,12,0,8,0.34155964337459066,0.24536752459309713,12.0,0.0
ms_garch,4,0.99,5.0,5000,17,99.99999999999991,21,3.4989709140750986,K-Means,Silhouette,2,0,-2,0.2138136081584471,0.16899732888084137,,
ms_garch,4,0.99,5.0,5000,17,99.99999999999991,21,3.4989709140750986,K-Means,Davies-Bouldin,11,0,7,0.2138136081584471,0.1740305099189361,,
ms_garch,4,0.99,5.0,5000,17,99.99999999999991,21,3.4989709140750986,K-Means,Calinski-Harabasz,12,0,8,0.2138136081584471,0.17029320894943978,,
ms_garch,4,0.99,5.0,5000,17,99.99999999999991,21,3.4989709140750986,GMM,BIC,10,0,6,0.2178773776240233,0.17733046791466336,10.0,0.0
ms_garch,4,0.99,5.0,5000,17,99.99999999999991,21,3.4989709140750986,GMM,AIC,12,0,8,0.2178773776240233,0.1714509639748345,12.0,0.0
ms_garch,4,0.99,5.0,5000,17,99.99999999999991,21,3.4989709140750986,GMM,ICL,2,0,-2,0.2178773776240233,0.24195774653663474,1.0,1.0
ms_garch,4,0.99,5.0,5000,17,99.99999999999991,21,3.4989709140750986,GMM,BIC_Neff,10,0,6,0.2178773776240233,0.17733046791466336,10.0,0.0
ms_garch,4,0.99,5.0,5000,17,99.99999999999991,21,3.4989709140750986,HMM,BIC,10,0,6,0.23146159626968973,0.15687892481762333,10.0,0.0
ms_garch,4,0.99,5.0,5000,17,99.99999999999991,21,3.4989709140750986,HMM,AIC,11,0,7,0.23146159626968973,0.17929689412156208,11.0,0.0
ms_garch,4,0.99,5.0,5000,17,99.99999999999991,21,3.4989709140750986,HMM,ICL,10,0,6,0.23146159626968973,0.15687892481762333,10.0,0.0
ms_garch,4,0.99,5.0,5000,18,99.99999999999991,21,2.703152480427482,K-Means,Silhouette,2,0,-2,0.17201515930647324,0.05424705439220663,,
ms_garch,4,0.99,5.0,5000,18,99.99999999999991,21,2.703152480427482,K-Means,Davies-Bouldin,6,0,2,0.17201515930647324,0.21647245999023149,,
ms_garch,4,0.99,5.0,5000,18,99.99999999999991,21,2.703152480427482,K-Means,Calinski-Harabasz,12,0,8,0.17201515930647324,0.14182318857074228,,
ms_garch,4,0.99,5.0,5000,18,99.99999999999991,21,2.703152480427482,GMM,BIC,7,0,3,0.1821596559280943,0.2259747216232944,7.0,0.0
ms_garch,4,0.99,5.0,5000,18,99.99999999999991,21,2.703152480427482,GMM,AIC,11,0,7,0.1821596559280943,0.1382919772305418,11.0,0.0
ms_garch,4,0.99,5.0,5000,18,99.99999999999991,21,2.703152480427482,GMM,ICL,2,0,-2,0.1821596559280943,0.047995688179080245,2.0,0.0
ms_garch,4,0.99,5.0,5000,18,99.99999999999991,21,2.703152480427482,GMM,BIC_Neff,9,0,5,0.1821596559280943,0.18663666091791872,9.0,0.0
ms_garch,4,0.99,5.0,5000,18,99.99999999999991,21,2.703152480427482,HMM,BIC,11,0,7,0.23173380577334565,0.10103656993190804,11.0,0.0
ms_garch,4,0.99,5.0,5000,18,99.99999999999991,21,2.703152480427482,HMM,AIC,11,0,7,0.23173380577334565,0.10103656993190804,11.0,0.0
ms_garch,4,0.99,5.0,5000,18,99.99999999999991,21,2.703152480427482,HMM,ICL,11,0,7,0.23173380577334565,0.10103656993190804,11.0,0.0
ms_garch,4,0.99,5.0,5000,19,99.99999999999991,21,3.2982256950694375,K-Means,Silhouette,3,0,-1,0.12339446574995955,0.1533638310525687,,
ms_garch,4,0.99,5.0,5000,19,99.99999999999991,21,3.2982256950694375,K-Means,Davies-Bouldin,3,0,-1,0.12339446574995955,0.1533638310525687,,
ms_garch,4,0.99,5.0,5000,19,99.99999999999991,21,3.2982256950694375,K-Means,Calinski-Harabasz,12,0,8,0.12339446574995955,0.13369256888852799,,
ms_garch,4,0.99,5.0,5000,19,99.99999999999991,21,3.2982256950694375,GMM,BIC,12,0,8,0.13687106649189118,0.12521453087500628,12.0,0.0
ms_garch,4,0.99,5.0,5000,19,99.99999999999991,21,3.2982256950694375,GMM,AIC,12,0,8,0.13687106649189118,0.12521453087500628,12.0,0.0
ms_garch,4,0.99,5.0,5000,19,99.99999999999991,21,3.2982256950694375,GMM,ICL,5,0,1,0.13687106649189118,0.17563666800097338,5.0,0.0
ms_garch,4,0.99,5.0,5000,19,99.99999999999991,21,3.2982256950694375,GMM,BIC_Neff,12,0,8,0.13687106649189118,0.12521453087500628,12.0,0.0
ms_garch,4,0.99,5.0,5000,19,99.99999999999991,21,3.2982256950694375,HMM,BIC,12,0,8,0.23273481360600437,0.11701907779894288,12.0,0.0
ms_garch,4,0.99,5.0,5000,19,99.99999999999991,21,3.2982256950694375,HMM,AIC,12,0,8,0.23273481360600437,0.11701907779894288,12.0,0.0
ms_garch,4,0.99,5.0,5000,19,99.99999999999991,21,3.2982256950694375,HMM,ICL,8,0,4,0.23273481360600437,0.1496437140284151,8.0,0.0
hmm_t,2,0.9,5.0,5000,0,10.000000000000002,21,2.5875664814172175,K-Means,Silhouette,2,1,0,0.044253673872496506,0.044253673872496506,,
hmm_t,2,0.9,5.0,5000,0,10.000000000000002,21,2.5875664814172175,K-Means,Davies-Bouldin,12,0,10,0.044253673872496506,0.011615046277901789,,
hmm_t,2,0.9,5.0,5000,0,10.000000000000002,21,2.5875664814172175,K-Means,Calinski-Harabasz,12,0,10,0.044253673872496506,0.011615046277901789,,
hmm_t,2,0.9,5.0,5000,0,10.000000000000002,21,2.5875664814172175,GMM,BIC,3,0,1,0.03808104855865851,0.03430808140193809,3.0,0.0
hmm_t,2,0.9,5.0,5000,0,10.000000000000002,21,2.5875664814172175,GMM,AIC,10,0,8,0.03808104855865851,0.013600962393365003,10.0,0.0
hmm_t,2,0.9,5.0,5000,0,10.000000000000002,21,2.5875664814172175,GMM,ICL,2,1,0,0.03808104855865851,0.03808104855865851,1.0,1.0
hmm_t,2,0.9,5.0,5000,0,10.000000000000002,21,2.5875664814172175,GMM,BIC_Neff,6,0,4,0.03808104855865851,0.022924602622299797,6.0,0.0
hmm_t,2,0.9,5.0,5000,0,10.000000000000002,21,2.5875664814172175,HMM,BIC,12,0,10,0.04998830437026776,0.01647623259533145,12.0,0.0
hmm_t,2,0.9,5.0,5000,0,10.000000000000002,21,2.5875664814172175,HMM,AIC,12,0,10,0.04998830437026776,0.01647623259533145,12.0,0.0
hmm_t,2,0.9,5.0,5000,0,10.000000000000002,21,2.5875664814172175,HMM,ICL,10,0,8,0.04998830437026776,0.01474052639160304,10.0,0.0
hmm_t,2,0.9,5.0,5000,1,10.000000000000002,21,2.53554327895807,K-Means,Silhouette,2,1,0,0.04060354714568715,0.04060354714568715,,
hmm_t,2,0.9,5.0,5000,1,10.000000000000002,21,2.53554327895807,K-Means,Davies-Bouldin,9,0,7,0.04060354714568715,0.014929744756663903,,
hmm_t,2,0.9,5.0,5000,1,10.000000000000002,21,2.53554327895807,K-Means,Calinski-Harabasz,12,0,10,0.04060354714568715,0.010521755662593437,,
hmm_t,2,0.9,5.0,5000,1,10.000000000000002,21,2.53554327895807,GMM,BIC,4,0,2,0.034537951569676775,0.028019272094293054,4.0,0.0
hmm_t,2,0.9,5.0,5000,1,10.000000000000002,21,2.53554327895807,GMM,AIC,10,0,8,0.034537951569676775,0.011977056839005303,10.0,0.0
hmm_t,2,0.9,5.0,5000,1,10.000000000000002,21,2.53554327895807,GMM,ICL,2,1,0,0.034537951569676775,0.034537951569676775,1.0,1.0
hmm_t,2,0.9,5.0,5000,1,10.000000000000002,21,2.53554327895807,GMM,BIC_Neff,9,0,7,0.034537951569676775,0.014936078486314598,9.0,0.0
hmm_t,2,0.9,5.0,5000,1,10.000000000000002,21,2.53554327895807,HMM,BIC,11,0,9,-0.00019858133710328328,0.013606378803528949,11.0,0.0
hmm_t,2,0.9,5.0,5000,1,10.000000000000002,21,2.53554327895807,HMM,AIC,11,0,9,-0.00019858133710328328,0.013606378803528949,11.0,0.0
hmm_t,2,0.9,5.0,5000,1,10.000000000000002,21,2.53554327895807,HMM,ICL,11,0,9,-0.00019858133710328328,0.013606378803528949,11.0,0.0
hmm_t,2,0.9,5.0,5000,2,10.000000000000002,21,2.5125233711478887,K-Means,Silhouette,2,1,0,0.05788098563548017,0.05788098563548017,,
hmm_t,2,0.9,5.0,5000,2,10.000000000000002,21,2.5125233711478887,K-Means,Davies-Bouldin,8,0,6,0.05788098563548017,0.021833785645788775,,
hmm_t,2,0.9,5.0,5000,2,10.000000000000002,21,2.5125233711478887,K-Means,Calinski-Harabasz,12,0,10,0.05788098563548017,0.013034358366585083,,
hmm_t,2,0.9,5.0,5000,2,10.000000000000002,21,2.5125233711478887,GMM,BIC,4,0,2,0.04720524914452166,0.04437758910792829,4.0,0.0
hmm_t,2,0.9,5.0,5000,2,10.000000000000002,21,2.5125233711478887,GMM,AIC,7,0,5,0.04720524914452166,0.023957413573055555,7.0,0.0
hmm_t,2,0.9,5.0,5000,2,10.000000000000002,21,2.5125233711478887,GMM,ICL,2,1,0,0.04720524914452166,0.04720524914452166,1.0,1.0
hmm_t,2,0.9,5.0,5000,2,10.000000000000002,21,2.5125233711478887,GMM,BIC_Neff,7,0,5,0.04720524914452166,0.023957413573055555,7.0,0.0
hmm_t,2,0.9,5.0,5000,2,10.000000000000002,21,2.5125233711478887,HMM,BIC,9,0,7,0.055496825851953015,0.016165187336163206,9.0,0.0
hmm_t,2,0.9,5.0,5000,2,10.000000000000002,21,2.5125233711478887,HMM,AIC,9,0,7,0.055496825851953015,0.016165187336163206,9.0,0.0
hmm_t,2,0.9,5.0,5000,2,10.000000000000002,21,2.5125233711478887,HMM,ICL,9,0,7,0.055496825851953015,0.016165187336163206,9.0,0.0
hmm_t,2,0.9,5.0,5000,3,10.000000000000002,21,2.580602612938322,K-Means,Silhouette,2,1,0,0.06492787758298928,0.06492787758298928,,
hmm_t,2,0.9,5.0,5000,3,10.000000000000002,21,2.580602612938322,K-Means,Davies-Bouldin,12,0,10,0.06492787758298928,0.016674177754896092,,
hmm_t,2,0.9,5.0,5000,3,10.000000000000002,21,2.580602612938322,K-Means,Calinski-Harabasz,12,0,10,0.06492787758298928,0.016674177754896092,,
hmm_t,2,0.9,5.0,5000,3,10.000000000000002,21,2.580602612938322,GMM,BIC,3,0,1,0.06616207210461239,0.050540482466507906,3.0,0.0
hmm_t,2,0.9,5.0,5000,3,10.000000000000002,21,2.580602612938322,GMM,AIC,6,0,4,0.06616207210461239,0.029449351324790794,6.0,0.0
hmm_t,2,0.9,5.0,5000,3,10.000000000000002,21,2.580602612938322,GMM,ICL,2,1,0,0.06616207210461239,0.06616207210461239,1.0,1.0
hmm_t,2,0.9,5.0,5000,3,10.000000000000002,21,2.580602612938322,GMM,BIC_Neff,6,0,4,0.06616207210461239,0.029449351324790794,6.0,0.0
hmm_t,2,0.9,5.0,5000,3,10.000000000000002,21,2.580602612938322,HMM,BIC,11,0,9,0.07511044809346702,0.017036501319745236,11.0,0.0
hmm_t,2,0.9,5.0,5000,3,10.000000000000002,21,2.580602612938322,HMM,AIC,11,0,9,0.07511044809346702,0.017036501319745236,11.0,0.0
hmm_t,2,0.9,5.0,5000,3,10.000000000000002,21,2.580602612938322,HMM,ICL,11,0,9,0.07511044809346702,0.017036501319745236,11.0,0.0
hmm_t,2,0.9,5.0,5000,4,10.000000000000002,21,2.511379133842767,K-Means,Silhouette,2,1,0,0.05644228832087041,0.05644228832087041,,
hmm_t,2,0.9,5.0,5000,4,10.000000000000002,21,2.511379133842767,K-Means,Davies-Bouldin,11,0,9,0.05644228832087041,0.014545907478593164,,
hmm_t,2,0.9,5.0,5000,4,10.000000000000002,21,2.511379133842767,K-Means,Calinski-Harabasz,12,0,10,0.05644228832087041,0.013666264483266069,,
hmm_t,2,0.9,5.0,5000,4,10.000000000000002,21,2.511379133842767,GMM,BIC,3,0,1,0.046265655380297706,0.04132807819960176,3.0,0.0
hmm_t,2,0.9,5.0,5000,4,10.000000000000002,21,2.511379133842767,GMM,AIC,11,0,9,0.046265655380297706,0.014477120836571364,11.0,0.0
hmm_t,2,0.9,5.0,5000,4,10.000000000000002,21,2.511379133842767,GMM,ICL,2,1,0,0.046265655380297706,0.046265655380297706,1.0,1.0
hmm_t,2,0.9,5.0,5000,4,10.000000000000002,21,2.511379133842767,GMM,BIC_Neff,4,0,2,0.046265655380297706,0.03757839826972081,4.0,0.0
hmm_t,2,0.9,5.0,5000,4,10.000000000000002,21,2.511379133842767,HMM,BIC,8,0,6,0.06032495375844095,0.023332050547407102,8.0,0.0
hmm_t,2,0.9,5.0,5000,4,10.000000000000002,21,2.511379133842767,HMM,AIC,11,0,9,0.06032495375844095,0.023392497178968664,11.0,0.0
hmm_t,2,0.9,5.0,5000,4,10.000000000000002,21,2.511379133842767,HMM,ICL,8,0,6,0.06032495375844095,0.023332050547407102,8.0,0.0
hmm_t,2,0.9,5.0,5000,5,10.000000000000002,21,2.5334479000378236,K-Means,Silhouette,2,1,0,0.07545950750897298,0.07545950750897298,,
hmm_t,2,0.9,5.0,5000,5,10.000000000000002,21,2.5334479000378236,K-Means,Davies-Bouldin,8,0,6,0.07545950750897298,0.025915291687815364,,
hmm_t,2,0.9,5.0,5000,5,10.000000000000002,21,2.5334479000378236,K-Means,Calinski-Harabasz,12,0,10,0.07545950750897298,0.015584249315837838,,
hmm_t,2,0.9,5.0,5000,5,10.000000000000002,21,2.5334479000378236,GMM,BIC,4,0,2,0.0723553220871831,0.04051778199982055,4.0,0.0
hmm_t,2,0.9,5.0,5000,5,10.000000000000002,21,2.5334479000378236,GMM,AIC,8,0,6,0.0723553220871831,0.02679680583795128,8.0,0.0
hmm_t,2,0.9,5.0,5000,5,10.000000000000002,21,2.5334479000378236,GMM,ICL,2,1,0,0.0723553220871831,0.0723553220871831,1.0,1.0
hmm_t,2,0.9,5.0,5000,5,10.000000000000002,21,2.5334479000378236,GMM,BIC_Neff,4,0,2,0.0723553220871831,0.04051778199982055,4.0,0.0
hmm_t,2,0.9,5.0,5000,5,10.000000000000002,21,2.5334479000378236,HMM,BIC,12,0,10,0.08624385583299544,0.015082385319929717,12.0,0.0
hmm_t,2,0.9,5.0,5000,5,10.000000000000002,21,2.5334479000378236,HMM,AIC,12,0,10,0.08624385583299544,0.015082385319929717,12.0,0.0
hmm_t,2,0.9,5.0,5000,5,10.000000000000002,21,2.5334479000378236,HMM,ICL,7,0,5,0.08624385583299544,0.0312599547105343,7.0,0.0
hmm_t,2,0.9,5.0,5000,6,10.000000000000002,21,2.646587544869471,K-Means,Silhouette,2,1,0,0.05940212437939056,0.05940212437939056,,
hmm_t,2,0.9,5.0,5000,6,10.000000000000002,21,2.646587544869471,K-Means,Davies-Bouldin,7,0,5,0.05940212437939056,0.03152786289938268,,
hmm_t,2,0.9,5.0,5000,6,10.000000000000002,21,2.646587544869471,K-Means,Calinski-Harabasz,12,0,10,0.05940212437939056,0.018369691806573652,,
hmm_t,2,0.9,5.0,5000,6,10.000000000000002,21,2.646587544869471,GMM,BIC,6,0,4,0.0617971904437607,0.0326108785593586,6.0,0.0
hmm_t,2,0.9,5.0,5000,6,10.000000000000002,21,2.646587544869471,GMM,AIC,10,0,8,0.0617971904437607,0.020757788020245627,10.0,0.0
hmm_t,2,0.9,5.0,5000,6,10.000000000000002,21,2.646587544869471,GMM,ICL,2,1,0,0.0617971904437607,0.0617971904437607,1.0,1.0
hmm_t,2,0.9,5.0,5000,6,10.000000000000002,21,2.646587544869471,GMM,BIC_Neff,6,0,4,0.0617971904437607,0.0326108785593586,6.0,0.0
hmm_t,2,0.9,5.0,5000,6,10.000000000000002,21,2.646587544869471,HMM,BIC,10,0,8,0.07358186164569774,0.01897703632098141,10.0,0.0
hmm_t,2,0.9,5.0,5000,6,10.000000000000002,21,2.646587544869471,HMM,AIC,11,0,9,0.07358186164569774,0.020722973356356676,11.0,0.0
hmm_t,2,0.9,5.0,5000,6,10.000000000000002,21,2.646587544869471,HMM,ICL,10,0,8,0.07358186164569774,0.01897703632098141,10.0,0.0
hmm_t,2,0.9,5.0,5000,7,10.000000000000002,21,2.652468402322722,K-Means,Silhouette,2,1,0,0.06212014731919693,0.06212014731919693,,
hmm_t,2,0.9,5.0,5000,7,10.000000000000002,21,2.652468402322722,K-Means,Davies-Bouldin,12,0,10,0.06212014731919693,0.01625486983000094,,
hmm_t,2,0.9,5.0,5000,7,10.000000000000002,21,2.652468402322722,K-Means,Calinski-Harabasz,12,0,10,0.06212014731919693,0.01625486983000094,,
hmm_t,2,0.9,5.0,5000,7,10.000000000000002,21,2.652468402322722,GMM,BIC,5,0,3,0.061522645369173685,0.03935698132979779,5.0,0.0
hmm_t,2,0.9,5.0,5000,7,10.000000000000002,21,2.652468402322722,GMM,AIC,12,0,10,0.061522645369173685,0.018871970910838566,12.0,0.0
hmm_t,2,0.9,5.0,5000,7,10.000000000000002,21,2.652468402322722,GMM,ICL,12,0,10,0.061522645369173685,0.018871970910838566,1.0,1.0
hmm_t,2,0.9,5.0,5000,7,10.000000000000002,21,2.652468402322722,GMM,BIC_Neff,5,0,3,0.061522645369173685,0.03935698132979779,5.0,0.0
hmm_t,2,0.9,5.0,5000,7,10.000000000000002,21,2.652468402322722,HMM,BIC,12,0,10,0.08092722679417452,0.018603451924242884,12.0,0.0
hmm_t,2,0.9,5.0,5000,7,10.000000000000002,21,2.652468402322722,HMM,AIC,12,0,10,0.08092722679417452,0.018603451924242884,12.0,0.0
hmm_t,2,0.9,5.0,5000,7,10.000000000000002,21,2.652468402322722,HMM,ICL,8,0,6,0.08092722679417452,0.022694247161548574,8.0,0.0
hmm_t,2,0.9,5.0,5000,8,10.000000000000002,21,2.5573463260751543,K-Means,Silhouette,2,1,0,0.05289665309765783,0.05289665309765783,,
hmm_t,2,0.9,5.0,5000,8,10.000000000000002,21,2.5573463260751543,K-Means,Davies-Bouldin,4,0,2,0.05289665309765783,0.04322015926487536,,
hmm_t,2,0.9,5.0,5000,8,10.000000000000002,21,2.5573463260751543,K-Means,Calinski-Harabasz,12,0,10,0.05289665309765783,0.015180368662148662,,
hmm_t,2,0.9,5.0,5000,8,10.000000000000002,21,2.5573463260751543,GMM,BIC,4,0,2,0.05345104120531899,0.040406077615094564,4.0,0.0
hmm_t,2,0.9,5.0,5000,8,10.000000000000002,21,2.5573463260751543,GMM,AIC,4,0,2,0.05345104120531899,0.040406077615094564,4.0,0.0
hmm_t,2,0.9,5.0,5000,8,10.000000000000002,21,2.5573463260751543,GMM,ICL,2,1,0,0.05345104120531899,0.05345104120531899,1.0,1.0
hmm_t,2,0.9,5.0,5000,8,10.000000000000002,21,2.5573463260751543,GMM,BIC_Neff,4,0,2,0.05345104120531899,0.040406077615094564,4.0,0.0
hmm_t,2,0.9,5.0,5000,8,10.000000000000002,21,2.5573463260751543,HMM,BIC,10,0,8,0.08601893551400283,0.0173195906627562,10.0,0.0
hmm_t,2,0.9,5.0,5000,8,10.000000000000002,21,2.5573463260751543,HMM,AIC,10,0,8,0.08601893551400283,0.0173195906627562,10.0,0.0
hmm_t,2,0.9,5.0,5000,8,10.000000000000002,21,2.5573463260751543,HMM,ICL,10,0,8,0.08601893551400283,0.0173195906627562,10.0,0.0
hmm_t,2,0.9,5.0,5000,9,10.000000000000002,21,2.4395470347151886,K-Means,Silhouette,2,1,0,0.06329631195177107,0.06329631195177107,,
hmm_t,2,0.9,5.0,5000,9,10.000000000000002,21,2.4395470347151886,K-Means,Davies-Bouldin,11,0,9,0.06329631195177107,0.015341468145197506,,
hmm_t,2,0.9,5.0,5000,9,10.000000000000002,21,2.4395470347151886,K-Means,Calinski-Harabasz,12,0,10,0.06329631195177107,0.01485282902232464,,
hmm_t,2,0.9,5.0,5000,9,10.000000000000002,21,2.4395470347151886,GMM,BIC,3,0,1,0.06329299869536242,0.05089925828832413,3.0,0.0
hmm_t,2,0.9,5.0,5000,9,10.000000000000002,21,2.4395470347151886,GMM,AIC,6,0,4,0.06329299869536242,0.02875912245221846,6.0,0.0
hmm_t,2,0.9,5.0,5000,9,10.000000000000002,21,2.4395470347151886,GMM,ICL,2,1,0,0.06329299869536242,0.06329299869536242,1.0,1.0
hmm_t,2,0.9,5.0,5000,9,10.000000000000002,21,2.4395470347151886,GMM,BIC_Neff,3,0,1,0.06329299869536242,0.05089925828832413,3.0,0.0
hmm_t,2,0.9,5.0,5000,9,10.000000000000002,21,2.4395470347151886,HMM,BIC,11,0,9,0.06534814138208302,0.016236745494574784,11.0,0.0
hmm_t,2,0.9,5.0,5000,9,10.000000000000002,21,2.4395470347151886,HMM,AIC,12,0,10,0.06534814138208302,0.015522976499560592,12.0,0.0
hmm_t,2,0.9,5.0,5000,9,10.000000000000002,21,2.4395470347151886,HMM,ICL,7,0,5,0.06534814138208302,0.022702488110908456,7.0,0.0
hmm_t,2,0.9,5.0,5000,10,10.000000000000002,21,2.414810728500492,K-Means,Silhouette,2,1,0,0.0375792347881682,0.0375792347881682,,
hmm_t,2,0.9,5.0,5000,10,10.000000000000002,21,2.414810728500492,K-Means,Davies-Bouldin,8,0,6,0.0375792347881682,0.018611252949646325,,
hmm_t,2,0.9,5.0,5000,10,10.000000000000002,21,2.414810728500492,K-Means,Calinski-Harabasz,12,0,10,0.0375792347881682,0.012902107025395869,,
hmm_t,2,0.9,5.0,5000,10,10.000000000000002,21,2.414810728500492,GMM,BIC,3,0,1,0.035256415626987544,0.03930956201426332,3.0,0.0
hmm_t,2,0.9,5.0,5000,10,10.000000000000002,21,2.414810728500492,GMM,AIC,5,0,3,0.035256415626987544,0.032049449988154795,5.0,0.0
hmm_t,2,0.9,5.0,5000,10,10.000000000000002,21,2.414810728500492,GMM,ICL,5,0,3,0.035256415626987544,0.032049449988154795,1.0,1.0
hmm_t,2,0.9,5.0,5000,10,10.000000000000002,21,2.414810728500492,GMM,BIC_Neff,5,0,3,0.035256415626987544,0.032049449988154795,5.0,0.0
hmm_t,2,0.9,5.0,5000,10,10.000000000000002,21,2.414810728500492,HMM,BIC,12,0,10,0.05034472474607369,0.01704555344085694,12.0,0.0
hmm_t,2,0.9,5.0,5000,10,10.000000000000002,21,2.414810728500492,HMM,AIC,12,0,10,0.05034472474607369,0.01704555344085694,12.0,0.0
hmm_t,2,0.9,5.0,5000,10,10.000000000000002,21,2.414810728500492,HMM,ICL,10,0,8,0.05034472474607369,0.02009932396333929,10.0,0.0
hmm_t,2,0.9,5.0,5000,11,10.000000000000002,21,2.396086787087292,K-Means,Silhouette,2,1,0,0.038206916385987805,0.038206916385987805,,
hmm_t,2,0.9,5.0,5000,11,10.000000000000002,21,2.396086787087292,K-Means,Davies-Bouldin,12,0,10,0.038206916385987805,0.010133519644574662,,
hmm_t,2,0.9,5.0,5000,11,10.000000000000002,21,2.396086787087292,K-Means,Calinski-Harabasz,12,0,10,0.038206916385987805,0.010133519644574662,,
hmm_t,2,0.9,5.0,5000,11,10.000000000000002,21,2.396086787087292,GMM,BIC,3,0,1,0.03899630497461466,0.030749424538009086,3.0,0.0
hmm_t,2,0.9,5.0,5000,11,10.000000000000002,21,2.396086787087292,GMM,AIC,9,0,7,0.03899630497461466,0.014292456545258373,9.0,0.0
hmm_t,2,0.9,5.0,5000,11,10.000000000000002,21,2.396086787087292,GMM,ICL,2,1,0,0.03899630497461466,0.03899630497461466,1.0,1.0
hmm_t,2,0.9,5.0,5000,11,10.000000000000002,21,2.396086787087292,GMM,BIC_Neff,5,0,3,0.03899630497461466,0.024213203385775813,5.0,0.0
hmm_t,2,0.9,5.0,5000,11,10.000000000000002,21,2.396086787087292,HMM,BIC,11,0,9,-0.0001992246069760302,0.01137722177584792,11.0,0.0
hmm_t,2,0.9,5.0,5000,11,10.000000000000002,21,2.396086787087292,HMM,AIC,11,0,9,-0.0001992246069760302,0.01137722177584792,11.0,0.0
hmm_t,2,0.9,5.0,5000,11,10.000000000000002,21,2.396086787087292,HMM,ICL,11,0,9,-0.0001992246069760302,0.01137722177584792,11.0,0.0
hmm_t,2,0.9,5.0,5000,12,10.000000000000002,21,2.4107255738075986,K-Means,Silhouette,2,1,0,0.07277758192788866,0.07277758192788866,,
hmm_t,2,0.9,5.0,5000,12,10.000000000000002,21,2.4107255738075986,K-Means,Davies-Bouldin,11,0,9,0.07277758192788866,0.017386640054881938,,
hmm_t,2,0.9,5.0,5000,12,10.000000000000002,21,2.4107255738075986,K-Means,Calinski-Harabasz,12,0,10,0.07277758192788866,0.01565864993748699,,
hmm_t,2,0.9,5.0,5000,12,10.000000000000002,21,2.4107255738075986,GMM,BIC,3,0,1,0.07678068212272872,0.056079976909001024,3.0,0.0
hmm_t,2,0.9,5.0,5000,12,10.000000000000002,21,2.4107255738075986,GMM,AIC,7,0,5,0.07678068212272872,0.02623682448518285,7.0,0.0
hmm_t,2,0.9,5.0,5000,12,10.000000000000002,21,2.4107255738075986,GMM,ICL,2,1,0,0.07678068212272872,0.07678068212272872,1.0,1.0
hmm_t,2,0.9,5.0,5000,12,10.000000000000002,21,2.4107255738075986,GMM,BIC_Neff,3,0,1,0.07678068212272872,0.056079976909001024,3.0,0.0
hmm_t,2,0.9,5.0,5000,12,10.000000000000002,21,2.4107255738075986,HMM,BIC,12,0,10,0.08115650229958918,0.018726774955950067,12.0,0.0
hmm_t,2,0.9,5.0,5000,12,10.000000000000002,21,2.4107255738075986,HMM,AIC,12,0,10,0.08115650229958918,0.018726774955950067,12.0,0.0
hmm_t,2,0.9,5.0,5000,12,10.000000000000002,21,2.4107255738075986,HMM,ICL,8,0,6,0.08115650229958918,0.024710728933900947,8.0,0.0
hmm_t,2,0.9,5.0,5000,13,10.000000000000002,21,2.4918430394481974,K-Means,Silhouette,2,1,0,0.06364689170796604,0.06364689170796604,,
hmm_t,2,0.9,5.0,5000,13,10.000000000000002,21,2.4918430394481974,K-Means,Davies-Bouldin,10,0,8,0.06364689170796604,0.0226213361300048,,
hmm_t,2,0.9,5.0,5000,13,10.000000000000002,21,2.4918430394481974,K-Means,Calinski-Harabasz,12,0,10,0.06364689170796604,0.019060104678724005,,
hmm_t,2,0.9,5.0,5000,13,10.000000000000002,21,2.4918430394481974,GMM,BIC,3,0,1,0.060608525019284695,0.06086159583713444,3.0,0.0
hmm_t,2,0.9,5.0,5000,13,10.000000000000002,21,2.4918430394481974,GMM,AIC,8,0,6,0.060608525019284695,0.026941354640614538,8.0,0.0
hmm_t,2,0.9,5.0,5000,13,10.000000000000002,21,2.4918430394481974,GMM,ICL,2,1,0,0.060608525019284695,0.060608525019284695,1.0,1.0
hmm_t,2,0.9,5.0,5000,13,10.000000000000002,21,2.4918430394481974,GMM,BIC_Neff,4,0,2,0.060608525019284695,0.05670265948398757,4.0,0.0
hmm_t,2,0.9,5.0,5000,13,10.000000000000002,21,2.4918430394481974,HMM,BIC,10,0,8,0.08648849543810051,0.025437121344172656,10.0,0.0
hmm_t,2,0.9,5.0,5000,13,10.000000000000002,21,2.4918430394481974,HMM,AIC,10,0,8,0.08648849543810051,0.025437121344172656,10.0,0.0
hmm_t,2,0.9,5.0,5000,13,10.000000000000002,21,2.4918430394481974,HMM,ICL,10,0,8,0.08648849543810051,0.025437121344172656,10.0,0.0
hmm_t,2,0.9,5.0,5000,14,10.000000000000002,21,2.5301175377308702,K-Means,Silhouette,2,1,0,0.048372791372830536,0.048372791372830536,,
hmm_t,2,0.9,5.0,5000,14,10.000000000000002,21,2.5301175377308702,K-Means,Davies-Bouldin,8,0,6,0.048372791372830536,0.017934011806965227,,
hmm_t,2,0.9,5.0,5000,14,10.000000000000002,21,2.5301175377308702,K-Means,Calinski-Harabasz,12,0,10,0.048372791372830536,0.01289236363935686,,
hmm_t,2,0.9,5.0,5000,14,10.000000000000002,21,2.5301175377308702,GMM,BIC,5,0,3,0.046270594981509504,0.02772301652732812,5.0,0.0
hmm_t,2,0.9,5.0,5000,14,10.000000000000002,21,2.5301175377308702,GMM,AIC,7,0,5,0.046270594981509504,0.022567779791913347,7.0,0.0
hmm_t,2,0.9,5.0,5000,14,10.000000000000002,21,2.5301175377308702,GMM,ICL,2,1,0,0.046270594981509504,0.046270594981509504,1.0,1.0
hmm_t,2,0.9,5.0,5000,14,10.000000000000002,21,2.5301175377308702,GMM,BIC_Neff,5,0,3,0.046270594981509504,0.02772301652732812,5.0,0.0
hmm_t,2,0.9,5.0,5000,14,10.000000000000002,21,2.5301175377308702,HMM,BIC,11,0,9,-0.00013599947858263637,0.015608913125433846,11.0,0.0
hmm_t,2,0.9,5.0,5000,14,10.000000000000002,21,2.5301175377308702,HMM,AIC,11,0,9,-0.00013599947858263637,0.015608913125433846,11.0,0.0
hmm_t,2,0.9,5.0,5000,14,10.000000000000002,21,2.5301175377308702,HMM,ICL,11,0,9,-0.00013599947858263637,0.015608913125433846,11.0,0.0
hmm_t,2,0.9,5.0,5000,15,10.000000000000002,21,2.3815548784766416,K-Means,Silhouette,2,1,0,0.061893626317278135,0.061893626317278135,,
hmm_t,2,0.9,5.0,5000,15,10.000000000000002,21,2.3815548784766416,K-Means,Davies-Bouldin,11,0,9,0.061893626317278135,0.01415454499804368,,
hmm_t,2,0.9,5.0,5000,15,10.000000000000002,21,2.3815548784766416,K-Means,Calinski-Harabasz,12,0,10,0.061893626317278135,0.013419044834974409,,
hmm_t,2,0.9,5.0,5000,15,10.000000000000002,21,2.3815548784766416,GMM,BIC,4,0,2,0.06369856697659722,0.03932403921895645,4.0,0.0
hmm_t,2,0.9,5.0,5000,15,10.000000000000002,21,2.3815548784766416,GMM,AIC,5,0,3,0.06369856697659722,0.030638406950973016,5.0,0.0
hmm_t,2,0.9,5.0,5000,15,10.000000000000002,21,2.3815548784766416,GMM,ICL,2,1,0,0.06369856697659722,0.06369856697659722,1.0,1.0
hmm_t,2,0.9,5.0,5000,15,10.000000000000002,21,2.3815548784766416,GMM,BIC_Neff,4,0,2,0.06369856697659722,0.03932403921895645,4.0,0.0
hmm_t,2,0.9,5.0,5000,15,10.000000000000002,21,2.3815548784766416,HMM,BIC,11,0,9,0.06131231799684045,0.023738256344172388,11.0,0.0
hmm_t,2,0.9,5.0,5000,15,10.000000000000002,21,2.3815548784766416,HMM,AIC,11,0,9,0.06131231799684045,0.023738256344172388,11.0,0.0
hmm_t,2,0.9,5.0,5000,15,10.000000000000002,21,2.3815548784766416,HMM,ICL,11,0,9,0.06131231799684045,0.023738256344172388,11.0,0.0
hmm_t,2,0.9,5.0,5000,16,10.000000000000002,21,2.4970958921015205,K-Means,Silhouette,2,1,0,0.06447903222317504,0.06447903222317504,,
hmm_t,2,0.9,5.0,5000,16,10.000000000000002,21,2.4970958921015205,K-Means,Davies-Bouldin,8,0,6,0.06447903222317504,0.027500814044721444,,
hmm_t,2,0.9,5.0,5000,16,10.000000000000002,21,2.4970958921015205,K-Means,Calinski-Harabasz,12,0,10,0.06447903222317504,0.017467787000521665,,
hmm_t,2,0.9,5.0,5000,16,10.000000000000002,21,2.4970958921015205,GMM,BIC,3,0,1,0.06326039846589031,0.07048869504458416,3.0,0.0
hmm_t,2,0.9,5.0,5000,16,10.000000000000002,21,2.4970958921015205,GMM,AIC,8,0,6,0.06326039846589031,0.026507047664223314,8.0,0.0
hmm_t,2,0.9,5.0,5000,16,10.000000000000002,21,2.4970958921015205,GMM,ICL,2,1,0,0.06326039846589031,0.06326039846589031,1.0,1.0
hmm_t,2,0.9,5.0,5000,16,10.000000000000002,21,2.4970958921015205,GMM,BIC_Neff,5,0,3,0.06326039846589031,0.04666490720221524,5.0,0.0
hmm_t,2,0.9,5.0,5000,16,10.000000000000002,21,2.4970958921015205,HMM,BIC,12,0,10,0.09077842765098024,0.02010316538522065,12.0,0.0
hmm_t,2,0.9,5.0,5000,16,10.000000000000002,21,2.4970958921015205,HMM,AIC,12,0,10,0.09077842765098024,0.02010316538522065,12.0,0.0
hmm_t,2,0.9,5.0,5000,16,10.000000000000002,21,2.4970958921015205,HMM,ICL,8,0,6,0.09077842765098024,0.02943178099234111,8.0,0.0
hmm_t,2,0.9,5.0,5000,17,10.000000000000002,21,2.5552296482911614,K-Means,Silhouette,2,1,0,0.04813877185520898,0.04813877185520898,,
hmm_t,2,0.9,5.0,5000,17,10.000000000000002,21,2.5552296482911614,K-Means,Davies-Bouldin,10,0,8,0.04813877185520898,0.015338084927060396,,
hmm_t,2,0.9,5.0,5000,17,10.000000000000002,21,2.5552296482911614,K-Means,Calinski-Harabasz,12,0,10,0.04813877185520898,0.013143328122233544,,
hmm_t,2,0.9,5.0,5000,17,10.000000000000002,21,2.5552296482911614,GMM,BIC,4,0,2,0.046377973406422336,0.03680148679715308,4.0,0.0
hmm_t,2,0.9,5.0,5000,17,10.000000000000002,21,2.5552296482911614,GMM,AIC,8,0,6,0.046377973406422336,0.01818703642174315,8.0,0.0
hmm_t,2,0.9,5.0,5000,17,10.000000000000002,21,2.5552296482911614,GMM,ICL,2,1,0,0.046377973406422336,0.046377973406422336,1.0,1.0
hmm_t,2,0.9,5.0,5000,17,10.000000000000002,21,2.5552296482911614,GMM,BIC_Neff,4,0,2,0.046377973406422336,0.03680148679715308,4.0,0.0
hmm_t,2,0.9,5.0,5000,17,10.000000000000002,21,2.5552296482911614,HMM,BIC,8,0,6,-0.00015350416755835093,0.01926229842509576,8.0,0.0
hmm_t,2,0.9,5.0,5000,17,10.000000000000002,21,2.5552296482911614,HMM,AIC,12,0,10,-0.00015350416755835093,0.017243667502342082,12.0,0.0
hmm_t,2,0.9,5.0,5000,17,10.000000000000002,21,2.5552296482911614,HMM,ICL,8,0,6,-0.00015350416755835093,0.01926229842509576,8.0,0.0
hmm_t,2,0.9,5.0,5000,18,10.000000000000002,21,2.5314002539353835,K-Means,Silhouette,2,1,0,0.06761434910956518,0.06761434910956518,,
hmm_t,2,0.9,5.0,5000,18,10.000000000000002,21,2.5314002539353835,K-Means,Davies-Bouldin,6,0,4,0.06761434910956518,0.02867414814904995,,
hmm_t,2,0.9,5.0,5000,18,10.000000000000002,21,2.5314002539353835,K-Means,Calinski-Harabasz,12,0,10,0.06761434910956518,0.014594280994750521,,
hmm_t,2,0.9,5.0,5000,18,10.000000000000002,21,2.5314002539353835,GMM,BIC,5,0,3,0.06657408280287498,0.034711153203272685,5.0,0.0
hmm_t,2,0.9,5.0,5000,18,10.000000000000002,21,2.5314002539353835,GMM,AIC,11,0,9,0.06657408280287498,0.016406210119493215,11.0,0.0
hmm_t,2,0.9,5.0,5000,18,10.000000000000002,21,2.5314002539353835,GMM,ICL,2,1,0,0.06657408280287498,0.06657408280287498,1.0,1.0
hmm_t,2,0.9,5.0,5000,18,10.000000000000002,21,2.5314002539353835,GMM,BIC_Neff,5,0,3,0.06657408280287498,0.034711153203272685,5.0,0.0
hmm_t,2,0.9,5.0,5000,18,10.000000000000002,21,2.5314002539353835,HMM,BIC,10,0,8,0.06741325717936111,0.016518631911902067,10.0,0.0
hmm_t,2,0.9,5.0,5000,18,10.000000000000002,21,2.5314002539353835,HMM,AIC,10,0,8,0.06741325717936111,0.016518631911902067,10.0,0.0
hmm_t,2,0.9,5.0,5000,18,10.000000000000002,21,2.5314002539353835,HMM,ICL,10,0,8,0.06741325717936111,0.016518631911902067,10.0,0.0
hmm_t,2,0.9,5.0,5000,19,10.000000000000002,21,2.7069280362405426,K-Means,Silhouette,2,1,0,0.05935579584228668,0.05935579584228668,,
hmm_t,2,0.9,5.0,5000,19,10.000000000000002,21,2.7069280362405426,K-Means,Davies-Bouldin,11,0,9,0.05935579584228668,0.01815913142471869,,
hmm_t,2,0.9,5.0,5000,19,10.000000000000002,21,2.7069280362405426,K-Means,Calinski-Harabasz,12,0,10,0.05935579584228668,0.017255362983100916,,
hmm_t,2,0.9,5.0,5000,19,10.000000000000002,21,2.7069280362405426,GMM,BIC,4,0,2,0.05896637865117831,0.047945188925445914,4.0,0.0
hmm_t,2,0.9,5.0,5000,19,10.000000000000002,21,2.7069280362405426,GMM,AIC,8,0,6,0.05896637865117831,0.024845564116162292,8.0,0.0
hmm_t,2,0.9,5.0,5000,19,10.000000000000002,21,2.7069280362405426,GMM,ICL,2,1,0,0.05896637865117831,0.05896637865117831,1.0,1.0
hmm_t,2,0.9,5.0,5000,19,10.000000000000002,21,2.7069280362405426,GMM,BIC_Neff,5,0,3,0.05896637865117831,0.041972645549635465,5.0,0.0
hmm_t,2,0.9,5.0,5000,19,10.000000000000002,21,2.7069280362405426,HMM,BIC,11,0,9,0.07732215755614809,0.020134219942664514,11.0,0.0
hmm_t,2,0.9,5.0,5000,19,10.000000000000002,21,2.7069280362405426,HMM,AIC,12,0,10,0.07732215755614809,0.025957375968706932,12.0,0.0
hmm_t,2,0.9,5.0,5000,19,10.000000000000002,21,2.7069280362405426,HMM,ICL,7,0,5,0.07732215755614809,0.027305110524130045,7.0,0.0
hmm_t,2,0.95,5.0,5000,0,19.999999999999982,21,2.49476352363516,K-Means,Silhouette,2,1,0,0.21619794054205665,0.21619794054205665,,
hmm_t,2,0.95,5.0,5000,0,19.999999999999982,21,2.49476352363516,K-Means,Davies-Bouldin,11,0,9,0.21619794054205665,0.05723493328053227,,
hmm_t,2,0.95,5.0,5000,0,19.999999999999982,21,2.49476352363516,K-Means,Calinski-Harabasz,12,0,10,0.21619794054205665,0.05033970241268968,,
hmm_t,2,0.95,5.0,5000,0,19.999999999999982,21,2.49476352363516,GMM,BIC,4,0,2,0.23680146726284454,0.1568402828091835,4.0,0.0
hmm_t,2,0.95,5.0,5000,0,19.999999999999982,21,2.49476352363516,GMM,AIC,4,0,2,0.23680146726284454,0.1568402828091835,4.0,0.0
hmm_t,2,0.95,5.0,5000,0,19.999999999999982,21,2.49476352363516,GMM,ICL,2,1,0,0.23680146726284454,0.23680146726284454,1.0,1.0
hmm_t,2,0.95,5.0,5000,0,19.999999999999982,21,2.49476352363516,GMM,BIC_Neff,4,0,2,0.23680146726284454,0.1568402828091835,4.0,0.0
hmm_t,2,0.95,5.0,5000,0,19.999999999999982,21,2.49476352363516,HMM,BIC,12,0,10,0.2333292849669662,0.05450984405370496,12.0,0.0
hmm_t,2,0.95,5.0,5000,0,19.999999999999982,21,2.49476352363516,HMM,AIC,12,0,10,0.2333292849669662,0.05450984405370496,12.0,0.0
hmm_t,2,0.95,5.0,5000,0,19.999999999999982,21,2.49476352363516,HMM,ICL,8,0,6,0.2333292849669662,0.08672725123293294,8.0,0.0
hmm_t,2,0.95,5.0,5000,1,19.999999999999982,21,2.54914716948141,K-Means,Silhouette,2,1,0,0.1682499011376661,0.1682499011376661,,
hmm_t,2,0.95,5.0,5000,1,19.999999999999982,21,2.54914716948141,K-Means,Davies-Bouldin,12,0,10,0.1682499011376661,0.048077845692827165,,
hmm_t,2,0.95,5.0,5000,1,19.999999999999982,21,2.54914716948141,K-Means,Calinski-Harabasz,12,0,10,0.1682499011376661,0.048077845692827165,,
hmm_t,2,0.95,5.0,5000,1,19.999999999999982,21,2.54914716948141,GMM,BIC,5,0,3,0.19203044930092567,0.12110446585411118,5.0,0.0
hmm_t,2,0.95,5.0,5000,1,19.999999999999982,21,2.54914716948141,GMM,AIC,9,0,7,0.19203044930092567,0.0700087546673365,9.0,0.0
hmm_t,2,0.95,5.0,5000,1,19.999999999999982,21,2.54914716948141,GMM,ICL,2,1,0,0.19203044930092567,0.19203044930092567,1.0,1.0
hmm_t,2,0.95,5.0,5000,1,19.999999999999982,21,2.54914716948141,GMM,BIC_Neff,6,0,4,0.19203044930092567,0.09844187528320063,6.0,0.0
hmm_t,2,0.95,5.0,5000,1,19.999999999999982,21,2.54914716948141,HMM,BIC,12,0,10,0.2099709377177188,0.05826404217341998,12.0,0.0
hmm_t,2,0.95,5.0,5000,1,19.999999999999982,21,2.54914716948141,HMM,AIC,12,0,10,0.2099709377177188,0.05826404217341998,12.0,0.0
hmm_t,2,0.95,5.0,5000,1,19.999999999999982,21,2.54914716948141,HMM,ICL,12,0,10,0.2099709377177188,0.05826404217341998,12.0,0.0
hmm_t,2,0.95,5.0,5000,2,19.999999999999982,21,2.5559818016420603,K-Means,Silhouette,2,1,0,0.15467343474066794,0.15467343474066794,,
hmm_t,2,0.95,5.0,5000,2,19.999999999999982,21,2.5559818016420603,K-Means,Davies-Bouldin,10,0,8,0.15467343474066794,0.055202479986318095,,
hmm_t,2,0.95,5.0,5000,2,19.999999999999982,21,2.5559818016420603,K-Means,Calinski-Harabasz,12,0,10,0.15467343474066794,0.044109864397494786,,
hmm_t,2,0.95,5.0,5000,2,19.999999999999982,21,2.5559818016420603,GMM,BIC,6,0,4,0.16137857441982129,0.08847659297133391,6.0,0.0
hmm_t,2,0.95,5.0,5000,2,19.999999999999982,21,2.5559818016420603,GMM,AIC,11,0,9,0.16137857441982129,0.054741226735236834,11.0,0.0
hmm_t,2,0.95,5.0,5000,2,19.999999999999982,21,2.5559818016420603,GMM,ICL,2,1,0,0.16137857441982129,0.16137857441982129,1.0,1.0
hmm_t,2,0.95,5.0,5000,2,19.999999999999982,21,2.5559818016420603,GMM,BIC_Neff,7,0,5,0.16137857441982129,0.07301182789182314,7.0,0.0
hmm_t,2,0.95,5.0,5000,2,19.999999999999982,21,2.5559818016420603,HMM,BIC,11,0,9,-0.00019825932435313222,0.04450107415427877,11.0,0.0
hmm_t,2,0.95,5.0,5000,2,19.999999999999982,21,2.5559818016420603,HMM,AIC,11,0,9,-0.00019825932435313222,0.04450107415427877,11.0,0.0
hmm_t,2,0.95,5.0,5000,2,19.999999999999982,21,2.5559818016420603,HMM,ICL,11,0,9,-0.00019825932435313222,0.04450107415427877,11.0,0.0
hmm_t,2,0.95,5.0,5000,3,19.999999999999982,21,2.552283151692648,K-Means,Silhouette,2,1,0,0.16110891711079692,0.16110891711079692,,
hmm_t,2,0.95,5.0,5000,3,19.999999999999982,21,2.552283151692648,K-Means,Davies-Bouldin,8,0,6,0.16110891711079692,0.06545163871519455,,
hmm_t,2,0.95,5.0,5000,3,19.999999999999982,21,2.552283151692648,K-Means,Calinski-Harabasz,12,0,10,0.16110891711079692,0.04128413069146886,,
hmm_t,2,0.95,5.0,5000,3,19.999999999999982,21,2.552283151692648,GMM,BIC,4,0,2,0.16466631252566208,0.12633350535076857,4.0,0.0
hmm_t,2,0.95,5.0,5000,3,19.999999999999982,21,2.552283151692648,GMM,AIC,7,0,5,0.16466631252566208,0.07318406463617198,7.0,0.0
hmm_t,2,0.95,5.0,5000,3,19.999999999999982,21,2.552283151692648,GMM,ICL,2,1,0,0.16466631252566208,0.16466631252566208,1.0,1.0
hmm_t,2,0.95,5.0,5000,3,19.999999999999982,21,2.552283151692648,GMM,BIC_Neff,6,0,4,0.16466631252566208,0.07808833435273542,6.0,0.0
hmm_t,2,0.95,5.0,5000,3,19.999999999999982,21,2.552283151692648,HMM,BIC,10,0,8,0.19520130322409404,0.06454546169105292,10.0,0.0
hmm_t,2,0.95,5.0,5000,3,19.999999999999982,21,2.552283151692648,HMM,AIC,12,0,10,0.19520130322409404,0.06128157195214401,12.0,0.0
hmm_t,2,0.95,5.0,5000,3,19.999999999999982,21,2.552283151692648,HMM,ICL,10,0,8,0.19520130322409404,0.06454546169105292,10.0,0.0
hmm_t,2,0.95,5.0,5000,4,19.999999999999982,21,2.589133986648716,K-Means,Silhouette,2,1,0,0.17406461159265954,0.17406461159265954,,
hmm_t,2,0.95,5.0,5000,4,19.999999999999982,21,2.589133986648716,K-Means,Davies-Bouldin,11,0,9,0.17406461159265954,0.053509742866466654,,
hmm_t,2,0.95,5.0,5000,4,19.999999999999982,21,2.589133986648716,K-Means,Calinski-Harabasz,12,0,10,0.17406461159265954,0.04935739273264564,,
hmm_t,2,0.95,5.0,5000,4,19.999999999999982,21,2.589133986648716,GMM,BIC,4,0,2,0.18017646495503697,0.13725961826972352,4.0,0.0
hmm_t,2,0.95,5.0,5000,4,19.999999999999982,21,2.589133986648716,GMM,AIC,11,0,9,0.18017646495503697,0.054241481363774914,11.0,0.0
hmm_t,2,0.95,5.0,5000,4,19.999999999999982,21,2.589133986648716,GMM,ICL,2,1,0,0.18017646495503697,0.18017646495503697,1.0,1.0
hmm_t,2,0.95,5.0,5000,4,19.999999999999982,21,2.589133986648716,GMM,BIC_Neff,4,0,2,0.18017646495503697,0.13725961826972352,4.0,0.0
hmm_t,2,0.95,5.0,5000,4,19.999999999999982,21,2.589133986648716,HMM,BIC,12,0,10,0.20486755510331303,0.040524565796033245,12.0,0.0
hmm_t,2,0.95,5.0,5000,4,19.999999999999982,21,2.589133986648716,HMM,AIC,12,0,10,0.20486755510331303,0.040524565796033245,12.0,0.0
hmm_t,2,0.95,5.0,5000,4,19.999999999999982,21,2.589133986648716,HMM,ICL,8,0,6,0.20486755510331303,0.07672864419531375,8.0,0.0
hmm_t,2,0.95,5.0,5000,5,19.999999999999982,21,2.497615364349787,K-Means,Silhouette,2,1,0,0.13548665114678676,0.13548665114678676,,
hmm_t,2,0.95,5.0,5000,5,19.999999999999982,21,2.497615364349787,K-Means,Davies-Bouldin,5,0,3,0.13548665114678676,0.07667000014814394,,
hmm_t,2,0.95,5.0,5000,5,19.999999999999982,21,2.497615364349787,K-Means,Calinski-Harabasz,12,0,10,0.13548665114678676,0.03505606957985026,,
hmm_t,2,0.95,5.0,5000,5,19.999999999999982,21,2.497615364349787,GMM,BIC,5,0,3,0.1417830070843903,0.07587208136441202,5.0,0.0
hmm_t,2,0.95,5.0,5000,5,19.999999999999982,21,2.497615364349787,GMM,AIC,11,0,9,0.1417830070843903,0.037967959275873146,11.0,0.0
hmm_t,2,0.95,5.0,5000,5,19.999999999999982,21,2.497615364349787,GMM,ICL,2,1,0,0.1417830070843903,0.1417830070843903,1.0,1.0
hmm_t,2,0.95,5.0,5000,5,19.999999999999982,21,2.497615364349787,GMM,BIC_Neff,5,0,3,0.1417830070843903,0.07587208136441202,5.0,0.0
hmm_t,2,0.95,5.0,5000,5,19.999999999999982,21,2.497615364349787,HMM,BIC,12,0,10,0.17959152065041203,0.03937804919562643,12.0,0.0
hmm_t,2,0.95,5.0,5000,5,19.999999999999982,21,2.497615364349787,HMM,AIC,12,0,10,0.17959152065041203,0.03937804919562643,12.0,0.0
hmm_t,2,0.95,5.0,5000,5,19.999999999999982,21,2.497615364349787,HMM,ICL,11,0,9,0.17959152065041203,0.03877856571483858,11.0,0.0
hmm_t,2,0.95,5.0,5000,6,19.999999999999982,21,2.296628220482647,K-Means,Silhouette,2,1,0,0.17471961738978514,0.17471961738978514,,
hmm_t,2,0.95,5.0,5000,6,19.999999999999982,21,2.296628220482647,K-Means,Davies-Bouldin,12,0,10,0.17471961738978514,0.03926440131168981,,
hmm_t,2,0.95,5.0,5000,6,19.999999999999982,21,2.296628220482647,K-Means,Calinski-Harabasz,12,0,10,0.17471961738978514,0.03926440131168981,,
hmm_t,2,0.95,5.0,5000,6,19.999999999999982,21,2.296628220482647,GMM,BIC,4,0,2,0.18638632315591983,0.11631326658593177,4.0,0.0
hmm_t,2,0.95,5.0,5000,6,19.999999999999982,21,2.296628220482647,GMM,AIC,6,0,4,0.18638632315591983,0.07728695835706463,6.0,0.0
hmm_t,2,0.95,5.0,5000,6,19.999999999999982,21,2.296628220482647,GMM,ICL,2,1,0,0.18638632315591983,0.18638632315591983,1.0,1.0
hmm_t,2,0.95,5.0,5000,6,19.999999999999982,21,2.296628220482647,GMM,BIC_Neff,4,0,2,0.18638632315591983,0.11631326658593177,4.0,0.0
hmm_t,2,0.95,5.0,5000,6,19.999999999999982,21,2.296628220482647,HMM,BIC,11,0,9,-0.00019525773112131733,0.04318719857590381,11.0,0.0
hmm_t,2,0.95,5.0,5000,6,19.999999999999982,21,2.296628220482647,HMM,AIC,11,0,9,-0.00019525773112131733,0.04318719857590381,11.0,0.0
hmm_t,2,0.95,5.0,5000,6,19.999999999999982,21,2.296628220482647,HMM,ICL,11,0,9,-0.00019525773112131733,0.04318719857590381,11.0,0.0
hmm_t,2,0.95,5.0,5000,7,19.999999999999982,21,2.459374806614662,K-Means,Silhouette,2,1,0,0.1358934847933687,0.1358934847933687,,
hmm_t,2,0.95,5.0,5000,7,19.999999999999982,21,2.459374806614662,K-Means,Davies-Bouldin,8,0,6,0.1358934847933687,0.05369444213825024,,
hmm_t,2,0.95,5.0,5000,7,19.999999999999982,21,2.459374806614662,K-Means,Calinski-Harabasz,12,0,10,0.1358934847933687,0.04013840231265865,,
hmm_t,2,0.95,5.0,5000,7,19.999999999999982,21,2.459374806614662,GMM,BIC,5,0,3,0.13844319883827588,0.09604812840649833,5.0,0.0
hmm_t,2,0.95,5.0,5000,7,19.999999999999982,21,2.459374806614662,GMM,AIC,8,0,6,0.13844319883827588,0.05374374401568473,8.0,0.0
hmm_t,2,0.95,5.0,5000,7,19.999999999999982,21,2.459374806614662,GMM,ICL,2,1,0,0.13844319883827588,0.13844319883827588,1.0,1.0
hmm_t,2,0.95,5.0,5000,7,19.999999999999982,21,2.459374806614662,GMM,BIC_Neff,8,0,6,0.13844319883827588,0.05374374401568473,8.0,0.0
hmm_t,2,0.95,5.0,5000,7,19.999999999999982,21,2.459374806614662,HMM,BIC,11,0,9,0.15719708736715252,0.039423955476939776,11.0,0.0
hmm_t,2,0.95,5.0,5000,7,19.999999999999982,21,2.459374806614662,HMM,AIC,11,0,9,0.15719708736715252,0.039423955476939776,11.0,0.0
hmm_t,2,0.95,5.0,5000,7,19.999999999999982,21,2.459374806614662,HMM,ICL,11,0,9,0.15719708736715252,0.039423955476939776,11.0,0.0
hmm_t,2,0.95,5.0,5000,8,19.999999999999982,21,2.4469981096154956,K-Means,Silhouette,2,1,0,0.1888642150620325,0.1888642150620325,,
hmm_t,2,0.95,5.0,5000,8,19.999999999999982,21,2.4469981096154956,K-Means,Davies-Bouldin,9,0,7,0.1888642150620325,0.060124416375931175,,
hmm_t,2,0.95,5.0,5000,8,19.999999999999982,21,2.4469981096154956,K-Means,Calinski-Harabasz,12,0,10,0.1888642150620325,0.049703738804850996,,
hmm_t,2,0.95,5.0,5000,8,19.999999999999982,21,2.4469981096154956,GMM,BIC,4,0,2,0.20304843247043897,0.13345148495474454,4.0,0.0
hmm_t,2,0.95,5.0,5000,8,19.999999999999982,21,2.4469981096154956,GMM,AIC,9,0,7,0.20304843247043897,0.061421704558601735,9.0,0.0
hmm_t,2,0.95,5.0,5000,8,19.999999999999982,21,2.4469981096154956,GMM,ICL,2,1,0,0.20304843247043897,0.20304843247043897,1.0,1.0
hmm_t,2,0.95,5.0,5000,8,19.999999999999982,21,2.4469981096154956,GMM,BIC_Neff,5,0,3,0.20304843247043897,0.11430582202691977,5.0,0.0
hmm_t,2,0.95,5.0,5000,8,19.999999999999982,21,2.4469981096154956,HMM,BIC,9,0,7,0.241518931121743,0.07163838247898553,9.0,0.0
hmm_t,2,0.95,5.0,5000,8,19.999999999999982,21,2.4469981096154956,HMM,AIC,9,0,7,0.241518931121743,0.07163838247898553,9.0,0.0
hmm_t,2,0.95,5.0,5000,8,19.999999999999982,21,2.4469981096154956,HMM,ICL,9,0,7,0.241518931121743,0.07163838247898553,9.0,0.0
hmm_t,2,0.95,5.0,5000,9,19.999999999999982,21,2.5278883784411676,K-Means,Silhouette,2,1,0,0.20161312691965552,0.20161312691965552,,
hmm_t,2,0.95,5.0,5000,9,19.999999999999982,21,2.5278883784411676,K-Means,Davies-Bouldin,10,0,8,0.20161312691965552,0.07444515894450804,,
hmm_t,2,0.95,5.0,5000,9,19.999999999999982,21,2.5278883784411676,K-Means,Calinski-Harabasz,12,0,10,0.20161312691965552,0.05841898205715993,,
hmm_t,2,0.95,5.0,5000,9,19.999999999999982,21,2.5278883784411676,GMM,BIC,4,0,2,0.22376066085950067,0.1681844126846961,4.0,0.0
hmm_t,2,0.95,5.0,5000,9,19.999999999999982,21,2.5278883784411676,GMM,AIC,10,0,8,0.22376066085950067,0.082398475687316,10.0,0.0
hmm_t,2,0.95,5.0,5000,9,19.999999999999982,21,2.5278883784411676,GMM,ICL,2,1,0,0.22376066085950067,0.22376066085950067,1.0,1.0
hmm_t,2,0.95,5.0,5000,9,19.999999999999982,21,2.5278883784411676,GMM,BIC_Neff,4,0,2,0.22376066085950067,0.1681844126846961,4.0,0.0
hmm_t,2,0.95,5.0,5000,9,19.999999999999982,21,2.5278883784411676,HMM,BIC,11,0,9,-0.00018060470176278618,0.05544315055749622,11.0,0.0
hmm_t,2,0.95,5.0,5000,9,19.999999999999982,21,2.5278883784411676,HMM,AIC,11,0,9,-0.00018060470176278618,0.05544315055749622,11.0,0.0
hmm_t,2,0.95,5.0,5000,9,19.999999999999982,21,2.5278883784411676,HMM,ICL,11,0,9,-0.00018060470176278618,0.05544315055749622,11.0,0.0
hmm_t,2,0.95,5.0,5000,10,19.999999999999982,21,2.587303473982112,K-Means,Silhouette,2,1,0,0.135251751825564,0.135251751825564,,
hmm_t,2,0.95,5.0,5000,10,19.999999999999982,21,2.587303473982112,K-Means,Davies-Bouldin,4,0,2,0.135251751825564,0.10122071776001042,,
hmm_t,2,0.95,5.0,5000,10,19.999999999999982,21,2.587303473982112,K-Means,Calinski-Harabasz,12,0,10,0.135251751825564,0.03836945368175545,,
hmm_t,2,0.95,5.0,5000,10,19.999999999999982,21,2.587303473982112,GMM,BIC,4,0,2,0.1412046150603966,0.10270633906096811,4.0,0.0
hmm_t,2,0.95,5.0,5000,10,19.999999999999982,21,2.587303473982112,GMM,AIC,6,0,4,0.1412046150603966,0.08102693510773763,6.0,0.0
hmm_t,2,0.95,5.0,5000,10,19.999999999999982,21,2.587303473982112,GMM,ICL,2,1,0,0.1412046150603966,0.1412046150603966,1.0,1.0
hmm_t,2,0.95,5.0,5000,10,19.999999999999982,21,2.587303473982112,GMM,BIC_Neff,4,0,2,0.1412046150603966,0.10270633906096811,4.0,0.0
hmm_t,2,0.95,5.0,5000,10,19.999999999999982,21,2.587303473982112,HMM,BIC,10,0,8,0.1769080176369531,0.04737195585428585,10.0,0.0
hmm_t,2,0.95,5.0,5000,10,19.999999999999982,21,2.587303473982112,HMM,AIC,10,0,8,0.1769080176369531,0.04737195585428585,10.0,0.0
hmm_t,2,0.95,5.0,5000,10,19.999999999999982,21,2.587303473982112,HMM,ICL,10,0,8,0.1769080176369531,0.04737195585428585,10.0,0.0
hmm_t,2,0.95,5.0,5000,11,19.999999999999982,21,2.4761762903190863,K-Means,Silhouette,2,1,0,0.20414292965586886,0.20414292965586886,,
hmm_t,2,0.95,5.0,5000,11,19.999999999999982,21,2.4761762903190863,K-Means,Davies-Bouldin,10,0,8,0.20414292965586886,0.06461984399793956,,
hmm_t,2,0.95,5.0,5000,11,19.999999999999982,21,2.4761762903190863,K-Means,Calinski-Harabasz,12,0,10,0.20414292965586886,0.05001281780349183,,
hmm_t,2,0.95,5.0,5000,11,19.999999999999982,21,2.4761762903190863,GMM,BIC,4,0,2,0.21217326654019955,0.15214066544180746,4.0,0.0
hmm_t,2,0.95,5.0,5000,11,19.999999999999982,21,2.4761762903190863,GMM,AIC,8,0,6,0.21217326654019955,0.07575212971390945,8.0,0.0
hmm_t,2,0.95,5.0,5000,11,19.999999999999982,21,2.4761762903190863,GMM,ICL,2,1,0,0.21217326654019955,0.21217326654019955,1.0,1.0
hmm_t,2,0.95,5.0,5000,11,19.999999999999982,21,2.4761762903190863,GMM,BIC_Neff,5,0,3,0.21217326654019955,0.13856605978488412,5.0,0.0
hmm_t,2,0.95,5.0,5000,11,19.999999999999982,21,2.4761762903190863,HMM,BIC,10,0,8,0.2169964115266956,0.06520119268684596,10.0,0.0
hmm_t,2,0.95,5.0,5000,11,19.999999999999982,21,2.4761762903190863,HMM,AIC,10,0,8,0.2169964115266956,0.06520119268684596,10.0,0.0
hmm_t,2,0.95,5.0,5000,11,19.999999999999982,21,2.4761762903190863,HMM,ICL,10,0,8,0.2169964115266956,0.06520119268684596,10.0,0.0
hmm_t,2,0.95,5.0,5000,12,19.999999999999982,21,2.526567343629911,K-Means,Silhouette,2,1,0,0.2333256534805318,0.2333256534805318,,
hmm_t,2,0.95,5.0,5000,12,19.999999999999982,21,2.526567343629911,K-Means,Davies-Bouldin,12,0,10,0.2333256534805318,0.05094235622773798,,
hmm_t,2,0.95,5.0,5000,12,19.999999999999982,21,2.526567343629911,K-Means,Calinski-Harabasz,12,0,10,0.2333256534805318,0.05094235622773798,,
hmm_t,2,0.95,5.0,5000,12,19.999999999999982,21,2.526567343629911,GMM,BIC,3,0,1,0.22986039801869088,0.17712869990604485,3.0,0.0
hmm_t,2,0.95,5.0,5000,12,19.999999999999982,21,2.526567343629911,GMM,AIC,4,0,2,0.22986039801869088,0.14550752847320766,4.0,0.0
hmm_t,2,0.95,5.0,5000,12,19.999999999999982,21,2.526567343629911,GMM,ICL,2,1,0,0.22986039801869088,0.22986039801869088,1.0,1.0
hmm_t,2,0.95,5.0,5000,12,19.999999999999982,21,2.526567343629911,GMM,BIC_Neff,4,0,2,0.22986039801869088,0.14550752847320766,4.0,0.0
hmm_t,2,0.95,5.0,5000,12,19.999999999999982,21,2.526567343629911,HMM,BIC,12,0,10,0.2482521675446382,0.054197655067745605,12.0,0.0
hmm_t,2,0.95,5.0,5000,12,19.999999999999982,21,2.526567343629911,HMM,AIC,12,0,10,0.2482521675446382,0.054197655067745605,12.0,0.0
hmm_t,2,0.95,5.0,5000,12,19.999999999999982,21,2.526567343629911,HMM,ICL,10,0,8,0.2482521675446382,0.06484586070707689,10.0,0.0
hmm_t,2,0.95,5.0,5000,13,19.999999999999982,21,2.9729996052048238,K-Means,Silhouette,2,1,0,0.18508476473024374,0.18508476473024374,,
hmm_t,2,0.95,5.0,5000,13,19.999999999999982,21,2.9729996052048238,K-Means,Davies-Bouldin,4,0,2,0.18508476473024374,0.1679858013952663,,
hmm_t,2,0.95,5.0,5000,13,19.999999999999982,21,2.9729996052048238,K-Means,Calinski-Harabasz,12,0,10,0.18508476473024374,0.05392875877355299,,
hmm_t,2,0.95,5.0,5000,13,19.999999999999982,21,2.9729996052048238,GMM,BIC,6,0,4,0.21107477809642156,0.11620662392608665,6.0,0.0
hmm_t,2,0.95,5.0,5000,13,19.999999999999982,21,2.9729996052048238,GMM,AIC,6,0,4,0.21107477809642156,0.11620662392608665,6.0,0.0
hmm_t,2,0.95,5.0,5000,13,19.999999999999982,21,2.9729996052048238,GMM,ICL,3,0,1,0.21107477809642156,0.21570465785118867,1.0,1.0
hmm_t,2,0.95,5.0,5000,13,19.999999999999982,21,2.9729996052048238,GMM,BIC_Neff,6,0,4,0.21107477809642156,0.11620662392608665,6.0,0.0
hmm_t,2,0.95,5.0,5000,13,19.999999999999982,21,2.9729996052048238,HMM,BIC,11,0,9,-0.00019943875127075486,0.06006725140161839,11.0,0.0
hmm_t,2,0.95,5.0,5000,13,19.999999999999982,21,2.9729996052048238,HMM,AIC,11,0,9,-0.00019943875127075486,0.06006725140161839,11.0,0.0
hmm_t,2,0.95,5.0,5000,13,19.999999999999982,21,2.9729996052048238,HMM,ICL,11,0,9,-0.00019943875127075486,0.06006725140161839,11.0,0.0
hmm_t,2,0.95,5.0,5000,14,19.999999999999982,21,2.345972557014655,K-Means,Silhouette,2,1,0,0.157275256085821,0.157275256085821,,
hmm_t,2,0.95,5.0,5000,14,19.999999999999982,21,2.345972557014655,K-Means,Davies-Bouldin,5,0,3,0.157275256085821,0.11080334439931638,,
hmm_t,2,0.95,5.0,5000,14,19.999999999999982,21,2.345972557014655,K-Means,Calinski-Harabasz,12,0,10,0.157275256085821,0.0437181010107054,,
hmm_t,2,0.95,5.0,5000,14,19.999999999999982,21,2.345972557014655,GMM,BIC,5,0,3,0.17856947396469133,0.11001500323652226,5.0,0.0
hmm_t,2,0.95,5.0,5000,14,19.999999999999982,21,2.345972557014655,GMM,AIC,11,0,9,0.17856947396469133,0.05549410800020561,11.0,0.0
hmm_t,2,0.95,5.0,5000,14,19.999999999999982,21,2.345972557014655,GMM,ICL,2,1,0,0.17856947396469133,0.17856947396469133,1.0,1.0
hmm_t,2,0.95,5.0,5000,14,19.999999999999982,21,2.345972557014655,GMM,BIC_Neff,5,0,3,0.17856947396469133,0.11001500323652226,5.0,0.0
hmm_t,2,0.95,5.0,5000,14,19.999999999999982,21,2.345972557014655,HMM,BIC,12,0,10,0.2005380965232717,0.043651560610546064,12.0,0.0
hmm_t,2,0.95,5.0,5000,14,19.999999999999982,21,2.345972557014655,HMM,AIC,12,0,10,0.2005380965232717,0.043651560610546064,12.0,0.0
hmm_t,2,0.95,5.0,5000,14,19.999999999999982,21,2.345972557014655,HMM,ICL,12,0,10,0.2005380965232717,0.043651560610546064,12.0,0.0
hmm_t,2,0.95,5.0,5000,15,19.999999999999982,21,2.429848354027489,K-Means,Silhouette,2,1,0,0.1629943288518614,0.1629943288518614,,
hmm_t,2,0.95,5.0,5000,15,19.999999999999982,21,2.429848354027489,K-Means,Davies-Bouldin,5,0,3,0.1629943288518614,0.09114021959795267,,
hmm_t,2,0.95,5.0,5000,15,19.999999999999982,21,2.429848354027489,K-Means,Calinski-Harabasz,12,0,10,0.1629943288518614,0.03971622744712057,,
hmm_t,2,0.95,5.0,5000,15,19.999999999999982,21,2.429848354027489,GMM,BIC,4,0,2,0.17254849883655834,0.10992125716580015,4.0,0.0
hmm_t,2,0.95,5.0,5000,15,19.999999999999982,21,2.429848354027489,GMM,AIC,5,0,3,0.17254849883655834,0.09428854776611871,5.0,0.0
hmm_t,2,0.95,5.0,5000,15,19.999999999999982,21,2.429848354027489,GMM,ICL,2,1,0,0.17254849883655834,0.17254849883655834,1.0,1.0
hmm_t,2,0.95,5.0,5000,15,19.999999999999982,21,2.429848354027489,GMM,BIC_Neff,5,0,3,0.17254849883655834,0.09428854776611871,5.0,0.0
hmm_t,2,0.95,5.0,5000,15,19.999999999999982,21,2.429848354027489,HMM,BIC,12,0,10,0.18267792294983462,0.04499798565412009,12.0,0.0
hmm_t,2,0.95,5.0,5000,15,19.999999999999982,21,2.429848354027489,HMM,AIC,12,0,10,0.18267792294983462,0.04499798565412009,12.0,0.0
hmm_t,2,0.95,5.0,5000,15,19.999999999999982,21,2.429848354027489,HMM,ICL,12,0,10,0.18267792294983462,0.04499798565412009,12.0,0.0
hmm_t,2,0.95,5.0,5000,16,19.999999999999982,21,2.5168268987666815,K-Means,Silhouette,2,1,0,0.13319936860764414,0.13319936860764414,,
hmm_t,2,0.95,5.0,5000,16,19.999999999999982,21,2.5168268987666815,K-Means,Davies-Bouldin,5,0,3,0.13319936860764414,0.08134736208477923,,
hmm_t,2,0.95,5.0,5000,16,19.999999999999982,21,2.5168268987666815,K-Means,Calinski-Harabasz,12,0,10,0.13319936860764414,0.03488801176406727,,
hmm_t,2,0.95,5.0,5000,16,19.999999999999982,21,2.5168268987666815,GMM,BIC,4,0,2,0.1358409189257738,0.09040251748664378,4.0,0.0
hmm_t,2,0.95,5.0,5000,16,19.999999999999982,21,2.5168268987666815,GMM,AIC,9,0,7,0.1358409189257738,0.042847451666606376,9.0,0.0
hmm_t,2,0.95,5.0,5000,16,19.999999999999982,21,2.5168268987666815,GMM,ICL,2,1,0,0.1358409189257738,0.1358409189257738,1.0,1.0
hmm_t,2,0.95,5.0,5000,16,19.999999999999982,21,2.5168268987666815,GMM,BIC_Neff,5,0,3,0.1358409189257738,0.08287067727886746,5.0,0.0
hmm_t,2,0.95,5.0,5000,16,19.999999999999982,21,2.5168268987666815,HMM,BIC,11,0,9,-0.0001986358695787134,0.03999194327131731,11.0,0.0
hmm_t,2,0.95,5.0,5000,16,19.999999999999982,21,2.5168268987666815,HMM,AIC,11,0,9,-0.0001986358695787134,0.03999194327131731,11.0,0.0
hmm_t,2,0.95,5.0,5000,16,19.999999999999982,21,2.5168268987666815,HMM,ICL,11,0,9,-0.0001986358695787134,0.03999194327131731,11.0,0.0
hmm_t,2,0.95,5.0,5000,17,19.999999999999982,21,2.555663061128508,K-Means,Silhouette,2,1,0,0.16239838660910266,0.16239838660910266,,
hmm_t,2,0.95,5.0,5000,17,19.999999999999982,21,2.555663061128508,K-Means,Davies-Bouldin,5,0,3,0.16239838660910266,0.11644621610339595,,
hmm_t,2,0.95,5.0,5000,17,19.999999999999982,21,2.555663061128508,K-Means,Calinski-Harabasz,12,0,10,0.16239838660910266,0.05081712198830356,,
hmm_t,2,0.95,5.0,5000,17,19.999999999999982,21,2.555663061128508,GMM,BIC,5,0,3,0.17893393302666954,0.11885970050870444,5.0,0.0
hmm_t,2,0.95,5.0,5000,17,19.999999999999982,21,2.555663061128508,GMM,AIC,5,0,3,0.17893393302666954,0.11885970050870444,5.0,0.0
hmm_t,2,0.95,5.0,5000,17,19.999999999999982,21,2.555663061128508,GMM,ICL,3,0,1,0.17893393302666954,0.15782512972570442,1.0,1.0
hmm_t,2,0.95,5.0,5000,17,19.999999999999982,21,2.555663061128508,GMM,BIC_Neff,5,0,3,0.17893393302666954,0.11885970050870444,5.0,0.0
hmm_t,2,0.95,5.0,5000,17,19.999999999999982,21,2.555663061128508,HMM,BIC,9,0,7,0.22755732348008686,0.0629608474696997,9.0,0.0
hmm_t,2,0.95,5.0,5000,17,19.999999999999982,21,2.555663061128508,HMM,AIC,9,0,7,0.22755732348008686,0.0629608474696997,9.0,0.0
hmm_t,2,0.95,5.0,5000,17,19.999999999999982,21,2.555663061128508,HMM,ICL,9,0,7,0.22755732348008686,0.0629608474696997,9.0,0.0
hmm_t,2,0.95,5.0,5000,18,19.999999999999982,21,2.5665800362832987,K-Means,Silhouette,2,1,0,0.18093722787154792,0.18093722787154792,,
hmm_t,2,0.95,5.0,5000,18,19.999999999999982,21,2.5665800362832987,K-Means,Davies-Bouldin,3,0,1,0.18093722787154792,0.16557537520136664,,
hmm_t,2,0.95,5.0,5000,18,19.999999999999982,21,2.5665800362832987,K-Means,Calinski-Harabasz,12,0,10,0.18093722787154792,0.0475397609299055,,
hmm_t,2,0.95,5.0,5000,18,19.999999999999982,21,2.5665800362832987,GMM,BIC,6,0,4,0.20630409383673667,0.09051067868563077,6.0,0.0
hmm_t,2,0.95,5.0,5000,18,19.999999999999982,21,2.5665800362832987,GMM,AIC,8,0,6,0.20630409383673667,0.07937164503225011,8.0,0.0
hmm_t,2,0.95,5.0,5000,18,19.999999999999982,21,2.5665800362832987,GMM,ICL,2,1,0,0.20630409383673667,0.20630409383673667,1.0,1.0
hmm_t,2,0.95,5.0,5000,18,19.999999999999982,21,2.5665800362832987,GMM,BIC_Neff,6,0,4,0.20630409383673667,0.09051067868563077,6.0,0.0
hmm_t,2,0.95,5.0,5000,18,19.999999999999982,21,2.5665800362832987,HMM,BIC,11,0,9,-0.00019721200819450575,0.048820295723304964,11.0,0.0
hmm_t,2,0.95,5.0,5000,18,19.999999999999982,21,2.5665800362832987,HMM,AIC,11,0,9,-0.00019721200819450575,0.048820295723304964,11.0,0.0
hmm_t,2,0.95,5.0,5000,18,19.999999999999982,21,2.5665800362832987,HMM,ICL,11,0,9,-0.00019721200819450575,0.048820295723304964,11.0,0.0
hmm_t,2,0.95,5.0,5000,19,19.999999999999982,21,2.480705766194215,K-Means,Silhouette,2,1,0,0.14820966386372245,0.14820966386372245,,
hmm_t,2,0.95,5.0,5000,19,19.999999999999982,21,2.480705766194215,K-Means,Davies-Bouldin,9,0,7,0.14820966386372245,0.05443637348435956,,
hmm_t,2,0.95,5.0,5000,19,19.999999999999982,21,2.480705766194215,K-Means,Calinski-Harabasz,12,0,10,0.14820966386372245,0.03758499837558345,,
hmm_t,2,0.95,5.0,5000,19,19.999999999999982,21,2.480705766194215,GMM,BIC,5,0,3,0.15601440818519327,0.08174751352826072,5.0,0.0
hmm_t,2,0.95,5.0,5000,19,19.999999999999982,21,2.480705766194215,GMM,AIC,6,0,4,0.15601440818519327,0.07135361619909997,6.0,0.0
hmm_t,2,0.95,5.0,5000,19,19.999999999999982,21,2.480705766194215,GMM,ICL,2,1,0,0.15601440818519327,0.15601440818519327,1.0,1.0
hmm_t,2,0.95,5.0,5000,19,19.999999999999982,21,2.480705766194215,GMM,BIC_Neff,6,0,4,0.15601440818519327,0.07135361619909997,6.0,0.0
hmm_t,2,0.95,5.0,5000,19,19.999999999999982,21,2.480705766194215,HMM,BIC,11,0,9,0.17222798564071126,0.0439921263916342,11.0,0.0
hmm_t,2,0.95,5.0,5000,19,19.999999999999982,21,2.480705766194215,HMM,AIC,12,0,10,0.17222798564071126,0.038015187087950916,12.0,0.0
hmm_t,2,0.95,5.0,5000,19,19.999999999999982,21,2.480705766194215,HMM,ICL,11,0,9,0.17222798564071126,0.0439921263916342,11.0,0.0
hmm_t,2,0.99,5.0,5000,0,99.99999999999991,21,2.463757765760243,K-Means,Silhouette,2,1,0,0.6039608000995682,0.6039608000995682,,
hmm_t,2,0.99,5.0,5000,0,99.99999999999991,21,2.463757765760243,K-Means,Davies-Bouldin,2,1,0,0.6039608000995682,0.6039608000995682,,
hmm_t,2,0.99,5.0,5000,0,99.99999999999991,21,2.463757765760243,K-Means,Calinski-Harabasz,12,0,10,0.6039608000995682,0.13484046156626756,,
hmm_t,2,0.99,5.0,5000,0,99.99999999999991,21,2.463757765760243,GMM,BIC,2,1,0,0.642960547420615,0.642960547420615,2.0,0.0
hmm_t,2,0.99,5.0,5000,0,99.99999999999991,21,2.463757765760243,GMM,AIC,10,0,8,0.642960547420615,0.175495811833766,10.0,0.0
hmm_t,2,0.99,5.0,5000,0,99.99999999999991,21,2.463757765760243,GMM,ICL,2,1,0,0.642960547420615,0.642960547420615,2.0,0.0
hmm_t,2,0.99,5.0,5000,0,99.99999999999991,21,2.463757765760243,GMM,BIC_Neff,2,1,0,0.642960547420615,0.642960547420615,2.0,0.0
hmm_t,2,0.99,5.0,5000,0,99.99999999999991,21,2.463757765760243,HMM,BIC,10,0,8,0.7027798788952122,0.18280787234683382,10.0,0.0
hmm_t,2,0.99,5.0,5000,0,99.99999999999991,21,2.463757765760243,HMM,AIC,11,0,9,0.7027798788952122,0.1814026387214829,11.0,0.0
hmm_t,2,0.99,5.0,5000,0,99.99999999999991,21,2.463757765760243,HMM,ICL,10,0,8,0.7027798788952122,0.18280787234683382,10.0,0.0
hmm_t,2,0.99,5.0,5000,1,99.99999999999991,21,2.4622028898055968,K-Means,Silhouette,2,1,0,0.6206779909187219,0.6206779909187219,,
hmm_t,2,0.99,5.0,5000,1,99.99999999999991,21,2.4622028898055968,K-Means,Davies-Bouldin,2,1,0,0.6206779909187219,0.6206779909187219,,
hmm_t,2,0.99,5.0,5000,1,99.99999999999991,21,2.4622028898055968,K-Means,Calinski-Harabasz,12,0,10,0.6206779909187219,0.14131365405576907,,
hmm_t,2,0.99,5.0,5000,1,99.99999999999991,21,2.4622028898055968,GMM,BIC,2,1,0,0.6820054439417274,0.6820054439417274,2.0,0.0
hmm_t,2,0.99,5.0,5000,1,99.99999999999991,21,2.4622028898055968,GMM,AIC,8,0,6,0.6820054439417274,0.23691073313362399,8.0,0.0
hmm_t,2,0.99,5.0,5000,1,99.99999999999991,21,2.4622028898055968,GMM,ICL,2,1,0,0.6820054439417274,0.6820054439417274,2.0,0.0
hmm_t,2,0.99,5.0,5000,1,99.99999999999991,21,2.4622028898055968,GMM,BIC_Neff,2,1,0,0.6820054439417274,0.6820054439417274,2.0,0.0
hmm_t,2,0.99,5.0,5000,1,99.99999999999991,21,2.4622028898055968,HMM,BIC,10,0,8,-0.00018738036359767975,0.17429941243653818,10.0,0.0
hmm_t,2,0.99,5.0,5000,1,99.99999999999991,21,2.4622028898055968,HMM,AIC,10,0,8,-0.00018738036359767975,0.17429941243653818,10.0,0.0
hmm_t,2,0.99,5.0,5000,1,99.99999999999991,21,2.4622028898055968,HMM,ICL,10,0,8,-0.00018738036359767975,0.17429941243653818,10.0,0.0
hmm_t,2,0.99,5.0,5000,2,99.99999999999991,21,2.4975291119054166,K-Means,Silhouette,2,1,0,0.5952809744408906,0.5952809744408906,,
hmm_t,2,0.99,5.0,5000,2,99.99999999999991,21,2.4975291119054166,K-Means,Davies-Bouldin,2,1,0,0.5952809744408906,0.5952809744408906,,
hmm_t,2,0.99,5.0,5000,2,99.99999999999991,21,2.4975291119054166,K-Means,Calinski-Harabasz,12,0,10,0.5952809744408906,0.1476006184909141,,
hmm_t,2,0.99,5.0,5000,2,99.99999999999991,21,2.4975291119054166,GMM,BIC,5,0,3,0.58667166088405,0.3214819186793311,5.0,0.0
hmm_t,2,0.99,5.0,5000,2,99.99999999999991,21,2.4975291119054166,GMM,AIC,8,0,6,0.58667166088405,0.24164890775606793,8.0,0.0
hmm_t,2,0.99,5.0,5000,2,99.99999999999991,21,2.4975291119054166,GMM,ICL,2,1,0,0.58667166088405,0.58667166088405,2.0,0.0
hmm_t,2,0.99,5.0,5000,2,99.99999999999991,21,2.4975291119054166,GMM,BIC_Neff,5,0,3,0.58667166088405,0.3214819186793311,5.0,0.0
hmm_t,2,0.99,5.0,5000,2,99.99999999999991,21,2.4975291119054166,HMM,BIC,11,0,9,0.6252897222065382,0.12928791262902722,11.0,0.0
hmm_t,2,0.99,5.0,5000,2,99.99999999999991,21,2.4975291119054166,HMM,AIC,11,0,9,0.6252897222065382,0.12928791262902722,11.0,0.0
hmm_t,2,0.99,5.0,5000,2,99.99999999999991,21,2.4975291119054166,HMM,ICL,11,0,9,0.6252897222065382,0.12928791262902722,11.0,0.0
hmm_t,2,0.99,5.0,5000,3,99.99999999999991,21,2.66866580140568,K-Means,Silhouette,2,1,0,0.6045260680504169,0.6045260680504169,,
hmm_t,2,0.99,5.0,5000,3,99.99999999999991,21,2.66866580140568,K-Means,Davies-Bouldin,2,1,0,0.6045260680504169,0.6045260680504169,,
hmm_t,2,0.99,5.0,5000,3,99.99999999999991,21,2.66866580140568,K-Means,Calinski-Harabasz,12,0,10,0.6045260680504169,0.13999906809305215,,
hmm_t,2,0.99,5.0,5000,3,99.99999999999991,21,2.66866580140568,GMM,BIC,5,0,3,0.6696824193022426,0.40172364435465713,5.0,0.0
hmm_t,2,0.99,5.0,5000,3,99.99999999999991,21,2.66866580140568,GMM,AIC,7,0,5,0.6696824193022426,0.2880583559560378,7.0,0.0
hmm_t,2,0.99,5.0,5000,3,99.99999999999991,21,2.66866580140568,GMM,ICL,2,1,0,0.6696824193022426,0.6696824193022426,2.0,0.0
hmm_t,2,0.99,5.0,5000,3,99.99999999999991,21,2.66866580140568,GMM,BIC_Neff,6,0,4,0.6696824193022426,0.3284844406325507,6.0,0.0
hmm_t,2,0.99,5.0,5000,3,99.99999999999991,21,2.66866580140568,HMM,BIC,9,0,7,0.7044270931533162,0.18102181092710934,9.0,0.0
hmm_t,2,0.99,5.0,5000,3,99.99999999999991,21,2.66866580140568,HMM,AIC,12,0,10,0.7044270931533162,0.152789961018041,12.0,0.0
hmm_t,2,0.99,5.0,5000,3,99.99999999999991,21,2.66866580140568,HMM,ICL,9,0,7,0.7044270931533162,0.18102181092710934,9.0,0.0
hmm_t,2,0.99,5.0,5000,4,99.99999999999991,21,2.484820770086885,K-Means,Silhouette,2,1,0,0.46570729182930226,0.46570729182930226,,
hmm_t,2,0.99,5.0,5000,4,99.99999999999991,21,2.484820770086885,K-Means,Davies-Bouldin,2,1,0,0.46570729182930226,0.46570729182930226,,
hmm_t,2,0.99,5.0,5000,4,99.99999999999991,21,2.484820770086885,K-Means,Calinski-Harabasz,12,0,10,0.46570729182930226,0.1055952699479721,,
hmm_t,2,0.99,5.0,5000,4,99.99999999999991,21,2.484820770086885,GMM,BIC,2,1,0,0.5905612226450558,0.5905612226450558,2.0,0.0
hmm_t,2,0.99,5.0,5000,4,99.99999999999991,21,2.484820770086885,GMM,AIC,6,0,4,0.5905612226450558,0.234148239807467,6.0,0.0
hmm_t,2,0.99,5.0,5000,4,99.99999999999991,21,2.484820770086885,GMM,ICL,2,1,0,0.5905612226450558,0.5905612226450558,2.0,0.0
hmm_t,2,0.99,5.0,5000,4,99.99999999999991,21,2.484820770086885,GMM,BIC_Neff,2,1,0,0.5905612226450558,0.5905612226450558,2.0,0.0
hmm_t,2,0.99,5.0,5000,4,99.99999999999991,21,2.484820770086885,HMM,BIC,11,0,9,0.5977259419609341,0.11806950245528719,11.0,0.0
hmm_t,2,0.99,5.0,5000,4,99.99999999999991,21,2.484820770086885,HMM,AIC,11,0,9,0.5977259419609341,0.11806950245528719,11.0,0.0
hmm_t,2,0.99,5.0,5000,4,99.99999999999991,21,2.484820770086885,HMM,ICL,11,0,9,0.5977259419609341,0.11806950245528719,11.0,0.0
hmm_t,2,0.99,5.0,5000,5,99.99999999999991,21,2.366291735909925,K-Means,Silhouette,2,1,0,0.5983768828917234,0.5983768828917234,,
hmm_t,2,0.99,5.0,5000,5,99.99999999999991,21,2.366291735909925,K-Means,Davies-Bouldin,2,1,0,0.5983768828917234,0.5983768828917234,,
hmm_t,2,0.99,5.0,5000,5,99.99999999999991,21,2.366291735909925,K-Means,Calinski-Harabasz,12,0,10,0.5983768828917234,0.1421050995878603,,
hmm_t,2,0.99,5.0,5000,5,99.99999999999991,21,2.366291735909925,GMM,BIC,2,1,0,0.7122785025072368,0.7122785025072368,2.0,0.0
hmm_t,2,0.99,5.0,5000,5,99.99999999999991,21,2.366291735909925,GMM,AIC,5,0,3,0.7122785025072368,0.32487839206027846,5.0,0.0
hmm_t,2,0.99,5.0,5000,5,99.99999999999991,21,2.366291735909925,GMM,ICL,2,1,0,0.7122785025072368,0.7122785025072368,2.0,0.0
hmm_t,2,0.99,5.0,5000,5,99.99999999999991,21,2.366291735909925,GMM,BIC_Neff,5,0,3,0.7122785025072368,0.32487839206027846,5.0,0.0
hmm_t,2,0.99,5.0,5000,5,99.99999999999991,21,2.366291735909925,HMM,BIC,12,0,10,0.7183694528399305,0.14453496677276909,12.0,0.0
hmm_t,2,0.99,5.0,5000,5,99.99999999999991,21,2.366291735909925,HMM,AIC,12,0,10,0.7183694528399305,0.14453496677276909,12.0,0.0
hmm_t,2,0.99,5.0,5000,5,99.99999999999991,21,2.366291735909925,HMM,ICL,12,0,10,0.7183694528399305,0.14453496677276909,12.0,0.0
hmm_t,2,0.99,5.0,5000,6,99.99999999999991,21,2.532032746477879,K-Means,Silhouette,2,1,0,0.5516628356218266,0.5516628356218266,,
hmm_t,2,0.99,5.0,5000,6,99.99999999999991,21,2.532032746477879,K-Means,Davies-Bouldin,2,1,0,0.5516628356218266,0.5516628356218266,,
hmm_t,2,0.99,5.0,5000,6,99.99999999999991,21,2.532032746477879,K-Means,Calinski-Harabasz,12,0,10,0.5516628356218266,0.12829168600825952,,
hmm_t,2,0.99,5.0,5000,6,99.99999999999991,21,2.532032746477879,GMM,BIC,5,0,3,0.5279118149692293,0.3206128112295783,5.0,0.0
hmm_t,2,0.99,5.0,5000,6,99.99999999999991,21,2.532032746477879,GMM,AIC,10,0,8,0.5279118149692293,0.15713557023052638,10.0,0.0
hmm_t,2,0.99,5.0,5000,6,99.99999999999991,21,2.532032746477879,GMM,ICL,2,1,0,0.5279118149692293,0.5279118149692293,2.0,0.0
hmm_t,2,0.99,5.0,5000,6,99.99999999999991,21,2.532032746477879,GMM,BIC_Neff,9,0,7,0.5279118149692293,0.16813590874051085,9.0,0.0
hmm_t,2,0.99,5.0,5000,6,99.99999999999991,21,2.532032746477879,HMM,BIC,11,0,9,0.574967969100592,0.11672413772730171,11.0,0.0
hmm_t,2,0.99,5.0,5000,6,99.99999999999991,21,2.532032746477879,HMM,AIC,11,0,9,0.574967969100592,0.11672413772730171,11.0,0.0
hmm_t,2,0.99,5.0,5000,6,99.99999999999991,21,2.532032746477879,HMM,ICL,9,0,7,0.574967969100592,0.17502104248605233,9.0,0.0
hmm_t,2,0.99,5.0,5000,7,99.99999999999991,21,2.428205891127374,K-Means,Silhouette,2,1,0,0.5695260626087193,0.5695260626087193,,
hmm_t,2,0.99,5.0,5000,7,99.99999999999991,21,2.428205891127374,K-Means,Davies-Bouldin,2,1,0,0.5695260626087193,0.5695260626087193,,
hmm_t,2,0.99,5.0,5000,7,99.99999999999991,21,2.428205891127374,K-Means,Calinski-Harabasz,12,0,10,0.5695260626087193,0.1506262213530702,,
hmm_t,2,0.99,5.0,5000,7,99.99999999999991,21,2.428205891127374,GMM,BIC,5,0,3,0.6014748908303236,0.328194567932522,5.0,0.0
hmm_t,2,0.99,5.0,5000,7,99.99999999999991,21,2.428205891127374,GMM,AIC,11,0,9,0.6014748908303236,0.1580058412867997,11.0,0.0
hmm_t,2,0.99,5.0,5000,7,99.99999999999991,21,2.428205891127374,GMM,ICL,2,1,0,0.6014748908303236,0.6014748908303236,2.0,0.0
hmm_t,2,0.99,5.0,5000,7,99.99999999999991,21,2.428205891127374,GMM,BIC_Neff,5,0,3,0.6014748908303236,0.328194567932522,5.0,0.0
hmm_t,2,0.99,5.0,5000,7,99.99999999999991,21,2.428205891127374,HMM,BIC,9,0,7,0.6418392220012492,0.16513899621017847,9.0,0.0
hmm_t,2,0.99,5.0,5000,7,99.99999999999991,21,2.428205891127374,HMM,AIC,9,0,7,0.6418392220012492,0.16513899621017847,9.0,0.0
hmm_t,2,0.99,5.0,5000,7,99.99999999999991,21,2.428205891127374,HMM,ICL,9,0,7,0.6418392220012492,0.16513899621017847,9.0,0.0
hmm_t,2,0.99,5.0,5000,8,99.99999999999991,21,2.5165603738037365,K-Means,Silhouette,2,1,0,0.546915933032673,0.546915933032673,,
hmm_t,2,0.99,5.0,5000,8,99.99999999999991,21,2.5165603738037365,K-Means,Davies-Bouldin,2,1,0,0.546915933032673,0.546915933032673,,
hmm_t,2,0.99,5.0,5000,8,99.99999999999991,21,2.5165603738037365,K-Means,Calinski-Harabasz,12,0,10,0.546915933032673,0.14970315281540023,,
hmm_t,2,0.99,5.0,5000,8,99.99999999999991,21,2.5165603738037365,GMM,BIC,2,1,0,0.6290877006507234,0.6290877006507234,2.0,0.0
hmm_t,2,0.99,5.0,5000,8,99.99999999999991,21,2.5165603738037365,GMM,AIC,7,0,5,0.6290877006507234,0.2658456574171809,7.0,0.0
hmm_t,2,0.99,5.0,5000,8,99.99999999999991,21,2.5165603738037365,GMM,ICL,2,1,0,0.6290877006507234,0.6290877006507234,2.0,0.0
hmm_t,2,0.99,5.0,5000,8,99.99999999999991,21,2.5165603738037365,GMM,BIC_Neff,2,1,0,0.6290877006507234,0.6290877006507234,2.0,0.0
hmm_t,2,0.99,5.0,5000,8,99.99999999999991,21,2.5165603738037365,HMM,BIC,11,0,9,0.6625260879719145,0.14333724352289695,11.0,0.0
hmm_t,2,0.99,5.0,5000,8,99.99999999999991,21,2.5165603738037365,HMM,AIC,11,0,9,0.6625260879719145,0.14333724352289695,11.0,0.0
hmm_t,2,0.99,5.0,5000,8,99.99999999999991,21,2.5165603738037365,HMM,ICL,11,0,9,0.6625260879719145,0.14333724352289695,11.0,0.0
hmm_t,2,0.99,5.0,5000,9,99.99999999999991,21,2.6744559003444044,K-Means,Silhouette,2,1,0,0.5811438418033804,0.5811438418033804,,
hmm_t,2,0.99,5.0,5000,9,99.99999999999991,21,2.6744559003444044,K-Means,Davies-Bouldin,2,1,0,0.5811438418033804,0.5811438418033804,,
hmm_t,2,0.99,5.0,5000,9,99.99999999999991,21,2.6744559003444044,K-Means,Calinski-Harabasz,12,0,10,0.5811438418033804,0.15833806681526738,,
hmm_t,2,0.99,5.0,5000,9,99.99999999999991,21,2.6744559003444044,GMM,BIC,2,1,0,0.6437735298491063,0.6437735298491063,2.0,0.0
hmm_t,2,0.99,5.0,5000,9,99.99999999999991,21,2.6744559003444044,GMM,AIC,8,0,6,0.6437735298491063,0.23151282829625197,8.0,0.0
hmm_t,2,0.99,5.0,5000,9,99.99999999999991,21,2.6744559003444044,GMM,ICL,2,1,0,0.6437735298491063,0.6437735298491063,2.0,0.0
hmm_t,2,0.99,5.0,5000,9,99.99999999999991,21,2.6744559003444044,GMM,BIC_Neff,5,0,3,0.6437735298491063,0.33885323183261096,5.0,0.0
hmm_t,2,0.99,5.0,5000,9,99.99999999999991,21,2.6744559003444044,HMM,BIC,12,0,10,0.6618773393791955,0.1780377193131088,12.0,0.0
hmm_t,2,0.99,5.0,5000,9,99.99999999999991,21,2.6744559003444044,HMM,AIC,12,0,10,0.6618773393791955,0.1780377193131088,12.0,0.0
hmm_t,2,0.99,5.0,5000,9,99.99999999999991,21,2.6744559003444044,HMM,ICL,9,0,7,0.6618773393791955,0.1957279303024026,9.0,0.0
hmm_t,2,0.99,5.0,5000,10,99.99999999999991,21,2.4694174246775913,K-Means,Silhouette,2,1,0,0.6156141311427978,0.6156141311427978,,
hmm_t,2,0.99,5.0,5000,10,99.99999999999991,21,2.4694174246775913,K-Means,Davies-Bouldin,2,1,0,0.6156141311427978,0.6156141311427978,,
hmm_t,2,0.99,5.0,5000,10,99.99999999999991,21,2.4694174246775913,K-Means,Calinski-Harabasz,12,0,10,0.6156141311427978,0.12750968023004033,,
hmm_t,2,0.99,5.0,5000,10,99.99999999999991,21,2.4694174246775913,GMM,BIC,2,1,0,0.6018175537923126,0.6018175537923126,2.0,0.0
hmm_t,2,0.99,5.0,5000,10,99.99999999999991,21,2.4694174246775913,GMM,AIC,11,0,9,0.6018175537923126,0.14360787278578935,11.0,0.0
hmm_t,2,0.99,5.0,5000,10,99.99999999999991,21,2.4694174246775913,GMM,ICL,2,1,0,0.6018175537923126,0.6018175537923126,2.0,0.0
hmm_t,2,0.99,5.0,5000,10,99.99999999999991,21,2.4694174246775913,GMM,BIC_Neff,6,0,4,0.6018175537923126,0.2743710249287201,6.0,0.0
hmm_t,2,0.99,5.0,5000,10,99.99999999999991,21,2.4694174246775913,HMM,BIC,10,0,8,0.6468855808063846,0.15687086110148982,10.0,0.0
hmm_t,2,0.99,5.0,5000,10,99.99999999999991,21,2.4694174246775913,HMM,AIC,10,0,8,0.6468855808063846,0.15687086110148982,10.0,0.0
hmm_t,2,0.99,5.0,5000,10,99.99999999999991,21,2.4694174246775913,HMM,ICL,7,0,5,0.6468855808063846,0.19231300820823363,7.0,0.0
hmm_t,2,0.99,5.0,5000,11,99.99999999999991,21,2.5706202773343363,K-Means,Silhouette,2,1,0,0.6120117855171655,0.6120117855171655,,
hmm_t,2,0.99,5.0,5000,11,99.99999999999991,21,2.5706202773343363,K-Means,Davies-Bouldin,2,1,0,0.6120117855171655,0.6120117855171655,,
hmm_t,2,0.99,5.0,5000,11,99.99999999999991,21,2.5706202773343363,K-Means,Calinski-Harabasz,12,0,10,0.6120117855171655,0.1708866857004365,,
hmm_t,2,0.99,5.0,5000,11,99.99999999999991,21,2.5706202773343363,GMM,BIC,3,0,1,0.6684036667893243,0.5869876129335483,3.0,0.0
hmm_t,2,0.99,5.0,5000,11,99.99999999999991,21,2.5706202773343363,GMM,AIC,7,0,5,0.6684036667893243,0.33381228065523977,7.0,0.0
hmm_t,2,0.99,5.0,5000,11,99.99999999999991,21,2.5706202773343363,GMM,ICL,2,1,0,0.6684036667893243,0.6684036667893243,2.0,0.0
hmm_t,2,0.99,5.0,5000,11,99.99999999999991,21,2.5706202773343363,GMM,BIC_Neff,7,0,5,0.6684036667893243,0.33381228065523977,7.0,0.0
hmm_t,2,0.99,5.0,5000,11,99.99999999999991,21,2.5706202773343363,HMM,BIC,10,0,8,-0.0001977680229136639,0.17298522088192603,10.0,0.0
hmm_t,2,0.99,5.0,5000,11,99.99999999999991,21,2.5706202773343363,HMM,AIC,12,0,10,-0.0001977680229136639,0.1312586003523403,12.0,0.0
hmm_t,2,0.99,5.0,5000,11,99.99999999999991,21,2.5706202773343363,HMM,ICL,5,0,3,-0.0001977680229136639,0.31075517129686203,5.0,0.0
hmm_t,2,0.99,5.0,5000,12,99.99999999999991,21,2.461589421364141,K-Means,Silhouette,2,1,0,0.7176470400772333,0.7176470400772333,,
hmm_t,2,0.99,5.0,5000,12,99.99999999999991,21,2.461589421364141,K-Means,Davies-Bouldin,2,1,0,0.7176470400772333,0.7176470400772333,,
hmm_t,2,0.99,5.0,5000,12,99.99999999999991,21,2.461589421364141,K-Means,Calinski-Harabasz,12,0,10,0.7176470400772333,0.1664433529988303,,
hmm_t,2,0.99,5.0,5000,12,99.99999999999991,21,2.461589421364141,GMM,BIC,2,1,0,0.6995042983679522,0.6995042983679522,2.0,0.0
hmm_t,2,0.99,5.0,5000,12,99.99999999999991,21,2.461589421364141,GMM,AIC,11,0,9,0.6995042983679522,0.2127953876145397,11.0,0.0
hmm_t,2,0.99,5.0,5000,12,99.99999999999991,21,2.461589421364141,GMM,ICL,2,1,0,0.6995042983679522,0.6995042983679522,2.0,0.0
hmm_t,2,0.99,5.0,5000,12,99.99999999999991,21,2.461589421364141,GMM,BIC_Neff,5,0,3,0.6995042983679522,0.40399710422342244,5.0,0.0
hmm_t,2,0.99,5.0,5000,12,99.99999999999991,21,2.461589421364141,HMM,BIC,12,0,10,-0.00019827008510094548,0.15569570194236773,12.0,0.0
hmm_t,2,0.99,5.0,5000,12,99.99999999999991,21,2.461589421364141,HMM,AIC,12,0,10,-0.00019827008510094548,0.15569570194236773,12.0,0.0
hmm_t,2,0.99,5.0,5000,12,99.99999999999991,21,2.461589421364141,HMM,ICL,12,0,10,-0.00019827008510094548,0.15569570194236773,12.0,0.0
hmm_t,2,0.99,5.0,5000,13,99.99999999999991,21,2.4644109227030624,K-Means,Silhouette,2,1,0,0.6902597569706734,0.6902597569706734,,
hmm_t,2,0.99,5.0,5000,13,99.99999999999991,21,2.4644109227030624,K-Means,Davies-Bouldin,2,1,0,0.6902597569706734,0.6902597569706734,,
hmm_t,2,0.99,5.0,5000,13,99.99999999999991,21,2.4644109227030624,K-Means,Calinski-Harabasz,12,0,10,0.6902597569706734,0.15750594573503773,,
hmm_t,2,0.99,5.0,5000,13,99.99999999999991,21,2.4644109227030624,GMM,BIC,2,1,0,0.6265099495378025,0.6265099495378025,2.0,0.0
hmm_t,2,0.99,5.0,5000,13,99.99999999999991,21,2.4644109227030624,GMM,AIC,6,0,4,0.6265099495378025,0.3789298359712032,6.0,0.0
hmm_t,2,0.99,5.0,5000,13,99.99999999999991,21,2.4644109227030624,GMM,ICL,2,1,0,0.6265099495378025,0.6265099495378025,2.0,0.0
hmm_t,2,0.99,5.0,5000,13,99.99999999999991,21,2.4644109227030624,GMM,BIC_Neff,2,1,0,0.6265099495378025,0.6265099495378025,2.0,0.0
hmm_t,2,0.99,5.0,5000,13,99.99999999999991,21,2.4644109227030624,HMM,BIC,10,0,8,0.6807792672445769,0.1457495589567811,10.0,0.0
hmm_t,2,0.99,5.0,5000,13,99.99999999999991,21,2.4644109227030624,HMM,AIC,10,0,8,0.6807792672445769,0.1457495589567811,10.0,0.0
hmm_t,2,0.99,5.0,5000,13,99.99999999999991,21,2.4644109227030624,HMM,ICL,10,0,8,0.6807792672445769,0.1457495589567811,10.0,0.0
hmm_t,2,0.99,5.0,5000,14,99.99999999999991,21,2.5187565937944,K-Means,Silhouette,2,1,0,0.6598968875630482,0.6598968875630482,,
hmm_t,2,0.99,5.0,5000,14,99.99999999999991,21,2.5187565937944,K-Means,Davies-Bouldin,2,1,0,0.6598968875630482,0.6598968875630482,,
hmm_t,2,0.99,5.0,5000,14,99.99999999999991,21,2.5187565937944,K-Means,Calinski-Harabasz,12,0,10,0.6598968875630482,0.18068455145246431,,
hmm_t,2,0.99,5.0,5000,14,99.99999999999991,21,2.5187565937944,GMM,BIC,2,1,0,0.7197268662932654,0.7197268662932654,2.0,0.0
hmm_t,2,0.99,5.0,5000,14,99.99999999999991,21,2.5187565937944,GMM,AIC,11,0,9,0.7197268662932654,0.1916086212103676,11.0,0.0
hmm_t,2,0.99,5.0,5000,14,99.99999999999991,21,2.5187565937944,GMM,ICL,2,1,0,0.7197268662932654,0.7197268662932654,2.0,0.0
hmm_t,2,0.99,5.0,5000,14,99.99999999999991,21,2.5187565937944,GMM,BIC_Neff,2,1,0,0.7197268662932654,0.7197268662932654,2.0,0.0
hmm_t,2,0.99,5.0,5000,14,99.99999999999991,21,2.5187565937944,HMM,BIC,10,0,8,-0.0001986136824101737,0.19540003854743074,10.0,0.0
hmm_t,2,0.99,5.0,5000,14,99.99999999999991,21,2.5187565937944,HMM,AIC,10,0,8,-0.0001986136824101737,0.19540003854743074,10.0,0.0
hmm_t,2,0.99,5.0,5000,14,99.99999999999991,21,2.5187565937944,HMM,ICL,10,0,8,-0.0001986136824101737,0.19540003854743074,10.0,0.0
hmm_t,2,0.99,5.0,5000,15,99.99999999999991,21,2.527900826794538,K-Means,Silhouette,2,1,0,0.6444163308420201,0.6444163308420201,,
hmm_t,2,0.99,5.0,5000,15,99.99999999999991,21,2.527900826794538,K-Means,Davies-Bouldin,2,1,0,0.6444163308420201,0.6444163308420201,,
hmm_t,2,0.99,5.0,5000,15,99.99999999999991,21,2.527900826794538,K-Means,Calinski-Harabasz,12,0,10,0.6444163308420201,0.15709188662016224,,
hmm_t,2,0.99,5.0,5000,15,99.99999999999991,21,2.527900826794538,GMM,BIC,2,1,0,0.6968279294660924,0.6968279294660924,2.0,0.0
hmm_t,2,0.99,5.0,5000,15,99.99999999999991,21,2.527900826794538,GMM,AIC,7,0,5,0.6968279294660924,0.27500188432886113,7.0,0.0
hmm_t,2,0.99,5.0,5000,15,99.99999999999991,21,2.527900826794538,GMM,ICL,2,1,0,0.6968279294660924,0.6968279294660924,2.0,0.0
hmm_t,2,0.99,5.0,5000,15,99.99999999999991,21,2.527900826794538,GMM,BIC_Neff,6,0,4,0.6968279294660924,0.3033463631729356,6.0,0.0
hmm_t,2,0.99,5.0,5000,15,99.99999999999991,21,2.527900826794538,HMM,BIC,12,0,10,0.7204041731268829,0.1474784062666842,12.0,0.0
hmm_t,2,0.99,5.0,5000,15,99.99999999999991,21,2.527900826794538,HMM,AIC,12,0,10,0.7204041731268829,0.1474784062666842,12.0,0.0
hmm_t,2,0.99,5.0,5000,15,99.99999999999991,21,2.527900826794538,HMM,ICL,12,0,10,0.7204041731268829,0.1474784062666842,12.0,0.0
hmm_t,2,0.99,5.0,5000,16,99.99999999999991,21,2.3806665231455932,K-Means,Silhouette,2,1,0,0.5959033046990793,0.5959033046990793,,
hmm_t,2,0.99,5.0,5000,16,99.99999999999991,21,2.3806665231455932,K-Means,Davies-Bouldin,2,1,0,0.5959033046990793,0.5959033046990793,,
hmm_t,2,0.99,5.0,5000,16,99.99999999999991,21,2.3806665231455932,K-Means,Calinski-Harabasz,12,0,10,0.5959033046990793,0.14764346017409932,,
hmm_t,2,0.99,5.0,5000,16,99.99999999999991,21,2.3806665231455932,GMM,BIC,2,1,0,0.6001975946468265,0.6001975946468265,2.0,0.0
hmm_t,2,0.99,5.0,5000,16,99.99999999999991,21,2.3806665231455932,GMM,AIC,7,0,5,0.6001975946468265,0.2489156531602908,7.0,0.0
hmm_t,2,0.99,5.0,5000,16,99.99999999999991,21,2.3806665231455932,GMM,ICL,2,1,0,0.6001975946468265,0.6001975946468265,2.0,0.0
hmm_t,2,0.99,5.0,5000,16,99.99999999999991,21,2.3806665231455932,GMM,BIC_Neff,7,0,5,0.6001975946468265,0.2489156531602908,7.0,0.0
hmm_t,2,0.99,5.0,5000,16,99.99999999999991,21,2.3806665231455932,HMM,BIC,10,0,8,0.6450403720428729,0.15665052521086187,10.0,0.0
hmm_t,2,0.99,5.0,5000,16,99.99999999999991,21,2.3806665231455932,HMM,AIC,10,0,8,0.6450403720428729,0.15665052521086187,10.0,0.0
hmm_t,2,0.99,5.0,5000,16,99.99999999999991,21,2.3806665231455932,HMM,ICL,10,0,8,0.6450403720428729,0.15665052521086187,10.0,0.0
hmm_t,2,0.99,5.0,5000,17,99.99999999999991,21,2.369460134863761,K-Means,Silhouette,2,1,0,0.5169516524034732,0.5169516524034732,,
hmm_t,2,0.99,5.0,5000,17,99.99999999999991,21,2.369460134863761,K-Means,Davies-Bouldin,2,1,0,0.5169516524034732,0.5169516524034732,,
hmm_t,2,0.99,5.0,5000,17,99.99999999999991,21,2.369460134863761,K-Means,Calinski-Harabasz,12,0,10,0.5169516524034732,0.11151937317570582,,
hmm_t,2,0.99,5.0,5000,17,99.99999999999991,21,2.369460134863761,GMM,BIC,2,1,0,0.610610174329734,0.610610174329734,2.0,0.0
hmm_t,2,0.99,5.0,5000,17,99.99999999999991,21,2.369460134863761,GMM,AIC,8,0,6,0.610610174329734,0.17442684432802255,8.0,0.0
hmm_t,2,0.99,5.0,5000,17,99.99999999999991,21,2.369460134863761,GMM,ICL,2,1,0,0.610610174329734,0.610610174329734,2.0,0.0
hmm_t,2,0.99,5.0,5000,17,99.99999999999991,21,2.369460134863761,GMM,BIC_Neff,6,0,4,0.610610174329734,0.22485662318738447,6.0,0.0
hmm_t,2,0.99,5.0,5000,17,99.99999999999991,21,2.369460134863761,HMM,BIC,11,0,9,0.6547710711133776,0.1269298925997949,11.0,0.0
hmm_t,2,0.99,5.0,5000,17,99.99999999999991,21,2.369460134863761,HMM,AIC,12,0,10,0.6547710711133776,0.12906735770714325,12.0,0.0
hmm_t,2,0.99,5.0,5000,17,99.99999999999991,21,2.369460134863761,HMM,ICL,7,0,5,0.6547710711133776,0.18992295488313196,7.0,0.0
hmm_t,2,0.99,5.0,5000,18,99.99999999999991,21,2.5718849373967996,K-Means,Silhouette,2,1,0,0.5823858347149119,0.5823858347149119,,
hmm_t,2,0.99,5.0,5000,18,99.99999999999991,21,2.5718849373967996,K-Means,Davies-Bouldin,2,1,0,0.5823858347149119,0.5823858347149119,,
hmm_t,2,0.99,5.0,5000,18,99.99999999999991,21,2.5718849373967996,K-Means,Calinski-Harabasz,12,0,10,0.5823858347149119,0.13331470977938847,,
hmm_t,2,0.99,5.0,5000,18,99.99999999999991,21,2.5718849373967996,GMM,BIC,2,1,0,0.5304606139725659,0.5304606139725659,2.0,0.0
hmm_t,2,0.99,5.0,5000,18,99.99999999999991,21,2.5718849373967996,GMM,AIC,6,0,4,0.5304606139725659,0.2888963249943613,6.0,0.0
hmm_t,2,0.99,5.0,5000,18,99.99999999999991,21,2.5718849373967996,GMM,ICL,2,1,0,0.5304606139725659,0.5304606139725659,2.0,0.0
hmm_t,2,0.99,5.0,5000,18,99.99999999999991,21,2.5718849373967996,GMM,BIC_Neff,6,0,4,0.5304606139725659,0.2888963249943613,6.0,0.0
hmm_t,2,0.99,5.0,5000,18,99.99999999999991,21,2.5718849373967996,HMM,BIC,11,0,9,3.507302493261233e-05,0.1402820108606617,11.0,0.0
hmm_t,2,0.99,5.0,5000,18,99.99999999999991,21,2.5718849373967996,HMM,AIC,11,0,9,3.507302493261233e-05,0.1402820108606617,11.0,0.0
hmm_t,2,0.99,5.0,5000,18,99.99999999999991,21,2.5718849373967996,HMM,ICL,11,0,9,3.507302493261233e-05,0.1402820108606617,11.0,0.0
hmm_t,2,0.99,5.0,5000,19,99.99999999999991,21,2.452890622193108,K-Means,Silhouette,2,1,0,0.5498709528989231,0.5498709528989231,,
hmm_t,2,0.99,5.0,5000,19,99.99999999999991,21,2.452890622193108,K-Means,Davies-Bouldin,2,1,0,0.5498709528989231,0.5498709528989231,,
hmm_t,2,0.99,5.0,5000,19,99.99999999999991,21,2.452890622193108,K-Means,Calinski-Harabasz,12,0,10,0.5498709528989231,0.14384659039871223,,
hmm_t,2,0.99,5.0,5000,19,99.99999999999991,21,2.452890622193108,GMM,BIC,5,0,3,0.5557778431038557,0.3300977707856028,5.0,0.0
hmm_t,2,0.99,5.0,5000,19,99.99999999999991,21,2.452890622193108,GMM,AIC,10,0,8,0.5557778431038557,0.18587549629599145,10.0,0.0
hmm_t,2,0.99,5.0,5000,19,99.99999999999991,21,2.452890622193108,GMM,ICL,2,1,0,0.5557778431038557,0.5557778431038557,2.0,0.0
hmm_t,2,0.99,5.0,5000,19,99.99999999999991,21,2.452890622193108,GMM,BIC_Neff,5,0,3,0.5557778431038557,0.3300977707856028,5.0,0.0
hmm_t,2,0.99,5.0,5000,19,99.99999999999991,21,2.452890622193108,HMM,BIC,11,0,9,0.6631657521016846,0.1504380910555316,11.0,0.0
hmm_t,2,0.99,5.0,5000,19,99.99999999999991,21,2.452890622193108,HMM,AIC,12,0,10,0.6631657521016846,0.13769745462992164,12.0,0.0
hmm_t,2,0.99,5.0,5000,19,99.99999999999991,21,2.452890622193108,HMM,ICL,9,0,7,0.6631657521016846,0.17711253476524513,9.0,0.0
hmm_t,3,0.9,5.0,5000,0,10.000000000000002,21,5.073652149241824,K-Means,Silhouette,2,0,-1,0.07424069965414147,0.07137606390412414,,
hmm_t,3,0.9,5.0,5000,0,10.000000000000002,21,5.073652149241824,K-Means,Davies-Bouldin,10,0,7,0.07424069965414147,0.037332127408758436,,
hmm_t,3,0.9,5.0,5000,0,10.000000000000002,21,5.073652149241824,K-Means,Calinski-Harabasz,12,0,9,0.07424069965414147,0.03433191581504672,,
hmm_t,3,0.9,5.0,5000,0,10.000000000000002,21,5.073652149241824,GMM,BIC,4,0,1,0.06911803429508385,0.07078777482349098,4.0,0.0
hmm_t,3,0.9,5.0,5000,0,10.000000000000002,21,5.073652149241824,GMM,AIC,10,0,7,0.06911803429508385,0.03807537655879607,10.0,0.0
hmm_t,3,0.9,5.0,5000,0,10.000000000000002,21,5.073652149241824,GMM,ICL,8,0,5,0.06911803429508385,0.05248672991568729,1.0,1.0
hmm_t,3,0.9,5.0,5000,0,10.000000000000002,21,5.073652149241824,GMM,BIC_Neff,8,0,5,0.06911803429508385,0.05248672991568729,8.0,0.0
hmm_t,3,0.9,5.0,5000,0,10.000000000000002,21,5.073652149241824,HMM,BIC,10,0,7,0.08339019485796595,0.03983859727687972,10.0,0.0
hmm_t,3,0.9,5.0,5000,0,10.000000000000002,21,5.073652149241824,HMM,AIC,12,0,9,0.08339019485796595,0.03545370735442235,12.0,0.0
hmm_t,3,0.9,5.0,5000,0,10.000000000000002,21,5.073652149241824,HMM,ICL,10,0,7,0.08339019485796595,0.03983859727687972,10.0,0.0
hmm_t,3,0.9,5.0,5000,1,10.000000000000002,21,5.017785154319262,K-Means,Silhouette,2,0,-1,0.06229854186511321,0.06374761628482074,,
hmm_t,3,0.9,5.0,5000,1,10.000000000000002,21,5.017785154319262,K-Means,Davies-Bouldin,11,0,8,0.06229854186511321,0.02869941080603329,,
hmm_t,3,0.9,5.0,5000,1,10.000000000000002,21,5.017785154319262,K-Means,Calinski-Harabasz,12,0,9,0.06229854186511321,0.027368476012741956,,
hmm_t,3,0.9,5.0,5000,1,10.000000000000002,21,5.017785154319262,GMM,BIC,6,0,3,0.06108635112689291,0.04767178153747667,6.0,0.0
hmm_t,3,0.9,5.0,5000,1,10.000000000000002,21,5.017785154319262,GMM,AIC,9,0,6,0.06108635112689291,0.034438757028290905,9.0,0.0
hmm_t,3,0.9,5.0,5000,1,10.000000000000002,21,5.017785154319262,GMM,ICL,2,0,-1,0.06108635112689291,0.05206194151710421,1.0,1.0
hmm_t,3,0.9,5.0,5000,1,10.000000000000002,21,5.017785154319262,GMM,BIC_Neff,6,0,3,0.06108635112689291,0.04767178153747667,6.0,0.0
hmm_t,3,0.9,5.0,5000,1,10.000000000000002,21,5.017785154319262,HMM,BIC,11,0,8,0.06141789949997754,0.034119001890742524,11.0,0.0
hmm_t,3,0.9,5.0,5000,1,10.000000000000002,21,5.017785154319262,HMM,AIC,11,0,8,0.06141789949997754,0.034119001890742524,11.0,0.0
hmm_t,3,0.9,5.0,5000,1,10.000000000000002,21,5.017785154319262,HMM,ICL,11,0,8,0.06141789949997754,0.034119001890742524,11.0,0.0
hmm_t,3,0.9,5.0,5000,2,10.000000000000002,21,4.715318624163026,K-Means,Silhouette,2,0,-1,0.07147406511581741,0.08875055442695831,,
hmm_t,3,0.9,5.0,5000,2,10.000000000000002,21,4.715318624163026,K-Means,Davies-Bouldin,8,0,5,0.07147406511581741,0.04497488181645082,,
hmm_t,3,0.9,5.0,5000,2,10.000000000000002,21,4.715318624163026,K-Means,Calinski-Harabasz,12,0,9,0.07147406511581741,0.031418326503393885,,
hmm_t,3,0.9,5.0,5000,2,10.000000000000002,21,4.715318624163026,GMM,BIC,6,0,3,0.06946330666237804,0.0548852106009926,6.0,0.0
hmm_t,3,0.9,5.0,5000,2,10.000000000000002,21,4.715318624163026,GMM,AIC,7,0,4,0.06946330666237804,0.04951420566942668,7.0,0.0
hmm_t,3,0.9,5.0,5000,2,10.000000000000002,21,4.715318624163026,GMM,ICL,2,0,-1,0.06946330666237804,0.08875055442695831,1.0,1.0
hmm_t,3,0.9,5.0,5000,2,10.000000000000002,21,4.715318624163026,GMM,BIC_Neff,7,0,4,0.06946330666237804,0.04951420566942668,7.0,0.0
hmm_t,3,0.9,5.0,5000,2,10.000000000000002,21,4.715318624163026,HMM,BIC,11,0,8,0.09405736920980674,0.03804645624008326,11.0,0.0
hmm_t,3,0.9,5.0,5000,2,10.000000000000002,21,4.715318624163026,HMM,AIC,11,0,8,0.09405736920980674,0.03804645624008326,11.0,0.0
hmm_t,3,0.9,5.0,5000,2,10.000000000000002,21,4.715318624163026,HMM,ICL,11,0,8,0.09405736920980674,0.03804645624008326,11.0,0.0
hmm_t,3,0.9,5.0,5000,3,10.000000000000002,21,4.95592008076882,K-Means,Silhouette,2,0,-1,0.07631633259280346,0.09089912432461157,,
hmm_t,3,0.9,5.0,5000,3,10.000000000000002,21,4.95592008076882,K-Means,Davies-Bouldin,12,0,9,0.07631633259280346,0.03252591320692291,,
hmm_t,3,0.9,5.0,5000,3,10.000000000000002,21,4.95592008076882,K-Means,Calinski-Harabasz,12,0,9,0.07631633259280346,0.03252591320692291,,
hmm_t,3,0.9,5.0,5000,3,10.000000000000002,21,4.95592008076882,GMM,BIC,5,0,2,0.07349654060408606,0.05836222335843753,5.0,0.0
hmm_t,3,0.9,5.0,5000,3,10.000000000000002,21,4.95592008076882,GMM,AIC,12,0,9,0.07349654060408606,0.03347804457106643,12.0,0.0
hmm_t,3,0.9,5.0,5000,3,10.000000000000002,21,4.95592008076882,GMM,ICL,2,0,-1,0.07349654060408606,0.08715126153850866,1.0,1.0
hmm_t,3,0.9,5.0,5000,3,10.000000000000002,21,4.95592008076882,GMM,BIC_Neff,5,0,2,0.07349654060408606,0.05836222335843753,5.0,0.0
hmm_t,3,0.9,5.0,5000,3,10.000000000000002,21,4.95592008076882,HMM,BIC,12,0,9,0.08921403960447136,0.045604737434465824,12.0,0.0
hmm_t,3,0.9,5.0,5000,3,10.000000000000002,21,4.95592008076882,HMM,AIC,12,0,9,0.08921403960447136,0.045604737434465824,12.0,0.0
hmm_t,3,0.9,5.0,5000,3,10.000000000000002,21,4.95592008076882,HMM,ICL,12,0,9,0.08921403960447136,0.045604737434465824,12.0,0.0
hmm_t,3,0.9,5.0,5000,4,10.000000000000002,21,5.111466141509861,K-Means,Silhouette,2,0,-1,0.05686160356246578,0.05743623817794569,,
hmm_t,3,0.9,5.0,5000,4,10.000000000000002,21,5.111466141509861,K-Means,Davies-Bouldin,10,0,7,0.05686160356246578,0.032245890613776404,,
hmm_t,3,0.9,5.0,5000,4,10.000000000000002,21,5.111466141509861,K-Means,Calinski-Harabasz,12,0,9,0.05686160356246578,0.026140866765856686,,
hmm_t,3,0.9,5.0,5000,4,10.000000000000002,21,5.111466141509861,GMM,BIC,5,0,2,0.057672235230129515,0.052028471912713904,5.0,0.0
hmm_t,3,0.9,5.0,5000,4,10.000000000000002,21,5.111466141509861,GMM,AIC,10,0,7,0.057672235230129515,0.03225948511715405,10.0,0.0
hmm_t,3,0.9,5.0,5000,4,10.000000000000002,21,5.111466141509861,GMM,ICL,2,0,-1,0.057672235230129515,0.052465513366269596,1.0,1.0
hmm_t,3,0.9,5.0,5000,4,10.000000000000002,21,5.111466141509861,GMM,BIC_Neff,6,0,3,0.057672235230129515,0.04886285326440869,6.0,0.0
hmm_t,3,0.9,5.0,5000,4,10.000000000000002,21,5.111466141509861,HMM,BIC,12,0,9,0.0617300319610122,0.029640828815992573,12.0,0.0
hmm_t,3,0.9,5.0,5000,4,10.000000000000002,21,5.111466141509861,HMM,AIC,12,0,9,0.0617300319610122,0.029640828815992573,12.0,0.0
hmm_t,3,0.9,5.0,5000,4,10.000000000000002,21,5.111466141509861,HMM,ICL,9,0,6,0.0617300319610122,0.04150589362362973,9.0,0.0
hmm_t,3,0.9,5.0,5000,5,10.000000000000002,21,5.059317614129693,K-Means,Silhouette,2,0,-1,0.05167981434837756,0.06057019171144704,,
hmm_t,3,0.9,5.0,5000,5,10.000000000000002,21,5.059317614129693,K-Means,Davies-Bouldin,12,0,9,0.05167981434837756,0.02383669175857221,,
hmm_t,3,0.9,5.0,5000,5,10.000000000000002,21,5.059317614129693,K-Means,Calinski-Harabasz,12,0,9,0.05167981434837756,0.02383669175857221,,
hmm_t,3,0.9,5.0,5000,5,10.000000000000002,21,5.059317614129693,GMM,BIC,5,0,2,0.052615591001195956,0.049245667754387136,5.0,0.0
hmm_t,3,0.9,5.0,5000,5,10.000000000000002,21,5.059317614129693,GMM,AIC,12,0,9,0.052615591001195956,0.02365532691451521,12.0,0.0
hmm_t,3,0.9,5.0,5000,5,10.000000000000002,21,5.059317614129693,GMM,ICL,2,0,-1,0.052615591001195956,0.05461042002417724,1.0,1.0
hmm_t,3,0.9,5.0,5000,5,10.000000000000002,21,5.059317614129693,GMM,BIC_Neff,7,0,4,0.052615591001195956,0.037741408950370946,7.0,0.0
hmm_t,3,0.9,5.0,5000,5,10.000000000000002,21,5.059317614129693,HMM,BIC,11,0,8,0.0632465976128063,0.03464951938932614,11.0,0.0
hmm_t,3,0.9,5.0,5000,5,10.000000000000002,21,5.059317614129693,HMM,AIC,11,0,8,0.0632465976128063,0.03464951938932614,11.0,0.0
hmm_t,3,0.9,5.0,5000,5,10.000000000000002,21,5.059317614129693,HMM,ICL,11,0,8,0.0632465976128063,0.03464951938932614,11.0,0.0
hmm_t,3,0.9,5.0,5000,6,10.000000000000002,21,4.726120096364045,K-Means,Silhouette,2,0,-1,0.06946051942431129,0.0770853413303727,,
hmm_t,3,0.9,5.0,5000,6,10.000000000000002,21,4.726120096364045,K-Means,Davies-Bouldin,12,0,9,0.06946051942431129,0.03862973023381487,,
hmm_t,3,0.9,5.0,5000,6,10.000000000000002,21,4.726120096364045,K-Means,Calinski-Harabasz,12,0,9,0.06946051942431129,0.03862973023381487,,
hmm_t,3,0.9,5.0,5000,6,10.000000000000002,21,4.726120096364045,GMM,BIC,5,0,2,0.06898612347220733,0.07166618812516112,5.0,0.0
hmm_t,3,0.9,5.0,5000,6,10.000000000000002,21,4.726120096364045,GMM,AIC,12,0,9,0.06898612347220733,0.03837536853549789,12.0,0.0
hmm_t,3,0.9,5.0,5000,6,10.000000000000002,21,4.726120096364045,GMM,ICL,2,0,-1,0.06898612347220733,0.07988947347822495,1.0,1.0
hmm_t,3,0.9,5.0,5000,6,10.000000000000002,21,4.726120096364045,GMM,BIC_Neff,5,0,2,0.06898612347220733,0.07166618812516112,5.0,0.0
hmm_t,3,0.9,5.0,5000,6,10.000000000000002,21,4.726120096364045,HMM,BIC,12,0,9,0.08668334758198741,0.03948306192159388,12.0,0.0
hmm_t,3,0.9,5.0,5000,6,10.000000000000002,21,4.726120096364045,HMM,AIC,12,0,9,0.08668334758198741,0.03948306192159388,12.0,0.0
hmm_t,3,0.9,5.0,5000,6,10.000000000000002,21,4.726120096364045,HMM,ICL,7,0,4,0.08668334758198741,0.060374928925342325,7.0,0.0
hmm_t,3,0.9,5.0,5000,7,10.000000000000002,21,5.038658872253385,K-Means,Silhouette,2,0,-1,0.07787577744894926,0.0766745020337439,,
hmm_t,3,0.9,5.0,5000,7,10.000000000000002,21,5.038658872253385,K-Means,Davies-Bouldin,7,0,4,0.07787577744894926,0.05915961438355176,,
hmm_t,3,0.9,5.0,5000,7,10.000000000000002,21,5.038658872253385,K-Means,Calinski-Harabasz,12,0,9,0.07787577744894926,0.035954110062202144,,
hmm_t,3,0.9,5.0,5000,7,10.000000000000002,21,5.038658872253385,GMM,BIC,7,0,4,0.07692217018739025,0.05569424878711981,7.0,0.0
hmm_t,3,0.9,5.0,5000,7,10.000000000000002,21,5.038658872253385,GMM,AIC,9,0,6,0.07692217018739025,0.05118382608272012,9.0,0.0
hmm_t,3,0.9,5.0,5000,7,10.000000000000002,21,5.038658872253385,GMM,ICL,2,0,-1,0.07692217018739025,0.0627534274204525,1.0,1.0
hmm_t,3,0.9,5.0,5000,7,10.000000000000002,21,5.038658872253385,GMM,BIC_Neff,7,0,4,0.07692217018739025,0.05569424878711981,7.0,0.0
hmm_t,3,0.9,5.0,5000,7,10.000000000000002,21,5.038658872253385,HMM,BIC,9,0,6,0.09240405371349122,0.053535148829649444,9.0,0.0
hmm_t,3,0.9,5.0,5000,7,10.000000000000002,21,5.038658872253385,HMM,AIC,9,0,6,0.09240405371349122,0.053535148829649444,9.0,0.0
hmm_t,3,0.9,5.0,5000,7,10.000000000000002,21,5.038658872253385,HMM,ICL,9,0,6,0.09240405371349122,0.053535148829649444,9.0,0.0
hmm_t,3,0.9,5.0,5000,8,10.000000000000002,21,5.153100920722049,K-Means,Silhouette,2,0,-1,0.06234329384817417,0.06870420996119027,,
hmm_t,3,0.9,5.0,5000,8,10.000000000000002,21,5.153100920722049,K-Means,Davies-Bouldin,12,0,9,0.06234329384817417,0.03334588820093763,,
hmm_t,3,0.9,5.0,5000,8,10.000000000000002,21,5.153100920722049,K-Means,Calinski-Harabasz,12,0,9,0.06234329384817417,0.03334588820093763,,
hmm_t,3,0.9,5.0,5000,8,10.000000000000002,21,5.153100920722049,GMM,BIC,4,0,1,0.05939013904104121,0.058492656149319824,4.0,0.0
hmm_t,3,0.9,5.0,5000,8,10.000000000000002,21,5.153100920722049,GMM,AIC,12,0,9,0.05939013904104121,0.03384666535235157,12.0,0.0
hmm_t,3,0.9,5.0,5000,8,10.000000000000002,21,5.153100920722049,GMM,ICL,2,0,-1,0.05939013904104121,0.06513230431542512,1.0,1.0
hmm_t,3,0.9,5.0,5000,8,10.000000000000002,21,5.153100920722049,GMM,BIC_Neff,9,0,6,0.05939013904104121,0.038120669124757034,9.0,0.0
hmm_t,3,0.9,5.0,5000,8,10.000000000000002,21,5.153100920722049,HMM,BIC,10,0,7,0.07697117484801458,0.039097941770077284,10.0,0.0
hmm_t,3,0.9,5.0,5000,8,10.000000000000002,21,5.153100920722049,HMM,AIC,10,0,7,0.07697117484801458,0.039097941770077284,10.0,0.0
hmm_t,3,0.9,5.0,5000,8,10.000000000000002,21,5.153100920722049,HMM,ICL,10,0,7,0.07697117484801458,0.039097941770077284,10.0,0.0
hmm_t,3,0.9,5.0,5000,9,10.000000000000002,21,4.847968277955346,K-Means,Silhouette,2,0,-1,0.05836676263031515,0.06427224696745899,,
hmm_t,3,0.9,5.0,5000,9,10.000000000000002,21,4.847968277955346,K-Means,Davies-Bouldin,9,0,6,0.05836676263031515,0.02986326636640846,,
hmm_t,3,0.9,5.0,5000,9,10.000000000000002,21,4.847968277955346,K-Means,Calinski-Harabasz,12,0,9,0.05836676263031515,0.02688700938054993,,
hmm_t,3,0.9,5.0,5000,9,10.000000000000002,21,4.847968277955346,GMM,BIC,8,0,5,0.05584912844978958,0.03229910022242868,8.0,0.0
hmm_t,3,0.9,5.0,5000,9,10.000000000000002,21,4.847968277955346,GMM,AIC,10,0,7,0.05584912844978958,0.02872978380750977,10.0,0.0
hmm_t,3,0.9,5.0,5000,9,10.000000000000002,21,4.847968277955346,GMM,ICL,12,0,9,0.05584912844978958,0.027517133277263597,1.0,1.0
hmm_t,3,0.9,5.0,5000,9,10.000000000000002,21,4.847968277955346,GMM,BIC_Neff,8,0,5,0.05584912844978958,0.03229910022242868,8.0,0.0
hmm_t,3,0.9,5.0,5000,9,10.000000000000002,21,4.847968277955346,HMM,BIC,10,0,7,0.07382273667752691,0.04071848916167092,10.0,0.0
hmm_t,3,0.9,5.0,5000,9,10.000000000000002,21,4.847968277955346,HMM,AIC,12,0,9,0.07382273667752691,0.023957836959812427,12.0,0.0
hmm_t,3,0.9,5.0,5000,9,10.000000000000002,21,4.847968277955346,HMM,ICL,10,0,7,0.07382273667752691,0.04071848916167092,10.0,0.0
hmm_t,3,0.9,5.0,5000,10,10.000000000000002,21,4.915311032077203,K-Means,Silhouette,2,0,-1,0.056118899588139426,0.04850577520700568,,
hmm_t,3,0.9,5.0,5000,10,10.000000000000002,21,4.915311032077203,K-Means,Davies-Bouldin,10,0,7,0.056118899588139426,0.03153913277552274,,
hmm_t,3,0.9,5.0,5000,10,10.000000000000002,21,4.915311032077203,K-Means,Calinski-Harabasz,12,0,9,0.056118899588139426,0.02854895199579173,,
hmm_t,3,0.9,5.0,5000,10,10.000000000000002,21,4.915311032077203,GMM,BIC,7,0,4,0.05566898401708869,0.035465869523420415,7.0,0.0
hmm_t,3,0.9,5.0,5000,10,10.000000000000002,21,4.915311032077203,GMM,AIC,9,0,6,0.05566898401708869,0.03226245408631034,9.0,0.0
hmm_t,3,0.9,5.0,5000,10,10.000000000000002,21,4.915311032077203,GMM,ICL,2,0,-1,0.05566898401708869,0.03927929834765581,1.0,1.0
hmm_t,3,0.9,5.0,5000,10,10.000000000000002,21,4.915311032077203,GMM,BIC_Neff,7,0,4,0.05566898401708869,0.035465869523420415,7.0,0.0
hmm_t,3,0.9,5.0,5000,10,10.000000000000002,21,4.915311032077203,HMM,BIC,11,0,8,0.06368185033816791,0.03289571537683779,11.0,0.0
hmm_t,3,0.9,5.0,5000,10,10.000000000000002,21,4.915311032077203,HMM,AIC,11,0,8,0.06368185033816791,0.03289571537683779,11.0,0.0
hmm_t,3,0.9,5.0,5000,10,10.000000000000002,21,4.915311032077203,HMM,ICL,11,0,8,0.06368185033816791,0.03289571537683779,11.0,0.0
hmm_t,3,0.9,5.0,5000,11,10.000000000000002,21,5.206831741450916,K-Means,Silhouette,2,0,-1,0.07048286351546659,0.06855777289138529,,
hmm_t,3,0.9,5.0,5000,11,10.000000000000002,21,5.206831741450916,K-Means,Davies-Bouldin,12,0,9,0.07048286351546659,0.03393699930511133,,
hmm_t,3,0.9,5.0,5000,11,10.000000000000002,21,5.206831741450916,K-Means,Calinski-Harabasz,12,0,9,0.07048286351546659,0.03393699930511133,,
hmm_t,3,0.9,5.0,5000,11,10.000000000000002,21,5.206831741450916,GMM,BIC,6,0,3,0.07273936566487242,0.04752536620699965,6.0,0.0
hmm_t,3,0.9,5.0,5000,11,10.000000000000002,21,5.206831741450916,GMM,AIC,11,0,8,0.07273936566487242,0.036333768198615,11.0,0.0
hmm_t,3,0.9,5.0,5000,11,10.000000000000002,21,5.206831741450916,GMM,ICL,11,0,8,0.07273936566487242,0.036333768198615,1.0,1.0
hmm_t,3,0.9,5.0,5000,11,10.000000000000002,21,5.206831741450916,GMM,BIC_Neff,6,0,3,0.07273936566487242,0.04752536620699965,6.0,0.0
hmm_t,3,0.9,5.0,5000,11,10.000000000000002,21,5.206831741450916,HMM,BIC,12,0,9,0.07115734111928412,0.03070065088971593,12.0,0.0
hmm_t,3,0.9,5.0,5000,11,10.000000000000002,21,5.206831741450916,HMM,AIC,12,0,9,0.07115734111928412,0.03070065088971593,12.0,0.0
hmm_t,3,0.9,5.0,5000,11,10.000000000000002,21,5.206831741450916,HMM,ICL,12,0,9,0.07115734111928412,0.03070065088971593,12.0,0.0
hmm_t,3,0.9,5.0,5000,12,10.000000000000002,21,5.0679129348413685,K-Means,Silhouette,2,0,-1,0.07551018565261751,0.0588215107264292,,
hmm_t,3,0.9,5.0,5000,12,10.000000000000002,21,5.0679129348413685,K-Means,Davies-Bouldin,6,0,3,0.07551018565261751,0.05469105180164338,,
hmm_t,3,0.9,5.0,5000,12,10.000000000000002,21,5.0679129348413685,K-Means,Calinski-Harabasz,12,0,9,0.07551018565261751,0.032801991467197075,,
hmm_t,3,0.9,5.0,5000,12,10.000000000000002,21,5.0679129348413685,GMM,BIC,6,0,3,0.07263984622631153,0.05368696722200007,6.0,0.0
hmm_t,3,0.9,5.0,5000,12,10.000000000000002,21,5.0679129348413685,GMM,AIC,7,0,4,0.07263984622631153,0.05053597875801201,7.0,0.0
hmm_t,3,0.9,5.0,5000,12,10.000000000000002,21,5.0679129348413685,GMM,ICL,3,1,0,0.07263984622631153,0.07263984622631153,1.0,1.0
hmm_t,3,0.9,5.0,5000,12,10.000000000000002,21,5.0679129348413685,GMM,BIC_Neff,6,0,3,0.07263984622631153,0.05368696722200007,6.0,0.0
hmm_t,3,0.9,5.0,5000,12,10.000000000000002,21,5.0679129348413685,HMM,BIC,10,0,7,0.06007064304561983,0.0475788925159716,10.0,0.0
hmm_t,3,0.9,5.0,5000,12,10.000000000000002,21,5.0679129348413685,HMM,AIC,10,0,7,0.06007064304561983,0.0475788925159716,10.0,0.0
hmm_t,3,0.9,5.0,5000,12,10.000000000000002,21,5.0679129348413685,HMM,ICL,10,0,7,0.06007064304561983,0.0475788925159716,10.0,0.0
hmm_t,3,0.9,5.0,5000,13,10.000000000000002,21,5.04519170907052,K-Means,Silhouette,2,0,-1,0.07578155273734902,0.07146315231418038,,
hmm_t,3,0.9,5.0,5000,13,10.000000000000002,21,5.04519170907052,K-Means,Davies-Bouldin,9,0,6,0.07578155273734902,0.04727841806962444,,
hmm_t,3,0.9,5.0,5000,13,10.000000000000002,21,5.04519170907052,K-Means,Calinski-Harabasz,12,0,9,0.07578155273734902,0.034294162184206285,,
hmm_t,3,0.9,5.0,5000,13,10.000000000000002,21,5.04519170907052,GMM,BIC,6,0,3,0.06598608564421894,0.05615203484105187,6.0,0.0
hmm_t,3,0.9,5.0,5000,13,10.000000000000002,21,5.04519170907052,GMM,AIC,9,0,6,0.06598608564421894,0.048669131339263094,9.0,0.0
hmm_t,3,0.9,5.0,5000,13,10.000000000000002,21,5.04519170907052,GMM,ICL,9,0,6,0.06598608564421894,0.048669131339263094,1.0,1.0
hmm_t,3,0.9,5.0,5000,13,10.000000000000002,21,5.04519170907052,GMM,BIC_Neff,8,0,5,0.06598608564421894,0.05026576756982358,8.0,0.0
hmm_t,3,0.9,5.0,5000,13,10.000000000000002,21,5.04519170907052,HMM,BIC,10,0,7,-0.00025766276908921774,0.04218308991200472,10.0,0.0
hmm_t,3,0.9,5.0,5000,13,10.000000000000002,21,5.04519170907052,HMM,AIC,10,0,7,-0.00025766276908921774,0.04218308991200472,10.0,0.0
hmm_t,3,0.9,5.0,5000,13,10.000000000000002,21,5.04519170907052,HMM,ICL,10,0,7,-0.00025766276908921774,0.04218308991200472,10.0,0.0
hmm_t,3,0.9,5.0,5000,14,10.000000000000002,21,5.063015969562994,K-Means,Silhouette,2,0,-1,0.09315165468211575,0.10401335071258938,,
hmm_t,3,0.9,5.0,5000,14,10.000000000000002,21,5.063015969562994,K-Means,Davies-Bouldin,8,0,5,0.09315165468211575,0.0659854264857621,,
hmm_t,3,0.9,5.0,5000,14,10.000000000000002,21,5.063015969562994,K-Means,Calinski-Harabasz,12,0,9,0.09315165468211575,0.04599950646531338,,
hmm_t,3,0.9,5.0,5000,14,10.000000000000002,21,5.063015969562994,GMM,BIC,6,0,3,0.09212799815894417,0.0685795301084133,6.0,0.0
hmm_t,3,0.9,5.0,5000,14,10.000000000000002,21,5.063015969562994,GMM,AIC,11,0,8,0.09212799815894417,0.04466210454448202,11.0,0.0
hmm_t,3,0.9,5.0,5000,14,10.000000000000002,21,5.063015969562994,GMM,ICL,2,0,-1,0.09212799815894417,0.10753921031499354,1.0,1.0
hmm_t,3,0.9,5.0,5000,14,10.000000000000002,21,5.063015969562994,GMM,BIC_Neff,7,0,4,0.09212799815894417,0.06720936268067278,7.0,0.0
hmm_t,3,0.9,5.0,5000,14,10.000000000000002,21,5.063015969562994,HMM,BIC,9,0,6,0.09417763679756133,0.06222774453852363,9.0,0.0
hmm_t,3,0.9,5.0,5000,14,10.000000000000002,21,5.063015969562994,HMM,AIC,11,0,8,0.09417763679756133,0.059108898578637305,11.0,0.0
hmm_t,3,0.9,5.0,5000,14,10.000000000000002,21,5.063015969562994,HMM,ICL,9,0,6,0.09417763679756133,0.06222774453852363,9.0,0.0
hmm_t,3,0.9,5.0,5000,15,10.000000000000002,21,5.044696579295472,K-Means,Silhouette,2,0,-1,0.06448166305196552,0.07434876862838377,,
hmm_t,3,0.9,5.0,5000,15,10.000000000000002,21,5.044696579295472,K-Means,Davies-Bouldin,7,0,4,0.06448166305196552,0.05089870143223811,,
hmm_t,3,0.9,5.0,5000,15,10.000000000000002,21,5.044696579295472,K-Means,Calinski-Harabasz,12,0,9,0.06448166305196552,0.03159728036940671,,
hmm_t,3,0.9,5.0,5000,15,10.000000000000002,21,5.044696579295472,GMM,BIC,6,0,3,0.06359166428176483,0.052742074881448414,6.0,0.0
hmm_t,3,0.9,5.0,5000,15,10.000000000000002,21,5.044696579295472,GMM,AIC,6,0,3,0.06359166428176483,0.052742074881448414,6.0,0.0
hmm_t,3,0.9,5.0,5000,15,10.000000000000002,21,5.044696579295472,GMM,ICL,2,0,-1,0.06359166428176483,0.06522879554691165,1.0,1.0
hmm_t,3,0.9,5.0,5000,15,10.000000000000002,21,5.044696579295472,GMM,BIC_Neff,6,0,3,0.06359166428176483,0.052742074881448414,6.0,0.0
hmm_t,3,0.9,5.0,5000,15,10.000000000000002,21,5.044696579295472,HMM,BIC,12,0,9,0.05651287718999942,0.04202466947717938,12.0,0.0
hmm_t,3,0.9,5.0,5000,15,10.000000000000002,21,5.044696579295472,HMM,AIC,12,0,9,0.05651287718999942,0.04202466947717938,12.0,0.0
hmm_t,3,0.9,5.0,5000,15,10.000000000000002,21,5.044696579295472,HMM,ICL,12,0,9,0.05651287718999942,0.04202466947717938,12.0,0.0
hmm_t,3,0.9,5.0,5000,16,10.000000000000002,21,5.265290652229643,K-Means,Silhouette,2,0,-1,0.05939298318858729,0.0474555853653384,,
hmm_t,3,0.9,5.0,5000,16,10.000000000000002,21,5.265290652229643,K-Means,Davies-Bouldin,12,0,9,0.05939298318858729,0.025012708585845953,,
hmm_t,3,0.9,5.0,5000,16,10.000000000000002,21,5.265290652229643,K-Means,Calinski-Harabasz,12,0,9,0.05939298318858729,0.025012708585845953,,
hmm_t,3,0.9,5.0,5000,16,10.000000000000002,21,5.265290652229643,GMM,BIC,5,0,2,0.057146185960279094,0.043257820349291626,5.0,0.0
hmm_t,3,0.9,5.0,5000,16,10.000000000000002,21,5.265290652229643,GMM,AIC,12,0,9,0.057146185960279094,0.024747786722589468,12.0,0.0
hmm_t,3,0.9,5.0,5000,16,10.000000000000002,21,5.265290652229643,GMM,ICL,2,0,-1,0.057146185960279094,0.04407578012512022,1.0,1.0
hmm_t,3,0.9,5.0,5000,16,10.000000000000002,21,5.265290652229643,GMM,BIC_Neff,8,0,5,0.057146185960279094,0.03382378169679496,8.0,0.0
hmm_t,3,0.9,5.0,5000,16,10.000000000000002,21,5.265290652229643,HMM,BIC,12,0,9,0.05213550505998293,0.027826571399644732,12.0,0.0
hmm_t,3,0.9,5.0,5000,16,10.000000000000002,21,5.265290652229643,HMM,AIC,12,0,9,0.05213550505998293,0.027826571399644732,12.0,0.0
hmm_t,3,0.9,5.0,5000,16,10.000000000000002,21,5.265290652229643,HMM,ICL,12,0,9,0.05213550505998293,0.027826571399644732,12.0,0.0
hmm_t,3,0.9,5.0,5000,17,10.000000000000002,21,5.018368352933485,K-Means,Silhouette,2,0,-1,0.04823575951947528,0.04517006230574823,,
hmm_t,3,0.9,5.0,5000,17,10.000000000000002,21,5.018368352933485,K-Means,Davies-Bouldin,11,0,8,0.04823575951947528,0.02319924648946609,,
hmm_t,3,0.9,5.0,5000,17,10.000000000000002,21,5.018368352933485,K-Means,Calinski-Harabasz,12,0,9,0.04823575951947528,0.02207449684474832,,
hmm_t,3,0.9,5.0,5000,17,10.000000000000002,21,5.018368352933485,GMM,BIC,7,0,4,0.05149144457202445,0.03174983572444355,7.0,0.0
hmm_t,3,0.9,5.0,5000,17,10.000000000000002,21,5.018368352933485,GMM,AIC,11,0,8,0.05149144457202445,0.023276393515961877,11.0,0.0
hmm_t,3,0.9,5.0,5000,17,10.000000000000002,21,5.018368352933485,GMM,ICL,5,0,2,0.05149144457202445,0.04270821376580464,1.0,1.0
hmm_t,3,0.9,5.0,5000,17,10.000000000000002,21,5.018368352933485,GMM,BIC_Neff,7,0,4,0.05149144457202445,0.03174983572444355,7.0,0.0
hmm_t,3,0.9,5.0,5000,17,10.000000000000002,21,5.018368352933485,HMM,BIC,12,0,9,0.05195788407571915,0.025452839030053725,12.0,0.0
hmm_t,3,0.9,5.0,5000,17,10.000000000000002,21,5.018368352933485,HMM,AIC,12,0,9,0.05195788407571915,0.025452839030053725,12.0,0.0
hmm_t,3,0.9,5.0,5000,17,10.000000000000002,21,5.018368352933485,HMM,ICL,12,0,9,0.05195788407571915,0.025452839030053725,12.0,0.0
hmm_t,3,0.9,5.0,5000,18,10.000000000000002,21,4.841493225201658,K-Means,Silhouette,2,0,-1,0.0659927049744328,0.0543216225894686,,
hmm_t,3,0.9,5.0,5000,18,10.000000000000002,21,4.841493225201658,K-Means,Davies-Bouldin,11,0,8,0.0659927049744328,0.034689492579901435,,
hmm_t,3,0.9,5.0,5000,18,10.000000000000002,21,4.841493225201658,K-Means,Calinski-Harabasz,12,0,9,0.0659927049744328,0.028487280359067228,,
hmm_t,3,0.9,5.0,5000,18,10.000000000000002,21,4.841493225201658,GMM,BIC,5,0,2,0.05864059191759281,0.0493563130507424,5.0,0.0
hmm_t,3,0.9,5.0,5000,18,10.000000000000002,21,4.841493225201658,GMM,AIC,12,0,9,0.05864059191759281,0.026751661598762598,12.0,0.0
hmm_t,3,0.9,5.0,5000,18,10.000000000000002,21,4.841493225201658,GMM,ICL,2,0,-1,0.05864059191759281,0.05343563596658948,1.0,1.0
hmm_t,3,0.9,5.0,5000,18,10.000000000000002,21,4.841493225201658,GMM,BIC_Neff,7,0,4,0.05864059191759281,0.04296215002651911,7.0,0.0
hmm_t,3,0.9,5.0,5000,18,10.000000000000002,21,4.841493225201658,HMM,BIC,12,0,9,0.05148592387990059,0.03044579669896791,12.0,0.0
hmm_t,3,0.9,5.0,5000,18,10.000000000000002,21,4.841493225201658,HMM,AIC,12,0,9,0.05148592387990059,0.03044579669896791,12.0,0.0
hmm_t,3,0.9,5.0,5000,18,10.000000000000002,21,4.841493225201658,HMM,ICL,12,0,9,0.05148592387990059,0.03044579669896791,12.0,0.0
hmm_t,3,0.9,5.0,5000,19,10.000000000000002,21,5.070918819416178,K-Means,Silhouette,2,0,-1,0.049400332051091456,0.04504623870626219,,
hmm_t,3,0.9,5.0,5000,19,10.000000000000002,21,5.070918819416178,K-Means,Davies-Bouldin,10,0,7,0.049400332051091456,0.022617401905288936,,
hmm_t,3,0.9,5.0,5000,19,10.000000000000002,21,5.070918819416178,K-Means,Calinski-Harabasz,12,0,9,0.049400332051091456,0.020033398703447114,,
hmm_t,3,0.9,5.0,5000,19,10.000000000000002,21,5.070918819416178,GMM,BIC,6,0,3,0.049229588683091595,0.033152536398281536,6.0,0.0
hmm_t,3,0.9,5.0,5000,19,10.000000000000002,21,5.070918819416178,GMM,AIC,11,0,8,0.049229588683091595,0.021084855755003143,11.0,0.0
hmm_t,3,0.9,5.0,5000,19,10.000000000000002,21,5.070918819416178,GMM,ICL,2,0,-1,0.049229588683091595,0.04404089785587107,1.0,1.0
hmm_t,3,0.9,5.0,5000,19,10.000000000000002,21,5.070918819416178,GMM,BIC_Neff,9,0,6,0.049229588683091595,0.02387664104880216,9.0,0.0
hmm_t,3,0.9,5.0,5000,19,10.000000000000002,21,5.070918819416178,HMM,BIC,9,0,6,0.056591327832135774,0.027561007643021104,9.0,0.0
hmm_t,3,0.9,5.0,5000,19,10.000000000000002,21,5.070918819416178,HMM,AIC,9,0,6,0.056591327832135774,0.027561007643021104,9.0,0.0
hmm_t,3,0.9,5.0,5000,19,10.000000000000002,21,5.070918819416178,HMM,ICL,9,0,6,0.056591327832135774,0.027561007643021104,9.0,0.0
hmm_t,3,0.95,5.0,5000,0,19.999999999999982,21,4.71473407528183,K-Means,Silhouette,2,0,-1,0.14977254021719566,0.1628851083344818,,
hmm_t,3,0.95,5.0,5000,0,19.999999999999982,21,4.71473407528183,K-Means,Davies-Bouldin,7,0,4,0.14977254021719566,0.16026185983853353,,
hmm_t,3,0.95,5.0,5000,0,19.999999999999982,21,4.71473407528183,K-Means,Calinski-Harabasz,12,0,9,0.14977254021719566,0.10088608812103936,,
hmm_t,3,0.95,5.0,5000,0,19.999999999999982,21,4.71473407528183,GMM,BIC,9,0,6,0.15190824847170298,0.11641605955699746,9.0,0.0
hmm_t,3,0.95,5.0,5000,0,19.999999999999982,21,4.71473407528183,GMM,AIC,12,0,9,0.15190824847170298,0.10399989674233497,12.0,0.0
hmm_t,3,0.95,5.0,5000,0,19.999999999999982,21,4.71473407528183,GMM,ICL,7,0,4,0.15190824847170298,0.1594039302086543,1.0,1.0
hmm_t,3,0.95,5.0,5000,0,19.999999999999982,21,4.71473407528183,GMM,BIC_Neff,9,0,6,0.15190824847170298,0.11641605955699746,9.0,0.0
hmm_t,3,0.95,5.0,5000,0,19.999999999999982,21,4.71473407528183,HMM,BIC,12,0,9,0.2519428497501235,0.105071475616716,12.0,0.0
hmm_t,3,0.95,5.0,5000,0,19.999999999999982,21,4.71473407528183,HMM,AIC,12,0,9,0.2519428497501235,0.105071475616716,12.0,0.0
hmm_t,3,0.95,5.0,5000,0,19.999999999999982,21,4.71473407528183,HMM,ICL,12,0,9,0.2519428497501235,0.105071475616716,12.0,0.0
hmm_t,3,0.95,5.0,5000,1,19.999999999999982,21,5.139688743432302,K-Means,Silhouette,2,0,-1,0.13605450144367115,0.1087433186191643,,
hmm_t,3,0.95,5.0,5000,1,19.999999999999982,21,5.139688743432302,K-Means,Davies-Bouldin,5,0,2,0.13605450144367115,0.12831720034029917,,
hmm_t,3,0.95,5.0,5000,1,19.999999999999982,21,5.139688743432302,K-Means,Calinski-Harabasz,12,0,9,0.13605450144367115,0.07452968476404431,,
hmm_t,3,0.95,5.0,5000,1,19.999999999999982,21,5.139688743432302,GMM,BIC,5,0,2,0.13707918921524628,0.12880907793079915,5.0,0.0
hmm_t,3,0.95,5.0,5000,1,19.999999999999982,21,5.139688743432302,GMM,AIC,8,0,5,0.13707918921524628,0.0947907719071699,8.0,0.0
hmm_t,3,0.95,5.0,5000,1,19.999999999999982,21,5.139688743432302,GMM,ICL,2,0,-1,0.13707918921524628,0.1089304733084573,1.0,1.0
hmm_t,3,0.95,5.0,5000,1,19.999999999999982,21,5.139688743432302,GMM,BIC_Neff,8,0,5,0.13707918921524628,0.0947907719071699,8.0,0.0
hmm_t,3,0.95,5.0,5000,1,19.999999999999982,21,5.139688743432302,HMM,BIC,9,0,6,0.1591001053417411,0.09785402056212798,9.0,0.0
hmm_t,3,0.95,5.0,5000,1,19.999999999999982,21,5.139688743432302,HMM,AIC,9,0,6,0.1591001053417411,0.09785402056212798,9.0,0.0
hmm_t,3,0.95,5.0,5000,1,19.999999999999982,21,5.139688743432302,HMM,ICL,9,0,6,0.1591001053417411,0.09785402056212798,9.0,0.0
hmm_t,3,0.95,5.0,5000,2,19.999999999999982,21,5.401458575858276,K-Means,Silhouette,2,0,-1,0.13488170811677436,0.10658507626592091,,
hmm_t,3,0.95,5.0,5000,2,19.999999999999982,21,5.401458575858276,K-Means,Davies-Bouldin,8,0,5,0.13488170811677436,0.09151833541273882,,
hmm_t,3,0.95,5.0,5000,2,19.999999999999982,21,5.401458575858276,K-Means,Calinski-Harabasz,12,0,9,0.13488170811677436,0.07034156921160412,,
hmm_t,3,0.95,5.0,5000,2,19.999999999999982,21,5.401458575858276,GMM,BIC,9,0,6,0.13889533130155055,0.08336817080203998,9.0,0.0
hmm_t,3,0.95,5.0,5000,2,19.999999999999982,21,5.401458575858276,GMM,AIC,9,0,6,0.13889533130155055,0.08336817080203998,9.0,0.0
hmm_t,3,0.95,5.0,5000,2,19.999999999999982,21,5.401458575858276,GMM,ICL,8,0,5,0.13889533130155055,0.09000864248360554,1.0,1.0
hmm_t,3,0.95,5.0,5000,2,19.999999999999982,21,5.401458575858276,GMM,BIC_Neff,9,0,6,0.13889533130155055,0.08336817080203998,9.0,0.0
hmm_t,3,0.95,5.0,5000,2,19.999999999999982,21,5.401458575858276,HMM,BIC,11,0,8,0.16111817292235991,0.07140401492800073,11.0,0.0
hmm_t,3,0.95,5.0,5000,2,19.999999999999982,21,5.401458575858276,HMM,AIC,11,0,8,0.16111817292235991,0.07140401492800073,11.0,0.0
hmm_t,3,0.95,5.0,5000,2,19.999999999999982,21,5.401458575858276,HMM,ICL,11,0,8,0.16111817292235991,0.07140401492800073,11.0,0.0
hmm_t,3,0.95,5.0,5000,3,19.999999999999982,21,4.819627094590859,K-Means,Silhouette,2,0,-1,0.15908795426025807,0.12861927513482083,,
hmm_t,3,0.95,5.0,5000,3,19.999999999999982,21,4.819627094590859,K-Means,Davies-Bouldin,11,0,8,0.15908795426025807,0.09624670756013873,,
hmm_t,3,0.95,5.0,5000,3,19.999999999999982,21,4.819627094590859,K-Means,Calinski-Harabasz,12,0,9,0.15908795426025807,0.08976300884356604,,
hmm_t,3,0.95,5.0,5000,3,19.999999999999982,21,4.819627094590859,GMM,BIC,6,0,3,0.1674738494579448,0.13833126594780054,6.0,0.0
hmm_t,3,0.95,5.0,5000,3,19.999999999999982,21,4.819627094590859,GMM,AIC,9,0,6,0.1674738494579448,0.11495455574460249,9.0,0.0
hmm_t,3,0.95,5.0,5000,3,19.999999999999982,21,4.819627094590859,GMM,ICL,2,0,-1,0.1674738494579448,0.12514709219229997,1.0,1.0
hmm_t,3,0.95,5.0,5000,3,19.999999999999982,21,4.819627094590859,GMM,BIC_Neff,6,0,3,0.1674738494579448,0.13833126594780054,6.0,0.0
hmm_t,3,0.95,5.0,5000,3,19.999999999999982,21,4.819627094590859,HMM,BIC,7,0,4,0.19846620921215533,0.12485668462096255,7.0,0.0
hmm_t,3,0.95,5.0,5000,3,19.999999999999982,21,4.819627094590859,HMM,AIC,12,0,9,0.19846620921215533,0.09794200767655224,12.0,0.0
hmm_t,3,0.95,5.0,5000,3,19.999999999999982,21,4.819627094590859,HMM,ICL,7,0,4,0.19846620921215533,0.12485668462096255,7.0,0.0
hmm_t,3,0.95,5.0,5000,4,19.999999999999982,21,4.873506037183869,K-Means,Silhouette,2,0,-1,0.18083788300886078,0.18704741734704894,,
hmm_t,3,0.95,5.0,5000,4,19.999999999999982,21,4.873506037183869,K-Means,Davies-Bouldin,7,0,4,0.18083788300886078,0.14438749238801057,,
hmm_t,3,0.95,5.0,5000,4,19.999999999999982,21,4.873506037183869,K-Means,Calinski-Harabasz,12,0,9,0.18083788300886078,0.10406191748366786,,
hmm_t,3,0.95,5.0,5000,4,19.999999999999982,21,4.873506037183869,GMM,BIC,7,0,4,0.1746900306276692,0.1400687582776634,7.0,0.0
hmm_t,3,0.95,5.0,5000,4,19.999999999999982,21,4.873506037183869,GMM,AIC,9,0,6,0.1746900306276692,0.12339824122543226,9.0,0.0
hmm_t,3,0.95,5.0,5000,4,19.999999999999982,21,4.873506037183869,GMM,ICL,3,1,0,0.1746900306276692,0.1746900306276692,1.0,1.0
hmm_t,3,0.95,5.0,5000,4,19.999999999999982,21,4.873506037183869,GMM,BIC_Neff,8,0,5,0.1746900306276692,0.13087721573310934,8.0,0.0
hmm_t,3,0.95,5.0,5000,4,19.999999999999982,21,4.873506037183869,HMM,BIC,10,0,7,0.22638927711888496,0.10018328641900907,10.0,0.0
hmm_t,3,0.95,5.0,5000,4,19.999999999999982,21,4.873506037183869,HMM,AIC,10,0,7,0.22638927711888496,0.10018328641900907,10.0,0.0
hmm_t,3,0.95,5.0,5000,4,19.999999999999982,21,4.873506037183869,HMM,ICL,10,0,7,0.22638927711888496,0.10018328641900907,10.0,0.0
hmm_t,3,0.95,5.0,5000,5,19.999999999999982,21,5.055658730946933,K-Means,Silhouette,2,0,-1,0.12165374334759574,0.15528554764173905,,
hmm_t,3,0.95,5.0,5000,5,19.999999999999982,21,5.055658730946933,K-Means,Davies-Bouldin,6,0,3,0.12165374334759574,0.10422142724059853,,
hmm_t,3,0.95,5.0,5000,5,19.999999999999982,21,5.055658730946933,K-Means,Calinski-Harabasz,12,0,9,0.12165374334759574,0.06790007005582689,,
hmm_t,3,0.95,5.0,5000,5,19.999999999999982,21,5.055658730946933,GMM,BIC,6,0,3,0.12385150139524602,0.10558030828756078,6.0,0.0
hmm_t,3,0.95,5.0,5000,5,19.999999999999982,21,5.055658730946933,GMM,AIC,11,0,8,0.12385150139524602,0.07646446112678196,11.0,0.0
hmm_t,3,0.95,5.0,5000,5,19.999999999999982,21,5.055658730946933,GMM,ICL,2,0,-1,0.12385150139524602,0.1515162831270056,1.0,1.0
hmm_t,3,0.95,5.0,5000,5,19.999999999999982,21,5.055658730946933,GMM,BIC_Neff,6,0,3,0.12385150139524602,0.10558030828756078,6.0,0.0
hmm_t,3,0.95,5.0,5000,5,19.999999999999982,21,5.055658730946933,HMM,BIC,11,0,8,0.12767365118497798,0.07332290732380248,11.0,0.0
hmm_t,3,0.95,5.0,5000,5,19.999999999999982,21,5.055658730946933,HMM,AIC,11,0,8,0.12767365118497798,0.07332290732380248,11.0,0.0
hmm_t,3,0.95,5.0,5000,5,19.999999999999982,21,5.055658730946933,HMM,ICL,9,0,6,0.12767365118497798,0.08579632977155671,9.0,0.0
hmm_t,3,0.95,5.0,5000,6,19.999999999999982,21,4.968228857444911,K-Means,Silhouette,2,0,-1,0.1424290016575349,0.1345558049449513,,
hmm_t,3,0.95,5.0,5000,6,19.999999999999982,21,4.968228857444911,K-Means,Davies-Bouldin,7,0,4,0.1424290016575349,0.10843181422773962,,
hmm_t,3,0.95,5.0,5000,6,19.999999999999982,21,4.968228857444911,K-Means,Calinski-Harabasz,12,0,9,0.1424290016575349,0.06545363648752275,,
hmm_t,3,0.95,5.0,5000,6,19.999999999999982,21,4.968228857444911,GMM,BIC,6,0,3,0.15312181917299617,0.11934762987218328,6.0,0.0
hmm_t,3,0.95,5.0,5000,6,19.999999999999982,21,4.968228857444911,GMM,AIC,8,0,5,0.15312181917299617,0.1042503034342688,8.0,0.0
hmm_t,3,0.95,5.0,5000,6,19.999999999999982,21,4.968228857444911,GMM,ICL,2,0,-1,0.15312181917299617,0.1304752059230595,1.0,1.0
hmm_t,3,0.95,5.0,5000,6,19.999999999999982,21,4.968228857444911,GMM,BIC_Neff,6,0,3,0.15312181917299617,0.11934762987218328,6.0,0.0
hmm_t,3,0.95,5.0,5000,6,19.999999999999982,21,4.968228857444911,HMM,BIC,9,0,6,0.13396436634099224,0.09228835828164166,9.0,0.0
hmm_t,3,0.95,5.0,5000,6,19.999999999999982,21,4.968228857444911,HMM,AIC,9,0,6,0.13396436634099224,0.09228835828164166,9.0,0.0
hmm_t,3,0.95,5.0,5000,6,19.999999999999982,21,4.968228857444911,HMM,ICL,7,0,4,0.13396436634099224,0.11032829302360511,7.0,0.0
hmm_t,3,0.95,5.0,5000,7,19.999999999999982,21,4.78664514990337,K-Means,Silhouette,2,0,-1,0.15807722871298446,0.13672430818177372,,
hmm_t,3,0.95,5.0,5000,7,19.999999999999982,21,4.78664514990337,K-Means,Davies-Bouldin,7,0,4,0.15807722871298446,0.13175521054691428,,
hmm_t,3,0.95,5.0,5000,7,19.999999999999982,21,4.78664514990337,K-Means,Calinski-Harabasz,12,0,9,0.15807722871298446,0.08866570719868698,,
hmm_t,3,0.95,5.0,5000,7,19.999999999999982,21,4.78664514990337,GMM,BIC,3,1,0,0.1701493177742898,0.1701493177742898,3.0,0.0
hmm_t,3,0.95,5.0,5000,7,19.999999999999982,21,4.78664514990337,GMM,AIC,3,1,0,0.1701493177742898,0.1701493177742898,3.0,0.0
hmm_t,3,0.95,5.0,5000,7,19.999999999999982,21,4.78664514990337,GMM,ICL,2,0,-1,0.1701493177742898,0.1354221026691439,1.0,1.0
hmm_t,3,0.95,5.0,5000,7,19.999999999999982,21,4.78664514990337,GMM,BIC_Neff,3,1,0,0.1701493177742898,0.1701493177742898,3.0,0.0
hmm_t,3,0.95,5.0,5000,7,19.999999999999982,21,4.78664514990337,HMM,BIC,11,0,8,0.11689104622688103,0.10251819997897327,11.0,0.0
hmm_t,3,0.95,5.0,5000,7,19.999999999999982,21,4.78664514990337,HMM,AIC,11,0,8,0.11689104622688103,0.10251819997897327,11.0,0.0
hmm_t,3,0.95,5.0,5000,7,19.999999999999982,21,4.78664514990337,HMM,ICL,11,0,8,0.11689104622688103,0.10251819997897327,11.0,0.0
hmm_t,3,0.95,5.0,5000,8,19.999999999999982,21,4.8237366402279696,K-Means,Silhouette,2,0,-1,0.13126720589248975,0.15132004117537917,,
hmm_t,3,0.95,5.0,5000,8,19.999999999999982,21,4.8237366402279696,K-Means,Davies-Bouldin,11,0,8,0.13126720589248975,0.08414972610964044,,
hmm_t,3,0.95,5.0,5000,8,19.999999999999982,21,4.8237366402279696,K-Means,Calinski-Harabasz,12,0,9,0.13126720589248975,0.07288898889349503,,
hmm_t,3,0.95,5.0,5000,8,19.999999999999982,21,4.8237366402279696,GMM,BIC,7,0,4,0.1471445796149032,0.1174535821967888,7.0,0.0
hmm_t,3,0.95,5.0,5000,8,19.999999999999982,21,4.8237366402279696,GMM,AIC,10,0,7,0.1471445796149032,0.08941630816403925,10.0,0.0
hmm_t,3,0.95,5.0,5000,8,19.999999999999982,21,4.8237366402279696,GMM,ICL,2,0,-1,0.1471445796149032,0.15023631051223416,1.0,1.0
hmm_t,3,0.95,5.0,5000,8,19.999999999999982,21,4.8237366402279696,GMM,BIC_Neff,7,0,4,0.1471445796149032,0.1174535821967888,7.0,0.0
hmm_t,3,0.95,5.0,5000,8,19.999999999999982,21,4.8237366402279696,HMM,BIC,12,0,9,0.17315254599529875,0.0820941341509618,12.0,0.0
hmm_t,3,0.95,5.0,5000,8,19.999999999999982,21,4.8237366402279696,HMM,AIC,12,0,9,0.17315254599529875,0.0820941341509618,12.0,0.0
hmm_t,3,0.95,5.0,5000,8,19.999999999999982,21,4.8237366402279696,HMM,ICL,12,0,9,0.17315254599529875,0.0820941341509618,12.0,0.0
hmm_t,3,0.95,5.0,5000,9,19.999999999999982,21,5.177762058999898,K-Means,Silhouette,2,0,-1,0.14260406913139334,0.14023942709886866,,
hmm_t,3,0.95,5.0,5000,9,19.999999999999982,21,5.177762058999898,K-Means,Davies-Bouldin,11,0,8,0.14260406913139334,0.09146545965099181,,
hmm_t,3,0.95,5.0,5000,9,19.999999999999982,21,5.177762058999898,K-Means,Calinski-Harabasz,12,0,9,0.14260406913139334,0.08392332847127705,,
hmm_t,3,0.95,5.0,5000,9,19.999999999999982,21,5.177762058999898,GMM,BIC,6,0,3,0.14606446094381695,0.12155147086816043,6.0,0.0
hmm_t,3,0.95,5.0,5000,9,19.999999999999982,21,5.177762058999898,GMM,AIC,9,0,6,0.14606446094381695,0.10037641449875559,9.0,0.0
hmm_t,3,0.95,5.0,5000,9,19.999999999999982,21,5.177762058999898,GMM,ICL,5,0,2,0.14606446094381695,0.13047356926941925,1.0,1.0
hmm_t,3,0.95,5.0,5000,9,19.999999999999982,21,5.177762058999898,GMM,BIC_Neff,7,0,4,0.14606446094381695,0.1112244147222396,7.0,0.0
hmm_t,3,0.95,5.0,5000,9,19.999999999999982,21,5.177762058999898,HMM,BIC,10,0,7,0.18334094992772518,0.08177135104615604,10.0,0.0
hmm_t,3,0.95,5.0,5000,9,19.999999999999982,21,5.177762058999898,HMM,AIC,11,0,8,0.18334094992772518,0.07653268320501162,11.0,0.0
hmm_t,3,0.95,5.0,5000,9,19.999999999999982,21,5.177762058999898,HMM,ICL,10,0,7,0.18334094992772518,0.08177135104615604,10.0,0.0
hmm_t,3,0.95,5.0,5000,10,19.999999999999982,21,5.079604734145181,K-Means,Silhouette,2,0,-1,0.15174653758793316,0.15060940697657957,,
hmm_t,3,0.95,5.0,5000,10,19.999999999999982,21,5.079604734145181,K-Means,Davies-Bouldin,11,0,8,0.15174653758793316,0.10126798060713156,,
hmm_t,3,0.95,5.0,5000,10,19.999999999999982,21,5.079604734145181,K-Means,Calinski-Harabasz,12,0,9,0.15174653758793316,0.08160441167501864,,
hmm_t,3,0.95,5.0,5000,10,19.999999999999982,21,5.079604734145181,GMM,BIC,4,0,1,0.17954906299468293,0.16738186024519452,4.0,0.0
hmm_t,3,0.95,5.0,5000,10,19.999999999999982,21,5.079604734145181,GMM,AIC,12,0,9,0.17954906299468293,0.08539067571519637,12.0,0.0
hmm_t,3,0.95,5.0,5000,10,19.999999999999982,21,5.079604734145181,GMM,ICL,2,0,-1,0.17954906299468293,0.151173651967403,1.0,1.0
hmm_t,3,0.95,5.0,5000,10,19.999999999999982,21,5.079604734145181,GMM,BIC_Neff,7,0,4,0.17954906299468293,0.12128045644179558,7.0,0.0
hmm_t,3,0.95,5.0,5000,10,19.999999999999982,21,5.079604734145181,HMM,BIC,11,0,8,0.20292919316655592,0.09286280124858165,11.0,0.0
hmm_t,3,0.95,5.0,5000,10,19.999999999999982,21,5.079604734145181,HMM,AIC,11,0,8,0.20292919316655592,0.09286280124858165,11.0,0.0
hmm_t,3,0.95,5.0,5000,10,19.999999999999982,21,5.079604734145181,HMM,ICL,11,0,8,0.20292919316655592,0.09286280124858165,11.0,0.0
hmm_t,3,0.95,5.0,5000,11,19.999999999999982,21,5.228309112887575,K-Means,Silhouette,2,0,-1,0.16115365898484618,0.16342034389330518,,
hmm_t,3,0.95,5.0,5000,11,19.999999999999982,21,5.228309112887575,K-Means,Davies-Bouldin,9,0,6,0.16115365898484618,0.10913884511111531,,
hmm_t,3,0.95,5.0,5000,11,19.999999999999982,21,5.228309112887575,K-Means,Calinski-Harabasz,12,0,9,0.16115365898484618,0.09647519602640046,,
hmm_t,3,0.95,5.0,5000,11,19.999999999999982,21,5.228309112887575,GMM,BIC,8,0,5,0.16799146901684228,0.12036316875489349,8.0,0.0
hmm_t,3,0.95,5.0,5000,11,19.999999999999982,21,5.228309112887575,GMM,AIC,10,0,7,0.16799146901684228,0.10840568898095457,10.0,0.0
hmm_t,3,0.95,5.0,5000,11,19.999999999999982,21,5.228309112887575,GMM,ICL,2,0,-1,0.16799146901684228,0.1740476353837679,1.0,1.0
hmm_t,3,0.95,5.0,5000,11,19.999999999999982,21,5.228309112887575,GMM,BIC_Neff,8,0,5,0.16799146901684228,0.12036316875489349,8.0,0.0
hmm_t,3,0.95,5.0,5000,11,19.999999999999982,21,5.228309112887575,HMM,BIC,12,0,9,0.19679104201321984,0.06932023021565419,12.0,0.0
hmm_t,3,0.95,5.0,5000,11,19.999999999999982,21,5.228309112887575,HMM,AIC,12,0,9,0.19679104201321984,0.06932023021565419,12.0,0.0
hmm_t,3,0.95,5.0,5000,11,19.999999999999982,21,5.228309112887575,HMM,ICL,8,0,5,0.19679104201321984,0.10992392740522122,8.0,0.0
hmm_t,3,0.95,5.0,5000,12,19.999999999999982,21,5.000349285351562,K-Means,Silhouette,2,0,-1,0.17528576094116477,0.16389702234354134,,
hmm_t,3,0.95,5.0,5000,12,19.999999999999982,21,5.000349285351562,K-Means,Davies-Bouldin,5,0,2,0.17528576094116477,0.15052521761939183,,
hmm_t,3,0.95,5.0,5000,12,19.999999999999982,21,5.000349285351562,K-Means,Calinski-Harabasz,12,0,9,0.17528576094116477,0.07549977315467866,,
hmm_t,3,0.95,5.0,5000,12,19.999999999999982,21,5.000349285351562,GMM,BIC,4,0,1,0.17264234006228263,0.14668702315616394,4.0,0.0
hmm_t,3,0.95,5.0,5000,12,19.999999999999982,21,5.000349285351562,GMM,AIC,12,0,9,0.17264234006228263,0.07552940203812934,12.0,0.0
hmm_t,3,0.95,5.0,5000,12,19.999999999999982,21,5.000349285351562,GMM,ICL,2,0,-1,0.17264234006228263,0.16553409746682338,1.0,1.0
hmm_t,3,0.95,5.0,5000,12,19.999999999999982,21,5.000349285351562,GMM,BIC_Neff,4,0,1,0.17264234006228263,0.14668702315616394,4.0,0.0
hmm_t,3,0.95,5.0,5000,12,19.999999999999982,21,5.000349285351562,HMM,BIC,12,0,9,0.18851644350336033,0.08066797162178105,12.0,0.0
hmm_t,3,0.95,5.0,5000,12,19.999999999999982,21,5.000349285351562,HMM,AIC,12,0,9,0.18851644350336033,0.08066797162178105,12.0,0.0
hmm_t,3,0.95,5.0,5000,12,19.999999999999982,21,5.000349285351562,HMM,ICL,12,0,9,0.18851644350336033,0.08066797162178105,12.0,0.0
hmm_t,3,0.95,5.0,5000,13,19.999999999999982,21,5.111364179452891,K-Means,Silhouette,2,0,-1,0.1796843300422733,0.1665672538826747,,
hmm_t,3,0.95,5.0,5000,13,19.999999999999982,21,5.111364179452891,K-Means,Davies-Bouldin,8,0,5,0.1796843300422733,0.15617943348004498,,
hmm_t,3,0.95,5.0,5000,13,19.999999999999982,21,5.111364179452891,K-Means,Calinski-Harabasz,12,0,9,0.1796843300422733,0.11804965925503455,,
hmm_t,3,0.95,5.0,5000,13,19.999999999999982,21,5.111364179452891,GMM,BIC,3,1,0,0.22980528119919486,0.22980528119919486,3.0,0.0
hmm_t,3,0.95,5.0,5000,13,19.999999999999982,21,5.111364179452891,GMM,AIC,8,0,5,0.22980528119919486,0.15617642967195475,8.0,0.0
hmm_t,3,0.95,5.0,5000,13,19.999999999999982,21,5.111364179452891,GMM,ICL,2,0,-1,0.22980528119919486,0.16148361887886714,1.0,1.0
hmm_t,3,0.95,5.0,5000,13,19.999999999999982,21,5.111364179452891,GMM,BIC_Neff,3,1,0,0.22980528119919486,0.22980528119919486,3.0,0.0
hmm_t,3,0.95,5.0,5000,13,19.999999999999982,21,5.111364179452891,HMM,BIC,9,0,6,0.23333984351393872,0.13008444631937224,9.0,0.0
hmm_t,3,0.95,5.0,5000,13,19.999999999999982,21,5.111364179452891,HMM,AIC,12,0,9,0.23333984351393872,0.08831337655531969,12.0,0.0
hmm_t,3,0.95,5.0,5000,13,19.999999999999982,21,5.111364179452891,HMM,ICL,9,0,6,0.23333984351393872,0.13008444631937224,9.0,0.0
hmm_t,3,0.95,5.0,5000,14,19.999999999999982,21,4.905718548017035,K-Means,Silhouette,2,0,-1,0.11832328004357887,0.1353845748237366,,
hmm_t,3,0.95,5.0,5000,14,19.999999999999982,21,4.905718548017035,K-Means,Davies-Bouldin,10,0,7,0.11832328004357887,0.08145486521294293,,
hmm_t,3,0.95,5.0,5000,14,19.999999999999982,21,4.905718548017035,K-Means,Calinski-Harabasz,12,0,9,0.11832328004357887,0.05902780735938923,,
hmm_t,3,0.95,5.0,5000,14,19.999999999999982,21,4.905718548017035,GMM,BIC,7,0,4,0.12616957663920106,0.09526170893691367,7.0,0.0
hmm_t,3,0.95,5.0,5000,14,19.999999999999982,21,4.905718548017035,GMM,AIC,10,0,7,0.12616957663920106,0.08243094149285395,10.0,0.0
hmm_t,3,0.95,5.0,5000,14,19.999999999999982,21,4.905718548017035,GMM,ICL,2,0,-1,0.12616957663920106,0.1350127138300968,1.0,1.0
hmm_t,3,0.95,5.0,5000,14,19.999999999999982,21,4.905718548017035,GMM,BIC_Neff,7,0,4,0.12616957663920106,0.09526170893691367,7.0,0.0
hmm_t,3,0.95,5.0,5000,14,19.999999999999982,21,4.905718548017035,HMM,BIC,11,0,8,0.1266346554623572,0.059751463360129126,11.0,0.0
hmm_t,3,0.95,5.0,5000,14,19.999999999999982,21,4.905718548017035,HMM,AIC,11,0,8,0.1266346554623572,0.059751463360129126,11.0,0.0
hmm_t,3,0.95,5.0,5000,14,19.999999999999982,21,4.905718548017035,HMM,ICL,11,0,8,0.1266346554623572,0.059751463360129126,11.0,0.0
hmm_t,3,0.95,5.0,5000,15,19.999999999999982,21,5.001416699647906,K-Means,Silhouette,2,0,-1,0.15610960888343794,0.18874425858863653,,
hmm_t,3,0.95,5.0,5000,15,19.999999999999982,21,5.001416699647906,K-Means,Davies-Bouldin,9,0,6,0.15610960888343794,0.11215667503430615,,
hmm_t,3,0.95,5.0,5000,15,19.999999999999982,21,5.001416699647906,K-Means,Calinski-Harabasz,12,0,9,0.15610960888343794,0.08724713272512327,,
hmm_t,3,0.95,5.0,5000,15,19.999999999999982,21,5.001416699647906,GMM,BIC,5,0,2,0.16855819482104692,0.17140363527165867,5.0,0.0
hmm_t,3,0.95,5.0,5000,15,19.999999999999982,21,5.001416699647906,GMM,AIC,9,0,6,0.16855819482104692,0.1114924680914272,9.0,0.0
hmm_t,3,0.95,5.0,5000,15,19.999999999999982,21,5.001416699647906,GMM,ICL,2,0,-1,0.16855819482104692,0.18833272819596975,1.0,1.0
hmm_t,3,0.95,5.0,5000,15,19.999999999999982,21,5.001416699647906,GMM,BIC_Neff,9,0,6,0.16855819482104692,0.1114924680914272,9.0,0.0
hmm_t,3,0.95,5.0,5000,15,19.999999999999982,21,5.001416699647906,HMM,BIC,12,0,9,0.15600079523677812,0.09887206341722737,12.0,0.0
hmm_t,3,0.95,5.0,5000,15,19.999999999999982,21,5.001416699647906,HMM,AIC,12,0,9,0.15600079523677812,0.09887206341722737,12.0,0.0
hmm_t,3,0.95,5.0,5000,15,19.999999999999982,21,5.001416699647906,HMM,ICL,12,0,9,0.15600079523677812,0.09887206341722737,12.0,0.0
hmm_t,3,0.95,5.0,5000,16,19.999999999999982,21,4.946743498187826,K-Means,Silhouette,2,0,-1,0.10149819468497043,0.11558948077172983,,
hmm_t,3,0.95,5.0,5000,16,19.999999999999982,21,4.946743498187826,K-Means,Davies-Bouldin,4,0,1,0.10149819468497043,0.12704009807242933,,
hmm_t,3,0.95,5.0,5000,16,19.999999999999982,21,4.946743498187826,K-Means,Calinski-Harabasz,12,0,9,0.10149819468497043,0.06381147987156403,,
hmm_t,3,0.95,5.0,5000,16,19.999999999999982,21,4.946743498187826,GMM,BIC,7,0,4,0.1117016334691154,0.10793365499923487,7.0,0.0
hmm_t,3,0.95,5.0,5000,16,19.999999999999982,21,4.946743498187826,GMM,AIC,8,0,5,0.1117016334691154,0.09939700146256207,8.0,0.0
hmm_t,3,0.95,5.0,5000,16,19.999999999999982,21,4.946743498187826,GMM,ICL,2,0,-1,0.1117016334691154,0.09929555225183252,1.0,1.0
hmm_t,3,0.95,5.0,5000,16,19.999999999999982,21,4.946743498187826,GMM,BIC_Neff,8,0,5,0.1117016334691154,0.09939700146256207,8.0,0.0
hmm_t,3,0.95,5.0,5000,16,19.999999999999982,21,4.946743498187826,HMM,BIC,11,0,8,0.11675258960146295,0.07468345985541038,11.0,0.0
hmm_t,3,0.95,5.0,5000,16,19.999999999999982,21,4.946743498187826,HMM,AIC,11,0,8,0.11675258960146295,0.07468345985541038,11.0,0.0
hmm_t,3,0.95,5.0,5000,16,19.999999999999982,21,4.946743498187826,HMM,ICL,11,0,8,0.11675258960146295,0.07468345985541038,11.0,0.0
hmm_t,3,0.95,5.0,5000,17,19.999999999999982,21,4.917939782154278,K-Means,Silhouette,2,0,-1,0.15265148048710603,0.15313962778492432,,
hmm_t,3,0.95,5.0,5000,17,19.999999999999982,21,4.917939782154278,K-Means,Davies-Bouldin,8,0,5,0.15265148048710603,0.1300691268074106,,
hmm_t,3,0.95,5.0,5000,17,19.999999999999982,21,4.917939782154278,K-Means,Calinski-Harabasz,12,0,9,0.15265148048710603,0.08271963547467877,,
hmm_t,3,0.95,5.0,5000,17,19.999999999999982,21,4.917939782154278,GMM,BIC,4,0,1,0.15260518229096054,0.16754177105116075,4.0,0.0
hmm_t,3,0.95,5.0,5000,17,19.999999999999982,21,4.917939782154278,GMM,AIC,7,0,4,0.15260518229096054,0.13792487013416688,7.0,0.0
hmm_t,3,0.95,5.0,5000,17,19.999999999999982,21,4.917939782154278,GMM,ICL,2,0,-1,0.15260518229096054,0.15528624949934006,1.0,1.0
hmm_t,3,0.95,5.0,5000,17,19.999999999999982,21,4.917939782154278,GMM,BIC_Neff,7,0,4,0.15260518229096054,0.13792487013416688,7.0,0.0
hmm_t,3,0.95,5.0,5000,17,19.999999999999982,21,4.917939782154278,HMM,BIC,12,0,9,0.21636703222046222,0.078726320409447,12.0,0.0
hmm_t,3,0.95,5.0,5000,17,19.999999999999982,21,4.917939782154278,HMM,AIC,12,0,9,0.21636703222046222,0.078726320409447,12.0,0.0
hmm_t,3,0.95,5.0,5000,17,19.999999999999982,21,4.917939782154278,HMM,ICL,12,0,9,0.21636703222046222,0.078726320409447,12.0,0.0
hmm_t,3,0.95,5.0,5000,18,19.999999999999982,21,5.435668601426815,K-Means,Silhouette,2,0,-1,0.1805264816613178,0.153106765442121,,
hmm_t,3,0.95,5.0,5000,18,19.999999999999982,21,5.435668601426815,K-Means,Davies-Bouldin,6,0,3,0.1805264816613178,0.14893450501483496,,
hmm_t,3,0.95,5.0,5000,18,19.999999999999982,21,5.435668601426815,K-Means,Calinski-Harabasz,12,0,9,0.1805264816613178,0.08044232772786217,,
hmm_t,3,0.95,5.0,5000,18,19.999999999999982,21,5.435668601426815,GMM,BIC,5,0,2,0.18087502229948302,0.15716747310267118,5.0,0.0
hmm_t,3,0.95,5.0,5000,18,19.999999999999982,21,5.435668601426815,GMM,AIC,9,0,6,0.18087502229948302,0.09679857442724686,9.0,0.0
hmm_t,3,0.95,5.0,5000,18,19.999999999999982,21,5.435668601426815,GMM,ICL,2,0,-1,0.18087502229948302,0.15380310957030513,1.0,1.0
hmm_t,3,0.95,5.0,5000,18,19.999999999999982,21,5.435668601426815,GMM,BIC_Neff,9,0,6,0.18087502229948302,0.09679857442724686,9.0,0.0
hmm_t,3,0.95,5.0,5000,18,19.999999999999982,21,5.435668601426815,HMM,BIC,12,0,9,0.14186078487074993,0.07722260299576798,12.0,0.0
hmm_t,3,0.95,5.0,5000,18,19.999999999999982,21,5.435668601426815,HMM,AIC,12,0,9,0.14186078487074993,0.07722260299576798,12.0,0.0
hmm_t,3,0.95,5.0,5000,18,19.999999999999982,21,5.435668601426815,HMM,ICL,12,0,9,0.14186078487074993,0.07722260299576798,12.0,0.0
hmm_t,3,0.95,5.0,5000,19,19.999999999999982,21,5.404429945035405,K-Means,Silhouette,2,0,-1,0.17423637796261313,0.17422294240519173,,
hmm_t,3,0.95,5.0,5000,19,19.999999999999982,21,5.404429945035405,K-Means,Davies-Bouldin,8,0,5,0.17423637796261313,0.15033012051911304,,
hmm_t,3,0.95,5.0,5000,19,19.999999999999982,21,5.404429945035405,K-Means,Calinski-Harabasz,12,0,9,0.17423637796261313,0.09610252692788976,,
hmm_t,3,0.95,5.0,5000,19,19.999999999999982,21,5.404429945035405,GMM,BIC,6,0,3,0.19072759172814172,0.1596690962122555,6.0,0.0
hmm_t,3,0.95,5.0,5000,19,19.999999999999982,21,5.404429945035405,GMM,AIC,9,0,6,0.19072759172814172,0.11724380482649459,9.0,0.0
hmm_t,3,0.95,5.0,5000,19,19.999999999999982,21,5.404429945035405,GMM,ICL,2,0,-1,0.19072759172814172,0.17689742451299884,1.0,1.0
hmm_t,3,0.95,5.0,5000,19,19.999999999999982,21,5.404429945035405,GMM,BIC_Neff,9,0,6,0.19072759172814172,0.11724380482649459,9.0,0.0
hmm_t,3,0.95,5.0,5000,19,19.999999999999982,21,5.404429945035405,HMM,BIC,10,0,7,0.22731562100123226,0.10920819775025757,10.0,0.0
hmm_t,3,0.95,5.0,5000,19,19.999999999999982,21,5.404429945035405,HMM,AIC,10,0,7,0.22731562100123226,0.10920819775025757,10.0,0.0
hmm_t,3,0.95,5.0,5000,19,19.999999999999982,21,5.404429945035405,HMM,ICL,10,0,7,0.22731562100123226,0.10920819775025757,10.0,0.0
hmm_t,3,0.99,5.0,5000,0,99.99999999999991,21,4.789794490433087,K-Means,Silhouette,2,0,-1,0.4996009205794881,0.4561323723940462,,
hmm_t,3,0.99,5.0,5000,0,99.99999999999991,21,4.789794490433087,K-Means,Davies-Bouldin,2,0,-1,0.4996009205794881,0.4561323723940462,,
hmm_t,3,0.99,5.0,5000,0,99.99999999999991,21,4.789794490433087,K-Means,Calinski-Harabasz,12,0,9,0.4996009205794881,0.23122498093545016,,
hmm_t,3,0.99,5.0,5000,0,99.99999999999991,21,4.789794490433087,GMM,BIC,3,1,0,0.6591569735209234,0.6591569735209234,3.0,0.0
hmm_t,3,0.99,5.0,5000,0,99.99999999999991,21,4.789794490433087,GMM,AIC,12,0,9,0.6591569735209234,0.25096074098520726,12.0,0.0
hmm_t,3,0.99,5.0,5000,0,99.99999999999991,21,4.789794490433087,GMM,ICL,3,1,0,0.6591569735209234,0.6591569735209234,3.0,0.0
hmm_t,3,0.99,5.0,5000,0,99.99999999999991,21,4.789794490433087,GMM,BIC_Neff,3,1,0,0.6591569735209234,0.6591569735209234,3.0,0.0
hmm_t,3,0.99,5.0,5000,0,99.99999999999991,21,4.789794490433087,HMM,BIC,11,0,8,0.3289465874545022,0.2670081051838303,11.0,0.0
hmm_t,3,0.99,5.0,5000,0,99.99999999999991,21,4.789794490433087,HMM,AIC,11,0,8,0.3289465874545022,0.2670081051838303,11.0,0.0
hmm_t,3,0.99,5.0,5000,0,99.99999999999991,21,4.789794490433087,HMM,ICL,11,0,8,0.3289465874545022,0.2670081051838303,11.0,0.0
hmm_t,3,0.99,5.0,5000,1,99.99999999999991,21,5.166835632570982,K-Means,Silhouette,2,0,-1,0.4908193646381045,0.5250512929174372,,
hmm_t,3,0.99,5.0,5000,1,99.99999999999991,21,5.166835632570982,K-Means,Davies-Bouldin,2,0,-1,0.4908193646381045,0.5250512929174372,,
hmm_t,3,0.99,5.0,5000,1,99.99999999999991,21,5.166835632570982,K-Means,Calinski-Harabasz,12,0,9,0.4908193646381045,0.21494455705173576,,
hmm_t,3,0.99,5.0,5000,1,99.99999999999991,21,5.166835632570982,GMM,BIC,4,0,1,0.659544109492572,0.4642308095426287,4.0,0.0
hmm_t,3,0.99,5.0,5000,1,99.99999999999991,21,5.166835632570982,GMM,AIC,11,0,8,0.659544109492572,0.2411662042877488,11.0,0.0
hmm_t,3,0.99,5.0,5000,1,99.99999999999991,21,5.166835632570982,GMM,ICL,3,1,0,0.659544109492572,0.659544109492572,3.0,0.0
hmm_t,3,0.99,5.0,5000,1,99.99999999999991,21,5.166835632570982,GMM,BIC_Neff,4,0,1,0.659544109492572,0.4642308095426287,4.0,0.0
hmm_t,3,0.99,5.0,5000,1,99.99999999999991,21,5.166835632570982,HMM,BIC,10,0,7,0.6910240180604384,0.3071001036440211,10.0,0.0
hmm_t,3,0.99,5.0,5000,1,99.99999999999991,21,5.166835632570982,HMM,AIC,10,0,7,0.6910240180604384,0.3071001036440211,10.0,0.0
hmm_t,3,0.99,5.0,5000,1,99.99999999999991,21,5.166835632570982,HMM,ICL,10,0,7,0.6910240180604384,0.3071001036440211,10.0,0.0
hmm_t,3,0.99,5.0,5000,2,99.99999999999991,21,4.861472388253348,K-Means,Silhouette,2,0,-1,0.5546971365472197,0.36888764564103543,,
hmm_t,3,0.99,5.0,5000,2,99.99999999999991,21,4.861472388253348,K-Means,Davies-Bouldin,3,1,0,0.5546971365472197,0.5546971365472197,,
hmm_t,3,0.99,5.0,5000,2,99.99999999999991,21,4.861472388253348,K-Means,Calinski-Harabasz,12,0,9,0.5546971365472197,0.21971884943850734,,
hmm_t,3,0.99,5.0,5000,2,99.99999999999991,21,4.861472388253348,GMM,BIC,3,1,0,0.5763769393450578,0.5763769393450578,3.0,0.0
hmm_t,3,0.99,5.0,5000,2,99.99999999999991,21,4.861472388253348,GMM,AIC,12,0,9,0.5763769393450578,0.22147832894646907,12.0,0.0
hmm_t,3,0.99,5.0,5000,2,99.99999999999991,21,4.861472388253348,GMM,ICL,3,1,0,0.5763769393450578,0.5763769393450578,3.0,0.0
hmm_t,3,0.99,5.0,5000,2,99.99999999999991,21,4.861472388253348,GMM,BIC_Neff,3,1,0,0.5763769393450578,0.5763769393450578,3.0,0.0
hmm_t,3,0.99,5.0,5000,2,99.99999999999991,21,4.861472388253348,HMM,BIC,10,0,7,0.6143058279911495,0.2689250388829695,10.0,0.0
hmm_t,3,0.99,5.0,5000,2,99.99999999999991,21,4.861472388253348,HMM,AIC,10,0,7,0.6143058279911495,0.2689250388829695,10.0,0.0
hmm_t,3,0.99,5.0,5000,2,99.99999999999991,21,4.861472388253348,HMM,ICL,10,0,7,0.6143058279911495,0.2689250388829695,10.0,0.0
hmm_t,3,0.99,5.0,5000,3,99.99999999999991,21,5.118270709597232,K-Means,Silhouette,2,0,-1,0.4704761341630901,0.3524234418998885,,
hmm_t,3,0.99,5.0,5000,3,99.99999999999991,21,5.118270709597232,K-Means,Davies-Bouldin,3,1,0,0.4704761341630901,0.4704761341630901,,
hmm_t,3,0.99,5.0,5000,3,99.99999999999991,21,5.118270709597232,K-Means,Calinski-Harabasz,12,0,9,0.4704761341630901,0.24361185538727356,,
hmm_t,3,0.99,5.0,5000,3,99.99999999999991,21,5.118270709597232,GMM,BIC,3,1,0,0.6012180547279551,0.6012180547279551,3.0,0.0
hmm_t,3,0.99,5.0,5000,3,99.99999999999991,21,5.118270709597232,GMM,AIC,10,0,7,0.6012180547279551,0.26468362271777346,10.0,0.0
hmm_t,3,0.99,5.0,5000,3,99.99999999999991,21,5.118270709597232,GMM,ICL,3,1,0,0.6012180547279551,0.6012180547279551,1.0,1.0
hmm_t,3,0.99,5.0,5000,3,99.99999999999991,21,5.118270709597232,GMM,BIC_Neff,4,0,1,0.6012180547279551,0.5427244954491384,4.0,0.0
hmm_t,3,0.99,5.0,5000,3,99.99999999999991,21,5.118270709597232,HMM,BIC,12,0,9,0.2944523362603804,0.25936929204878406,12.0,0.0
hmm_t,3,0.99,5.0,5000,3,99.99999999999991,21,5.118270709597232,HMM,AIC,12,0,9,0.2944523362603804,0.25936929204878406,12.0,0.0
hmm_t,3,0.99,5.0,5000,3,99.99999999999991,21,5.118270709597232,HMM,ICL,12,0,9,0.2944523362603804,0.25936929204878406,12.0,0.0
hmm_t,3,0.99,5.0,5000,4,99.99999999999991,21,5.18386957858486,K-Means,Silhouette,2,0,-1,0.5810842940960705,0.43593429899870395,,
hmm_t,3,0.99,5.0,5000,4,99.99999999999991,21,5.18386957858486,K-Means,Davies-Bouldin,2,0,-1,0.5810842940960705,0.43593429899870395,,
hmm_t,3,0.99,5.0,5000,4,99.99999999999991,21,5.18386957858486,K-Means,Calinski-Harabasz,12,0,9,0.5810842940960705,0.30100116127591026,,
hmm_t,3,0.99,5.0,5000,4,99.99999999999991,21,5.18386957858486,GMM,BIC,5,0,2,0.6608505266974398,0.5484205785190406,5.0,0.0
hmm_t,3,0.99,5.0,5000,4,99.99999999999991,21,5.18386957858486,GMM,AIC,7,0,4,0.6608505266974398,0.45291980034015444,7.0,0.0
hmm_t,3,0.99,5.0,5000,4,99.99999999999991,21,5.18386957858486,GMM,ICL,3,1,0,0.6608505266974398,0.6608505266974398,3.0,0.0
hmm_t,3,0.99,5.0,5000,4,99.99999999999991,21,5.18386957858486,GMM,BIC_Neff,5,0,2,0.6608505266974398,0.5484205785190406,5.0,0.0
hmm_t,3,0.99,5.0,5000,4,99.99999999999991,21,5.18386957858486,HMM,BIC,12,0,9,0.6737756462015332,0.24982577915991977,12.0,0.0
hmm_t,3,0.99,5.0,5000,4,99.99999999999991,21,5.18386957858486,HMM,AIC,12,0,9,0.6737756462015332,0.24982577915991977,12.0,0.0
hmm_t,3,0.99,5.0,5000,4,99.99999999999991,21,5.18386957858486,HMM,ICL,12,0,9,0.6737756462015332,0.24982577915991977,12.0,0.0
hmm_t,3,0.99,5.0,5000,5,99.99999999999991,21,5.043585221711926,K-Means,Silhouette,2,0,-1,0.47001913016860664,0.38217957991171553,,
hmm_t,3,0.99,5.0,5000,5,99.99999999999991,21,5.043585221711926,K-Means,Davies-Bouldin,2,0,-1,0.47001913016860664,0.38217957991171553,,
hmm_t,3,0.99,5.0,5000,5,99.99999999999991,21,5.043585221711926,K-Means,Calinski-Harabasz,12,0,9,0.47001913016860664,0.2524315941284195,,
hmm_t,3,0.99,5.0,5000,5,99.99999999999991,21,5.043585221711926,GMM,BIC,3,1,0,0.5705032544484803,0.5705032544484803,3.0,0.0
hmm_t,3,0.99,5.0,5000,5,99.99999999999991,21,5.043585221711926,GMM,AIC,10,0,7,0.5705032544484803,0.3374989357904406,10.0,0.0
hmm_t,3,0.99,5.0,5000,5,99.99999999999991,21,5.043585221711926,GMM,ICL,3,1,0,0.5705032544484803,0.5705032544484803,3.0,0.0
hmm_t,3,0.99,5.0,5000,5,99.99999999999991,21,5.043585221711926,GMM,BIC_Neff,3,1,0,0.5705032544484803,0.5705032544484803,3.0,0.0
hmm_t,3,0.99,5.0,5000,5,99.99999999999991,21,5.043585221711926,HMM,BIC,12,0,9,0.31222098868766857,0.2158122412502451,12.0,0.0
hmm_t,3,0.99,5.0,5000,5,99.99999999999991,21,5.043585221711926,HMM,AIC,12,0,9,0.31222098868766857,0.2158122412502451,12.0,0.0
hmm_t,3,0.99,5.0,5000,5,99.99999999999991,21,5.043585221711926,HMM,ICL,12,0,9,0.31222098868766857,0.2158122412502451,12.0,0.0
hmm_t,3,0.99,5.0,5000,6,99.99999999999991,21,5.221720209596178,K-Means,Silhouette,2,0,-1,0.5320739523705206,0.289173068510555,,
hmm_t,3,0.99,5.0,5000,6,99.99999999999991,21,5.221720209596178,K-Means,Davies-Bouldin,3,1,0,0.5320739523705206,0.5320739523705206,,
hmm_t,3,0.99,5.0,5000,6,99.99999999999991,21,5.221720209596178,K-Means,Calinski-Harabasz,12,0,9,0.5320739523705206,0.2574662641298477,,
hmm_t,3,0.99,5.0,5000,6,99.99999999999991,21,5.221720209596178,GMM,BIC,3,1,0,0.6021868982886828,0.6021868982886828,3.0,0.0
hmm_t,3,0.99,5.0,5000,6,99.99999999999991,21,5.221720209596178,GMM,AIC,11,0,8,0.6021868982886828,0.26052947448855673,11.0,0.0
hmm_t,3,0.99,5.0,5000,6,99.99999999999991,21,5.221720209596178,GMM,ICL,3,1,0,0.6021868982886828,0.6021868982886828,3.0,0.0
hmm_t,3,0.99,5.0,5000,6,99.99999999999991,21,5.221720209596178,GMM,BIC_Neff,4,0,1,0.6021868982886828,0.5802987308705313,4.0,0.0
hmm_t,3,0.99,5.0,5000,6,99.99999999999991,21,5.221720209596178,HMM,BIC,10,0,7,0.6455886786991982,0.2542701156134896,10.0,0.0
hmm_t,3,0.99,5.0,5000,6,99.99999999999991,21,5.221720209596178,HMM,AIC,12,0,9,0.6455886786991982,0.3073538147519413,12.0,0.0
hmm_t,3,0.99,5.0,5000,6,99.99999999999991,21,5.221720209596178,HMM,ICL,12,0,9,0.6455886786991982,0.3073538147519413,12.0,0.0
hmm_t,3,0.99,5.0,5000,7,99.99999999999991,21,4.902416715158455,K-Means,Silhouette,2,0,-1,0.4718026972831611,0.3397720561121984,,
hmm_t,3,0.99,5.0,5000,7,99.99999999999991,21,4.902416715158455,K-Means,Davies-Bouldin,3,1,0,0.4718026972831611,0.4718026972831611,,
hmm_t,3,0.99,5.0,5000,7,99.99999999999991,21,4.902416715158455,K-Means,Calinski-Harabasz,12,0,9,0.4718026972831611,0.23794020698750515,,
hmm_t,3,0.99,5.0,5000,7,99.99999999999991,21,4.902416715158455,GMM,BIC,3,1,0,0.5610333156348202,0.5610333156348202,3.0,0.0
hmm_t,3,0.99,5.0,5000,7,99.99999999999991,21,4.902416715158455,GMM,AIC,8,0,5,0.5610333156348202,0.3852511716637673,8.0,0.0
hmm_t,3,0.99,5.0,5000,7,99.99999999999991,21,4.902416715158455,GMM,ICL,3,1,0,0.5610333156348202,0.5610333156348202,3.0,0.0
hmm_t,3,0.99,5.0,5000,7,99.99999999999991,21,4.902416715158455,GMM,BIC_Neff,4,0,1,0.5610333156348202,0.5004455862754663,4.0,0.0
hmm_t,3,0.99,5.0,5000,7,99.99999999999991,21,4.902416715158455,HMM,BIC,9,0,6,0.5972051494982061,0.2705091057675733,9.0,0.0
hmm_t,3,0.99,5.0,5000,7,99.99999999999991,21,4.902416715158455,HMM,AIC,9,0,6,0.5972051494982061,0.2705091057675733,9.0,0.0
hmm_t,3,0.99,5.0,5000,7,99.99999999999991,21,4.902416715158455,HMM,ICL,9,0,6,0.5972051494982061,0.2705091057675733,9.0,0.0
hmm_t,3,0.99,5.0,5000,8,99.99999999999991,21,5.050452301022811,K-Means,Silhouette,2,0,-1,0.6810957648422568,0.48585233996818833,,
hmm_t,3,0.99,5.0,5000,8,99.99999999999991,21,5.050452301022811,K-Means,Davies-Bouldin,2,0,-1,0.6810957648422568,0.48585233996818833,,
hmm_t,3,0.99,5.0,5000,8,99.99999999999991,21,5.050452301022811,K-Means,Calinski-Harabasz,12,0,9,0.6810957648422568,0.32284921109057524,,
hmm_t,3,0.99,5.0,5000,8,99.99999999999991,21,5.050452301022811,GMM,BIC,4,0,1,0.6999028301248729,0.6371127917716402,4.0,0.0
hmm_t,3,0.99,5.0,5000,8,99.99999999999991,21,5.050452301022811,GMM,AIC,10,0,7,0.6999028301248729,0.35048620249453244,10.0,0.0
hmm_t,3,0.99,5.0,5000,8,99.99999999999991,21,5.050452301022811,GMM,ICL,3,1,0,0.6999028301248729,0.6999028301248729,3.0,0.0
hmm_t,3,0.99,5.0,5000,8,99.99999999999991,21,5.050452301022811,GMM,BIC_Neff,4,0,1,0.6999028301248729,0.6371127917716402,4.0,0.0
hmm_t,3,0.99,5.0,5000,8,99.99999999999991,21,5.050452301022811,HMM,BIC,12,0,9,0.3410662296540703,0.28658845481508877,12.0,0.0
hmm_t,3,0.99,5.0,5000,8,99.99999999999991,21,5.050452301022811,HMM,AIC,12,0,9,0.3410662296540703,0.28658845481508877,12.0,0.0
hmm_t,3,0.99,5.0,5000,8,99.99999999999991,21,5.050452301022811,HMM,ICL,10,0,7,0.3410662296540703,0.5059395931268225,10.0,0.0
hmm_t,3,0.99,5.0,5000,9,99.99999999999991,21,4.680827604953791,K-Means,Silhouette,2,0,-1,0.6147683633672537,0.38988753656437153,,
hmm_t,3,0.99,5.0,5000,9,99.99999999999991,21,4.680827604953791,K-Means,Davies-Bouldin,3,1,0,0.6147683633672537,0.6147683633672537,,
hmm_t,3,0.99,5.0,5000,9,99.99999999999991,21,4.680827604953791,K-Means,Calinski-Harabasz,12,0,9,0.6147683633672537,0.28863274738824374,,
hmm_t,3,0.99,5.0,5000,9,99.99999999999991,21,4.680827604953791,GMM,BIC,3,1,0,0.6251083888106986,0.6251083888106986,3.0,0.0
hmm_t,3,0.99,5.0,5000,9,99.99999999999991,21,4.680827604953791,GMM,AIC,10,0,7,0.6251083888106986,0.3152066860875202,10.0,0.0
hmm_t,3,0.99,5.0,5000,9,99.99999999999991,21,4.680827604953791,GMM,ICL,3,1,0,0.6251083888106986,0.6251083888106986,3.0,0.0
hmm_t,3,0.99,5.0,5000,9,99.99999999999991,21,4.680827604953791,GMM,BIC_Neff,3,1,0,0.6251083888106986,0.6251083888106986,3.0,0.0
hmm_t,3,0.99,5.0,5000,9,99.99999999999991,21,4.680827604953791,HMM,BIC,10,0,7,0.6570749778823934,0.32603046324377544,10.0,0.0
hmm_t,3,0.99,5.0,5000,9,99.99999999999991,21,4.680827604953791,HMM,AIC,12,0,9,0.6570749778823934,0.2398193118899864,12.0,0.0
hmm_t,3,0.99,5.0,5000,9,99.99999999999991,21,4.680827604953791,HMM,ICL,10,0,7,0.6570749778823934,0.32603046324377544,10.0,0.0
hmm_t,3,0.99,5.0,5000,10,99.99999999999991,21,4.778925155709687,K-Means,Silhouette,2,0,-1,0.5663304905613298,0.36874464748032837,,
hmm_t,3,0.99,5.0,5000,10,99.99999999999991,21,4.778925155709687,K-Means,Davies-Bouldin,3,1,0,0.5663304905613298,0.5663304905613298,,
hmm_t,3,0.99,5.0,5000,10,99.99999999999991,21,4.778925155709687,K-Means,Calinski-Harabasz,12,0,9,0.5663304905613298,0.2806568499795773,,
hmm_t,3,0.99,5.0,5000,10,99.99999999999991,21,4.778925155709687,GMM,BIC,3,1,0,0.6608226542532448,0.6608226542532448,3.0,0.0
hmm_t,3,0.99,5.0,5000,10,99.99999999999991,21,4.778925155709687,GMM,AIC,8,0,5,0.6608226542532448,0.4003303712279721,8.0,0.0
hmm_t,3,0.99,5.0,5000,10,99.99999999999991,21,4.778925155709687,GMM,ICL,3,1,0,0.6608226542532448,0.6608226542532448,3.0,0.0
hmm_t,3,0.99,5.0,5000,10,99.99999999999991,21,4.778925155709687,GMM,BIC_Neff,4,0,1,0.6608226542532448,0.5970460760720709,4.0,0.0
hmm_t,3,0.99,5.0,5000,10,99.99999999999991,21,4.778925155709687,HMM,BIC,12,0,9,0.6676995384749387,0.25831247558526343,12.0,0.0
hmm_t,3,0.99,5.0,5000,10,99.99999999999991,21,4.778925155709687,HMM,AIC,12,0,9,0.6676995384749387,0.25831247558526343,12.0,0.0
hmm_t,3,0.99,5.0,5000,10,99.99999999999991,21,4.778925155709687,HMM,ICL,8,0,5,0.6676995384749387,0.32653240110154413,8.0,0.0
hmm_t,3,0.99,5.0,5000,11,99.99999999999991,21,4.367892292099757,K-Means,Silhouette,2,0,-1,0.457870700803741,0.32043056319139535,,
hmm_t,3,0.99,5.0,5000,11,99.99999999999991,21,4.367892292099757,K-Means,Davies-Bouldin,3,1,0,0.457870700803741,0.457870700803741,,
hmm_t,3,0.99,5.0,5000,11,99.99999999999991,21,4.367892292099757,K-Means,Calinski-Harabasz,12,0,9,0.457870700803741,0.2852583394569587,,
hmm_t,3,0.99,5.0,5000,11,99.99999999999991,21,4.367892292099757,GMM,BIC,3,1,0,0.5734304961876329,0.5734304961876329,3.0,0.0
hmm_t,3,0.99,5.0,5000,11,99.99999999999991,21,4.367892292099757,GMM,AIC,12,0,9,0.5734304961876329,0.2945247594806459,12.0,0.0
hmm_t,3,0.99,5.0,5000,11,99.99999999999991,21,4.367892292099757,GMM,ICL,3,1,0,0.5734304961876329,0.5734304961876329,1.0,1.0
hmm_t,3,0.99,5.0,5000,11,99.99999999999991,21,4.367892292099757,GMM,BIC_Neff,8,0,5,0.5734304961876329,0.39513519452527085,8.0,0.0
hmm_t,3,0.99,5.0,5000,11,99.99999999999991,21,4.367892292099757,HMM,BIC,12,0,9,0.2720506666494392,0.32947592424212424,12.0,0.0
hmm_t,3,0.99,5.0,5000,11,99.99999999999991,21,4.367892292099757,HMM,AIC,12,0,9,0.2720506666494392,0.32947592424212424,12.0,0.0
hmm_t,3,0.99,5.0,5000,11,99.99999999999991,21,4.367892292099757,HMM,ICL,12,0,9,0.2720506666494392,0.32947592424212424,12.0,0.0
hmm_t,3,0.99,5.0,5000,12,99.99999999999991,21,4.845978394244278,K-Means,Silhouette,2,0,-1,0.5711705503039918,0.4532753160791031,,
hmm_t,3,0.99,5.0,5000,12,99.99999999999991,21,4.845978394244278,K-Means,Davies-Bouldin,2,0,-1,0.5711705503039918,0.4532753160791031,,
hmm_t,3,0.99,5.0,5000,12,99.99999999999991,21,4.845978394244278,K-Means,Calinski-Harabasz,12,0,9,0.5711705503039918,0.26931656585363734,,
hmm_t,3,0.99,5.0,5000,12,99.99999999999991,21,4.845978394244278,GMM,BIC,3,1,0,0.6646740408486208,0.6646740408486208,3.0,0.0
hmm_t,3,0.99,5.0,5000,12,99.99999999999991,21,4.845978394244278,GMM,AIC,3,1,0,0.6646740408486208,0.6646740408486208,3.0,0.0
hmm_t,3,0.99,5.0,5000,12,99.99999999999991,21,4.845978394244278,GMM,ICL,3,1,0,0.6646740408486208,0.6646740408486208,3.0,0.0
hmm_t,3,0.99,5.0,5000,12,99.99999999999991,21,4.845978394244278,GMM,BIC_Neff,3,1,0,0.6646740408486208,0.6646740408486208,3.0,0.0
hmm_t,3,0.99,5.0,5000,12,99.99999999999991,21,4.845978394244278,HMM,BIC,10,0,7,0.6821492180383794,0.3103606833188027,10.0,0.0
hmm_t,3,0.99,5.0,5000,12,99.99999999999991,21,4.845978394244278,HMM,AIC,10,0,7,0.6821492180383794,0.3103606833188027,10.0,0.0
hmm_t,3,0.99,5.0,5000,12,99.99999999999991,21,4.845978394244278,HMM,ICL,6,0,3,0.6821492180383794,0.4970294705971324,6.0,0.0
hmm_t,3,0.99,5.0,5000,13,99.99999999999991,21,5.053499033756432,K-Means,Silhouette,2,0,-1,0.5378562455912085,0.38580709987900325,,
hmm_t,3,0.99,5.0,5000,13,99.99999999999991,21,5.053499033756432,K-Means,Davies-Bouldin,3,1,0,0.5378562455912085,0.5378562455912085,,
hmm_t,3,0.99,5.0,5000,13,99.99999999999991,21,5.053499033756432,K-Means,Calinski-Harabasz,12,0,9,0.5378562455912085,0.279758405233812,,
hmm_t,3,0.99,5.0,5000,13,99.99999999999991,21,5.053499033756432,GMM,BIC,3,1,0,0.657394607515124,0.657394607515124,3.0,0.0
hmm_t,3,0.99,5.0,5000,13,99.99999999999991,21,5.053499033756432,GMM,AIC,5,0,2,0.657394607515124,0.5721057766421107,5.0,0.0
hmm_t,3,0.99,5.0,5000,13,99.99999999999991,21,5.053499033756432,GMM,ICL,3,1,0,0.657394607515124,0.657394607515124,3.0,0.0
hmm_t,3,0.99,5.0,5000,13,99.99999999999991,21,5.053499033756432,GMM,BIC_Neff,3,1,0,0.657394607515124,0.657394607515124,3.0,0.0
hmm_t,3,0.99,5.0,5000,13,99.99999999999991,21,5.053499033756432,HMM,BIC,11,0,8,0.42720689209409135,0.3752895197535429,11.0,0.0
hmm_t,3,0.99,5.0,5000,13,99.99999999999991,21,5.053499033756432,HMM,AIC,11,0,8,0.42720689209409135,0.3752895197535429,11.0,0.0
hmm_t,3,0.99,5.0,5000,13,99.99999999999991,21,5.053499033756432,HMM,ICL,11,0,8,0.42720689209409135,0.3752895197535429,11.0,0.0
hmm_t,3,0.99,5.0,5000,14,99.99999999999991,21,4.889744015349332,K-Means,Silhouette,2,0,-1,0.5452523317206036,0.3594952678664908,,
hmm_t,3,0.99,5.0,5000,14,99.99999999999991,21,4.889744015349332,K-Means,Davies-Bouldin,3,1,0,0.5452523317206036,0.5452523317206036,,
hmm_t,3,0.99,5.0,5000,14,99.99999999999991,21,4.889744015349332,K-Means,Calinski-Harabasz,12,0,9,0.5452523317206036,0.2889173245042036,,
hmm_t,3,0.99,5.0,5000,14,99.99999999999991,21,4.889744015349332,GMM,BIC,3,1,0,0.6314722773987189,0.6314722773987189,3.0,0.0
hmm_t,3,0.99,5.0,5000,14,99.99999999999991,21,4.889744015349332,GMM,AIC,10,0,7,0.6314722773987189,0.3582383093484506,10.0,0.0
hmm_t,3,0.99,5.0,5000,14,99.99999999999991,21,4.889744015349332,GMM,ICL,2,0,-1,0.6314722773987189,0.4044129894960902,2.0,0.0
hmm_t,3,0.99,5.0,5000,14,99.99999999999991,21,4.889744015349332,GMM,BIC_Neff,8,0,5,0.6314722773987189,0.40636804770618545,8.0,0.0
hmm_t,3,0.99,5.0,5000,14,99.99999999999991,21,4.889744015349332,HMM,BIC,12,0,9,0.6714057966648191,0.29451592029508766,12.0,0.0
hmm_t,3,0.99,5.0,5000,14,99.99999999999991,21,4.889744015349332,HMM,AIC,12,0,9,0.6714057966648191,0.29451592029508766,12.0,0.0
hmm_t,3,0.99,5.0,5000,14,99.99999999999991,21,4.889744015349332,HMM,ICL,9,0,6,0.6714057966648191,0.4550080523826549,9.0,0.0
hmm_t,3,0.99,5.0,5000,15,99.99999999999991,21,4.746816036350068,K-Means,Silhouette,2,0,-1,0.49976518151810256,0.3412662259076192,,
hmm_t,3,0.99,5.0,5000,15,99.99999999999991,21,4.746816036350068,K-Means,Davies-Bouldin,3,1,0,0.49976518151810256,0.49976518151810256,,
hmm_t,3,0.99,5.0,5000,15,99.99999999999991,21,4.746816036350068,K-Means,Calinski-Harabasz,12,0,9,0.49976518151810256,0.28410335477172194,,
hmm_t,3,0.99,5.0,5000,15,99.99999999999991,21,4.746816036350068,GMM,BIC,4,0,1,0.5891587072827409,0.6000122298934376,4.0,0.0
hmm_t,3,0.99,5.0,5000,15,99.99999999999991,21,4.746816036350068,GMM,AIC,12,0,9,0.5891587072827409,0.3148074291035047,12.0,0.0
hmm_t,3,0.99,5.0,5000,15,99.99999999999991,21,4.746816036350068,GMM,ICL,4,0,1,0.5891587072827409,0.6000122298934376,4.0,0.0
hmm_t,3,0.99,5.0,5000,15,99.99999999999991,21,4.746816036350068,GMM,BIC_Neff,4,0,1,0.5891587072827409,0.6000122298934376,4.0,0.0
hmm_t,3,0.99,5.0,5000,15,99.99999999999991,21,4.746816036350068,HMM,BIC,11,0,8,0.6367503756976347,0.39700080083092104,11.0,0.0
hmm_t,3,0.99,5.0,5000,15,99.99999999999991,21,4.746816036350068,HMM,AIC,11,0,8,0.6367503756976347,0.39700080083092104,11.0,0.0
hmm_t,3,0.99,5.0,5000,15,99.99999999999991,21,4.746816036350068,HMM,ICL,11,0,8,0.6367503756976347,0.39700080083092104,11.0,0.0
hmm_t,3,0.99,5.0,5000,16,99.99999999999991,21,4.7499859967209614,K-Means,Silhouette,2,0,-1,0.455717277855555,0.5114673822484969,,
hmm_t,3,0.99,5.0,5000,16,99.99999999999991,21,4.7499859967209614,K-Means,Davies-Bouldin,2,0,-1,0.455717277855555,0.5114673822484969,,
hmm_t,3,0.99,5.0,5000,16,99.99999999999991,21,4.7499859967209614,K-Means,Calinski-Harabasz,12,0,9,0.455717277855555,0.24115515837218304,,
hmm_t,3,0.99,5.0,5000,16,99.99999999999991,21,4.7499859967209614,GMM,BIC,4,0,1,0.6817246151126777,0.5456853227690132,4.0,0.0
hmm_t,3,0.99,5.0,5000,16,99.99999999999991,21,4.7499859967209614,GMM,AIC,4,0,1,0.6817246151126777,0.5456853227690132,4.0,0.0
hmm_t,3,0.99,5.0,5000,16,99.99999999999991,21,4.7499859967209614,GMM,ICL,3,1,0,0.6817246151126777,0.6817246151126777,3.0,0.0
hmm_t,3,0.99,5.0,5000,16,99.99999999999991,21,4.7499859967209614,GMM,BIC_Neff,4,0,1,0.6817246151126777,0.5456853227690132,4.0,0.0
hmm_t,3,0.99,5.0,5000,16,99.99999999999991,21,4.7499859967209614,HMM,BIC,11,0,8,0.35292466680423396,0.3019402238922308,11.0,0.0
hmm_t,3,0.99,5.0,5000,16,99.99999999999991,21,4.7499859967209614,HMM,AIC,11,0,8,0.35292466680423396,0.3019402238922308,11.0,0.0
hmm_t,3,0.99,5.0,5000,16,99.99999999999991,21,4.7499859967209614,HMM,ICL,9,0,6,0.35292466680423396,0.3000861439444507,9.0,0.0
hmm_t,3,0.99,5.0,5000,17,99.99999999999991,21,4.537417949514623,K-Means,Silhouette,2,0,-1,0.6665405568848047,0.4349992196863382,,
hmm_t,3,0.99,5.0,5000,17,99.99999999999991,21,4.537417949514623,K-Means,Davies-Bouldin,3,1,0,0.6665405568848047,0.6665405568848047,,
hmm_t,3,0.99,5.0,5000,17,99.99999999999991,21,4.537417949514623,K-Means,Calinski-Harabasz,12,0,9,0.6665405568848047,0.3095710377646941,,
hmm_t,3,0.99,5.0,5000,17,99.99999999999991,21,4.537417949514623,GMM,BIC,4,0,1,0.727657241438851,0.6706172817182952,4.0,0.0
hmm_t,3,0.99,5.0,5000,17,99.99999999999991,21,4.537417949514623,GMM,AIC,11,0,8,0.727657241438851,0.4660957700239442,11.0,0.0
hmm_t,3,0.99,5.0,5000,17,99.99999999999991,21,4.537417949514623,GMM,ICL,3,1,0,0.727657241438851,0.727657241438851,3.0,0.0
hmm_t,3,0.99,5.0,5000,17,99.99999999999991,21,4.537417949514623,GMM,BIC_Neff,4,0,1,0.727657241438851,0.6706172817182952,4.0,0.0
hmm_t,3,0.99,5.0,5000,17,99.99999999999991,21,4.537417949514623,HMM,BIC,10,0,7,0.7662899149520087,0.3516951391088766,10.0,0.0
hmm_t,3,0.99,5.0,5000,17,99.99999999999991,21,4.537417949514623,HMM,AIC,10,0,7,0.7662899149520087,0.3516951391088766,10.0,0.0
hmm_t,3,0.99,5.0,5000,17,99.99999999999991,21,4.537417949514623,HMM,ICL,10,0,7,0.7662899149520087,0.3516951391088766,10.0,0.0
hmm_t,3,0.99,5.0,5000,18,99.99999999999991,21,4.810874108782402,K-Means,Silhouette,2,0,-1,0.4697417942127016,0.4286660856037833,,
hmm_t,3,0.99,5.0,5000,18,99.99999999999991,21,4.810874108782402,K-Means,Davies-Bouldin,3,1,0,0.4697417942127016,0.4697417942127016,,
hmm_t,3,0.99,5.0,5000,18,99.99999999999991,21,4.810874108782402,K-Means,Calinski-Harabasz,12,0,9,0.4697417942127016,0.23578702113600863,,
hmm_t,3,0.99,5.0,5000,18,99.99999999999991,21,4.810874108782402,GMM,BIC,4,0,1,0.6042557088588298,0.5004718449327135,4.0,0.0
hmm_t,3,0.99,5.0,5000,18,99.99999999999991,21,4.810874108782402,GMM,AIC,5,0,2,0.6042557088588298,0.4580753279719755,5.0,0.0
hmm_t,3,0.99,5.0,5000,18,99.99999999999991,21,4.810874108782402,GMM,ICL,3,1,0,0.6042557088588298,0.6042557088588298,3.0,0.0
hmm_t,3,0.99,5.0,5000,18,99.99999999999991,21,4.810874108782402,GMM,BIC_Neff,4,0,1,0.6042557088588298,0.5004718449327135,4.0,0.0
hmm_t,3,0.99,5.0,5000,18,99.99999999999991,21,4.810874108782402,HMM,BIC,11,0,8,-0.0003894628960060512,0.25943240105050835,11.0,0.0
hmm_t,3,0.99,5.0,5000,18,99.99999999999991,21,4.810874108782402,HMM,AIC,11,0,8,-0.0003894628960060512,0.25943240105050835,11.0,0.0
hmm_t,3,0.99,5.0,5000,18,99.99999999999991,21,4.810874108782402,HMM,ICL,7,0,4,-0.0003894628960060512,0.395522530328121,7.0,0.0
hmm_t,3,0.99,5.0,5000,19,99.99999999999991,21,4.5142236332155585,K-Means,Silhouette,3,1,0,0.569743935186812,0.569743935186812,,
hmm_t,3,0.99,5.0,5000,19,99.99999999999991,21,4.5142236332155585,K-Means,Davies-Bouldin,3,1,0,0.569743935186812,0.569743935186812,,
hmm_t,3,0.99,5.0,5000,19,99.99999999999991,21,4.5142236332155585,K-Means,Calinski-Harabasz,12,0,9,0.569743935186812,0.2874073205928102,,
hmm_t,3,0.99,5.0,5000,19,99.99999999999991,21,4.5142236332155585,GMM,BIC,3,1,0,0.5867190115559551,0.5867190115559551,3.0,0.0
hmm_t,3,0.99,5.0,5000,19,99.99999999999991,21,4.5142236332155585,GMM,AIC,12,0,9,0.5867190115559551,0.2561355604273383,12.0,0.0
hmm_t,3,0.99,5.0,5000,19,99.99999999999991,21,4.5142236332155585,GMM,ICL,3,1,0,0.5867190115559551,0.5867190115559551,3.0,0.0
hmm_t,3,0.99,5.0,5000,19,99.99999999999991,21,4.5142236332155585,GMM,BIC_Neff,7,0,4,0.5867190115559551,0.43987341186875223,7.0,0.0
hmm_t,3,0.99,5.0,5000,19,99.99999999999991,21,4.5142236332155585,HMM,BIC,11,0,8,0.2838177099209952,0.2753879712214063,11.0,0.0
hmm_t,3,0.99,5.0,5000,19,99.99999999999991,21,4.5142236332155585,HMM,AIC,11,0,8,0.2838177099209952,0.2753879712214063,11.0,0.0
hmm_t,3,0.99,5.0,5000,19,99.99999999999991,21,4.5142236332155585,HMM,ICL,8,0,5,0.2838177099209952,0.3420356852853908,8.0,0.0
hmm_t,4,0.9,5.0,5000,0,10.000000000000002,21,9.897330606279361,K-Means,Silhouette,2,0,-2,0.05961238152265327,0.06239109532368264,,
hmm_t,4,0.9,5.0,5000,0,10.000000000000002,21,9.897330606279361,K-Means,Davies-Bouldin,10,0,6,0.05961238152265327,0.038588187880541774,,
hmm_t,4,0.9,5.0,5000,0,10.000000000000002,21,9.897330606279361,K-Means,Calinski-Harabasz,12,0,8,0.05961238152265327,0.035457718153717836,,
hmm_t,4,0.9,5.0,5000,0,10.000000000000002,21,9.897330606279361,GMM,BIC,8,0,4,0.05958905576320472,0.044186449209546445,8.0,0.0
hmm_t,4,0.9,5.0,5000,0,10.000000000000002,21,9.897330606279361,GMM,AIC,10,0,6,0.05958905576320472,0.03913603725760011,10.0,0.0
hmm_t,4,0.9,5.0,5000,0,10.000000000000002,21,9.897330606279361,GMM,ICL,2,0,-2,0.05958905576320472,0.06258221640869183,1.0,1.0
hmm_t,4,0.9,5.0,5000,0,10.000000000000002,21,9.897330606279361,GMM,BIC_Neff,9,0,5,0.05958905576320472,0.04150388437585978,9.0,0.0
hmm_t,4,0.9,5.0,5000,0,10.000000000000002,21,9.897330606279361,HMM,BIC,12,0,8,0.04876761648853367,0.03768742127641673,12.0,0.0
hmm_t,4,0.9,5.0,5000,0,10.000000000000002,21,9.897330606279361,HMM,AIC,12,0,8,0.04876761648853367,0.03768742127641673,12.0,0.0
hmm_t,4,0.9,5.0,5000,0,10.000000000000002,21,9.897330606279361,HMM,ICL,12,0,8,0.04876761648853367,0.03768742127641673,12.0,0.0
hmm_t,4,0.9,5.0,5000,1,10.000000000000002,21,10.16454409767982,K-Means,Silhouette,2,0,-2,0.06580810565311207,0.055837910515378925,,
hmm_t,4,0.9,5.0,5000,1,10.000000000000002,21,10.16454409767982,K-Means,Davies-Bouldin,12,0,8,0.06580810565311207,0.042753455041063516,,
hmm_t,4,0.9,5.0,5000,1,10.000000000000002,21,10.16454409767982,K-Means,Calinski-Harabasz,12,0,8,0.06580810565311207,0.042753455041063516,,
hmm_t,4,0.9,5.0,5000,1,10.000000000000002,21,10.16454409767982,GMM,BIC,9,0,5,0.06384112585236326,0.046908855704915216,9.0,0.0
hmm_t,4,0.9,5.0,5000,1,10.000000000000002,21,10.16454409767982,GMM,AIC,12,0,8,0.06384112585236326,0.042594006385919675,12.0,0.0
hmm_t,4,0.9,5.0,5000,1,10.000000000000002,21,10.16454409767982,GMM,ICL,2,0,-2,0.06384112585236326,0.051392495193425564,1.0,1.0
hmm_t,4,0.9,5.0,5000,1,10.000000000000002,21,10.16454409767982,GMM,BIC_Neff,9,0,5,0.06384112585236326,0.046908855704915216,9.0,0.0
hmm_t,4,0.9,5.0,5000,1,10.000000000000002,21,10.16454409767982,HMM,BIC,12,0,8,0.0673412449656334,0.05098350229377504,12.0,0.0
hmm_t,4,0.9,5.0,5000,1,10.000000000000002,21,10.16454409767982,HMM,AIC,12,0,8,0.0673412449656334,0.05098350229377504,12.0,0.0
hmm_t,4,0.9,5.0,5000,1,10.000000000000002,21,10.16454409767982,HMM,ICL,9,0,5,0.0673412449656334,0.053868458074125145,9.0,0.0
hmm_t,4,0.9,5.0,5000,2,10.000000000000002,21,10.066522392871418,K-Means,Silhouette,2,0,-2,0.0742305796576384,0.07878187855673272,,
hmm_t,4,0.9,5.0,5000,2,10.000000000000002,21,10.066522392871418,K-Means,Davies-Bouldin,12,0,8,0.0742305796576384,0.042087052620492046,,
hmm_t,4,0.9,5.0,5000,2,10.000000000000002,21,10.066522392871418,K-Means,Calinski-Harabasz,12,0,8,0.0742305796576384,0.042087052620492046,,
hmm_t,4,0.9,5.0,5000,2,10.000000000000002,21,10.066522392871418,GMM,BIC,4,1,0,0.07525913862221008,0.07525913862221008,4.0,0.0
hmm_t,4,0.9,5.0,5000,2,10.000000000000002,21,10.066522392871418,GMM,AIC,12,0,8,0.07525913862221008,0.0404971959030429,12.0,0.0
hmm_t,4,0.9,5.0,5000,2,10.000000000000002,21,10.066522392871418,GMM,ICL,2,0,-2,0.07525913862221008,0.07710480966574229,1.0,1.0
hmm_t,4,0.9,5.0,5000,2,10.000000000000002,21,10.066522392871418,GMM,BIC_Neff,4,1,0,0.07525913862221008,0.07525913862221008,4.0,0.0
hmm_t,4,0.9,5.0,5000,2,10.000000000000002,21,10.066522392871418,HMM,BIC,11,0,7,0.06081292894429817,0.047551275876160704,11.0,0.0
hmm_t,4,0.9,5.0,5000,2,10.000000000000002,21,10.066522392871418,HMM,AIC,11,0,7,0.06081292894429817,0.047551275876160704,11.0,0.0
hmm_t,4,0.9,5.0,5000,2,10.000000000000002,21,10.066522392871418,HMM,ICL,11,0,7,0.06081292894429817,0.047551275876160704,11.0,0.0
hmm_t,4,0.9,5.0,5000,3,10.000000000000002,21,10.854686827883043,K-Means,Silhouette,2,0,-2,0.0645355664193847,0.055960982849396004,,
hmm_t,4,0.9,5.0,5000,3,10.000000000000002,21,10.854686827883043,K-Means,Davies-Bouldin,8,0,4,0.0645355664193847,0.047806435177682585,,
hmm_t,4,0.9,5.0,5000,3,10.000000000000002,21,10.854686827883043,K-Means,Calinski-Harabasz,12,0,8,0.0645355664193847,0.03999491804603297,,
hmm_t,4,0.9,5.0,5000,3,10.000000000000002,21,10.854686827883043,GMM,BIC,5,0,1,0.06524806768423293,0.0638925245793283,5.0,0.0
hmm_t,4,0.9,5.0,5000,3,10.000000000000002,21,10.854686827883043,GMM,AIC,8,0,4,0.06524806768423293,0.0487213649575382,8.0,0.0
hmm_t,4,0.9,5.0,5000,3,10.000000000000002,21,10.854686827883043,GMM,ICL,2,0,-2,0.06524806768423293,0.05815417046551455,1.0,1.0
hmm_t,4,0.9,5.0,5000,3,10.000000000000002,21,10.854686827883043,GMM,BIC_Neff,5,0,1,0.06524806768423293,0.0638925245793283,5.0,0.0
hmm_t,4,0.9,5.0,5000,3,10.000000000000002,21,10.854686827883043,HMM,BIC,8,0,4,0.06448367805250045,0.048575554753785305,8.0,0.0
hmm_t,4,0.9,5.0,5000,3,10.000000000000002,21,10.854686827883043,HMM,AIC,12,0,8,0.06448367805250045,0.047151575017318065,12.0,0.0
hmm_t,4,0.9,5.0,5000,3,10.000000000000002,21,10.854686827883043,HMM,ICL,8,0,4,0.06448367805250045,0.048575554753785305,8.0,0.0
hmm_t,4,0.9,5.0,5000,4,10.000000000000002,21,10.392058786438302,K-Means,Silhouette,2,0,-2,0.06048494425016506,0.05881202047930088,,
hmm_t,4,0.9,5.0,5000,4,10.000000000000002,21,10.392058786438302,K-Means,Davies-Bouldin,11,0,7,0.06048494425016506,0.03654989375774691,,
hmm_t,4,0.9,5.0,5000,4,10.000000000000002,21,10.392058786438302,K-Means,Calinski-Harabasz,12,0,8,0.06048494425016506,0.03525758881973071,,
hmm_t,4,0.9,5.0,5000,4,10.000000000000002,21,10.392058786438302,GMM,BIC,6,0,2,0.06126225622121768,0.05555449869794975,6.0,0.0
hmm_t,4,0.9,5.0,5000,4,10.000000000000002,21,10.392058786438302,GMM,AIC,12,0,8,0.06126225622121768,0.03449286841716612,12.0,0.0
hmm_t,4,0.9,5.0,5000,4,10.000000000000002,21,10.392058786438302,GMM,ICL,3,0,-1,0.06126225622121768,0.05947023440374867,1.0,1.0
hmm_t,4,0.9,5.0,5000,4,10.000000000000002,21,10.392058786438302,GMM,BIC_Neff,9,0,5,0.06126225622121768,0.03929954036217798,9.0,0.0
hmm_t,4,0.9,5.0,5000,4,10.000000000000002,21,10.392058786438302,HMM,BIC,11,0,7,0.06020584479159887,0.03610018808600127,11.0,0.0
hmm_t,4,0.9,5.0,5000,4,10.000000000000002,21,10.392058786438302,HMM,AIC,11,0,7,0.06020584479159887,0.03610018808600127,11.0,0.0
hmm_t,4,0.9,5.0,5000,4,10.000000000000002,21,10.392058786438302,HMM,ICL,11,0,7,0.06020584479159887,0.03610018808600127,11.0,0.0
hmm_t,4,0.9,5.0,5000,5,10.000000000000002,21,10.756143777075795,K-Means,Silhouette,2,0,-2,0.05733238543876248,0.05141196508708919,,
hmm_t,4,0.9,5.0,5000,5,10.000000000000002,21,10.756143777075795,K-Means,Davies-Bouldin,9,0,5,0.05733238543876248,0.03881767633680172,,
hmm_t,4,0.9,5.0,5000,5,10.000000000000002,21,10.756143777075795,K-Means,Calinski-Harabasz,12,0,8,0.05733238543876248,0.03297359129544474,,
hmm_t,4,0.9,5.0,5000,5,10.000000000000002,21,10.756143777075795,GMM,BIC,9,0,5,0.05792149519643496,0.03741692046896642,9.0,0.0
hmm_t,4,0.9,5.0,5000,5,10.000000000000002,21,10.756143777075795,GMM,AIC,12,0,8,0.05792149519643496,0.030125835995550698,12.0,0.0
hmm_t,4,0.9,5.0,5000,5,10.000000000000002,21,10.756143777075795,GMM,ICL,2,0,-2,0.05792149519643496,0.05467077937646382,1.0,1.0
hmm_t,4,0.9,5.0,5000,5,10.000000000000002,21,10.756143777075795,GMM,BIC_Neff,9,0,5,0.05792149519643496,0.03741692046896642,9.0,0.0
hmm_t,4,0.9,5.0,5000,5,10.000000000000002,21,10.756143777075795,HMM,BIC,10,0,6,0.0650378138780445,0.04268054891510016,10.0,0.0
hmm_t,4,0.9,5.0,5000,5,10.000000000000002,21,10.756143777075795,HMM,AIC,10,0,6,0.0650378138780445,0.04268054891510016,10.0,0.0
hmm_t,4,0.9,5.0,5000,5,10.000000000000002,21,10.756143777075795,HMM,ICL,10,0,6,0.0650378138780445,0.04268054891510016,10.0,0.0
hmm_t,4,0.9,5.0,5000,6,10.000000000000002,21,9.183212330193031,K-Means,Silhouette,2,0,-2,0.05536901863522165,0.05045015161217624,,
hmm_t,4,0.9,5.0,5000,6,10.000000000000002,21,9.183212330193031,K-Means,Davies-Bouldin,11,0,7,0.05536901863522165,0.033426578875757694,,
hmm_t,4,0.9,5.0,5000,6,10.000000000000002,21,9.183212330193031,K-Means,Calinski-Harabasz,12,0,8,0.05536901863522165,0.033181692246347365,,
hmm_t,4,0.9,5.0,5000,6,10.000000000000002,21,9.183212330193031,GMM,BIC,7,0,3,0.055482865783767835,0.04697033167182245,7.0,0.0
hmm_t,4,0.9,5.0,5000,6,10.000000000000002,21,9.183212330193031,GMM,AIC,10,0,6,0.055482865783767835,0.03539043504123234,10.0,0.0
hmm_t,4,0.9,5.0,5000,6,10.000000000000002,21,9.183212330193031,GMM,ICL,2,0,-2,0.055482865783767835,0.04465962770194414,1.0,1.0
hmm_t,4,0.9,5.0,5000,6,10.000000000000002,21,9.183212330193031,GMM,BIC_Neff,9,0,5,0.055482865783767835,0.03626608583547642,9.0,0.0
hmm_t,4,0.9,5.0,5000,6,10.000000000000002,21,9.183212330193031,HMM,BIC,12,0,8,0.05874615714656316,0.036176970837621246,12.0,0.0
hmm_t,4,0.9,5.0,5000,6,10.000000000000002,21,9.183212330193031,HMM,AIC,12,0,8,0.05874615714656316,0.036176970837621246,12.0,0.0
hmm_t,4,0.9,5.0,5000,6,10.000000000000002,21,9.183212330193031,HMM,ICL,12,0,8,0.05874615714656316,0.036176970837621246,12.0,0.0
hmm_t,4,0.9,5.0,5000,7,10.000000000000002,21,9.593530511311817,K-Means,Silhouette,2,0,-2,0.07219493312628139,0.06199135165423973,,
hmm_t,4,0.9,5.0,5000,7,10.000000000000002,21,9.593530511311817,K-Means,Davies-Bouldin,12,0,8,0.07219493312628139,0.04077263030662557,,
hmm_t,4,0.9,5.0,5000,7,10.000000000000002,21,9.593530511311817,K-Means,Calinski-Harabasz,12,0,8,0.07219493312628139,0.04077263030662557,,
hmm_t,4,0.9,5.0,5000,7,10.000000000000002,21,9.593530511311817,GMM,BIC,5,0,1,0.07414566462414593,0.0622870111692791,5.0,0.0
hmm_t,4,0.9,5.0,5000,7,10.000000000000002,21,9.593530511311817,GMM,AIC,12,0,8,0.07414566462414593,0.04027074425497415,12.0,0.0
hmm_t,4,0.9,5.0,5000,7,10.000000000000002,21,9.593530511311817,GMM,ICL,2,0,-2,0.07414566462414593,0.05979225983394929,1.0,1.0
hmm_t,4,0.9,5.0,5000,7,10.000000000000002,21,9.593530511311817,GMM,BIC_Neff,5,0,1,0.07414566462414593,0.0622870111692791,5.0,0.0
hmm_t,4,0.9,5.0,5000,7,10.000000000000002,21,9.593530511311817,HMM,BIC,11,0,7,0.06709450866716471,0.046743712361995114,11.0,0.0
hmm_t,4,0.9,5.0,5000,7,10.000000000000002,21,9.593530511311817,HMM,AIC,11,0,7,0.06709450866716471,0.046743712361995114,11.0,0.0
hmm_t,4,0.9,5.0,5000,7,10.000000000000002,21,9.593530511311817,HMM,ICL,11,0,7,0.06709450866716471,0.046743712361995114,11.0,0.0
hmm_t,4,0.9,5.0,5000,8,10.000000000000002,21,10.147263798126273,K-Means,Silhouette,2,0,-2,0.07491796406292513,0.06903689966589387,,
hmm_t,4,0.9,5.0,5000,8,10.000000000000002,21,10.147263798126273,K-Means,Davies-Bouldin,11,0,7,0.07491796406292513,0.05167128859728572,,
hmm_t,4,0.9,5.0,5000,8,10.000000000000002,21,10.147263798126273,K-Means,Calinski-Harabasz,12,0,8,0.07491796406292513,0.04999777273842217,,
hmm_t,4,0.9,5.0,5000,8,10.000000000000002,21,10.147263798126273,GMM,BIC,8,0,4,0.07516180696294478,0.05464516095967409,8.0,0.0
hmm_t,4,0.9,5.0,5000,8,10.000000000000002,21,10.147263798126273,GMM,AIC,12,0,8,0.07516180696294478,0.04207268888219007,12.0,0.0
hmm_t,4,0.9,5.0,5000,8,10.000000000000002,21,10.147263798126273,GMM,ICL,4,1,0,0.07516180696294478,0.07516180696294478,1.0,1.0
hmm_t,4,0.9,5.0,5000,8,10.000000000000002,21,10.147263798126273,GMM,BIC_Neff,12,0,8,0.07516180696294478,0.04207268888219007,12.0,0.0
hmm_t,4,0.9,5.0,5000,8,10.000000000000002,21,10.147263798126273,HMM,BIC,12,0,8,0.07013522947893884,0.053705794295072926,12.0,0.0
hmm_t,4,0.9,5.0,5000,8,10.000000000000002,21,10.147263798126273,HMM,AIC,12,0,8,0.07013522947893884,0.053705794295072926,12.0,0.0
hmm_t,4,0.9,5.0,5000,8,10.000000000000002,21,10.147263798126273,HMM,ICL,12,0,8,0.07013522947893884,0.053705794295072926,12.0,0.0
hmm_t,4,0.9,5.0,5000,9,10.000000000000002,21,10.20849568265656,K-Means,Silhouette,2,0,-2,0.06313174331789624,0.05138016254981286,,
hmm_t,4,0.9,5.0,5000,9,10.000000000000002,21,10.20849568265656,K-Means,Davies-Bouldin,11,0,7,0.06313174331789624,0.04320982973535457,,
hmm_t,4,0.9,5.0,5000,9,10.000000000000002,21,10.20849568265656,K-Means,Calinski-Harabasz,12,0,8,0.06313174331789624,0.04231243861573098,,
hmm_t,4,0.9,5.0,5000,9,10.000000000000002,21,10.20849568265656,GMM,BIC,8,0,4,0.0639404400669383,0.04783950522229904,8.0,0.0
hmm_t,4,0.9,5.0,5000,9,10.000000000000002,21,10.20849568265656,GMM,AIC,10,0,6,0.0639404400669383,0.044496985443881705,10.0,0.0
hmm_t,4,0.9,5.0,5000,9,10.000000000000002,21,10.20849568265656,GMM,ICL,2,0,-2,0.0639404400669383,0.0482925896868594,1.0,1.0
hmm_t,4,0.9,5.0,5000,9,10.000000000000002,21,10.20849568265656,GMM,BIC_Neff,8,0,4,0.0639404400669383,0.04783950522229904,8.0,0.0
hmm_t,4,0.9,5.0,5000,9,10.000000000000002,21,10.20849568265656,HMM,BIC,12,0,8,0.08208332908094328,0.03759997484436722,12.0,0.0
hmm_t,4,0.9,5.0,5000,9,10.000000000000002,21,10.20849568265656,HMM,AIC,12,0,8,0.08208332908094328,0.03759997484436722,12.0,0.0
hmm_t,4,0.9,5.0,5000,9,10.000000000000002,21,10.20849568265656,HMM,ICL,10,0,6,0.08208332908094328,0.050881184856620625,10.0,0.0
hmm_t,4,0.9,5.0,5000,10,10.000000000000002,21,10.755531223697107,K-Means,Silhouette,2,0,-2,0.07235573757084836,0.062138522737234796,,
hmm_t,4,0.9,5.0,5000,10,10.000000000000002,21,10.755531223697107,K-Means,Davies-Bouldin,12,0,8,0.07235573757084836,0.04408033144979162,,
hmm_t,4,0.9,5.0,5000,10,10.000000000000002,21,10.755531223697107,K-Means,Calinski-Harabasz,12,0,8,0.07235573757084836,0.04408033144979162,,
hmm_t,4,0.9,5.0,5000,10,10.000000000000002,21,10.755531223697107,GMM,BIC,7,0,3,0.07071028498894472,0.061458514552185324,7.0,0.0
hmm_t,4,0.9,5.0,5000,10,10.000000000000002,21,10.755531223697107,GMM,AIC,11,0,7,0.07071028498894472,0.04323805681654848,11.0,0.0
hmm_t,4,0.9,5.0,5000,10,10.000000000000002,21,10.755531223697107,GMM,ICL,2,0,-2,0.07071028498894472,0.05990810896447913,1.0,1.0
hmm_t,4,0.9,5.0,5000,10,10.000000000000002,21,10.755531223697107,GMM,BIC_Neff,11,0,7,0.07071028498894472,0.04323805681654848,11.0,0.0
hmm_t,4,0.9,5.0,5000,10,10.000000000000002,21,10.755531223697107,HMM,BIC,12,0,8,0.0826584094157492,0.059706863017583045,12.0,0.0
hmm_t,4,0.9,5.0,5000,10,10.000000000000002,21,10.755531223697107,HMM,AIC,12,0,8,0.0826584094157492,0.059706863017583045,12.0,0.0
hmm_t,4,0.9,5.0,5000,10,10.000000000000002,21,10.755531223697107,HMM,ICL,12,0,8,0.0826584094157492,0.059706863017583045,12.0,0.0
hmm_t,4,0.9,5.0,5000,11,10.000000000000002,21,10.973679454986325,K-Means,Silhouette,2,0,-2,0.07205975957847588,0.06320052625641427,,
hmm_t,4,0.9,5.0,5000,11,10.000000000000002,21,10.973679454986325,K-Means,Davies-Bouldin,11,0,7,0.07205975957847588,0.04876068739112197,,
hmm_t,4,0.9,5.0,5000,11,10.000000000000002,21,10.973679454986325,K-Means,Calinski-Harabasz,12,0,8,0.07205975957847588,0.04036969055832677,,
hmm_t,4,0.9,5.0,5000,11,10.000000000000002,21,10.973679454986325,GMM,BIC,7,0,3,0.07314514855024724,0.055879295831143566,7.0,0.0
hmm_t,4,0.9,5.0,5000,11,10.000000000000002,21,10.973679454986325,GMM,AIC,12,0,8,0.07314514855024724,0.040155128378924265,12.0,0.0
hmm_t,4,0.9,5.0,5000,11,10.000000000000002,21,10.973679454986325,GMM,ICL,2,0,-2,0.07314514855024724,0.062242332286541024,1.0,1.0
hmm_t,4,0.9,5.0,5000,11,10.000000000000002,21,10.973679454986325,GMM,BIC_Neff,12,0,8,0.07314514855024724,0.040155128378924265,12.0,0.0
hmm_t,4,0.9,5.0,5000,11,10.000000000000002,21,10.973679454986325,HMM,BIC,12,0,8,0.08050125925805236,0.049296946243314765,12.0,0.0
hmm_t,4,0.9,5.0,5000,11,10.000000000000002,21,10.973679454986325,HMM,AIC,12,0,8,0.08050125925805236,0.049296946243314765,12.0,0.0
hmm_t,4,0.9,5.0,5000,11,10.000000000000002,21,10.973679454986325,HMM,ICL,8,0,4,0.08050125925805236,0.060400487648456076,8.0,0.0
hmm_t,4,0.9,5.0,5000,12,10.000000000000002,21,9.39662059106604,K-Means,Silhouette,2,0,-2,0.06090626604972708,0.044935622689853086,,
hmm_t,4,0.9,5.0,5000,12,10.000000000000002,21,9.39662059106604,K-Means,Davies-Bouldin,9,0,5,0.06090626604972708,0.040816636027327574,,
hmm_t,4,0.9,5.0,5000,12,10.000000000000002,21,9.39662059106604,K-Means,Calinski-Harabasz,12,0,8,0.06090626604972708,0.03545648096018133,,
hmm_t,4,0.9,5.0,5000,12,10.000000000000002,21,9.39662059106604,GMM,BIC,5,0,1,0.05984118308861661,0.051716604433757835,5.0,0.0
hmm_t,4,0.9,5.0,5000,12,10.000000000000002,21,9.39662059106604,GMM,AIC,12,0,8,0.05984118308861661,0.03760417837976934,12.0,0.0
hmm_t,4,0.9,5.0,5000,12,10.000000000000002,21,9.39662059106604,GMM,ICL,2,0,-2,0.05984118308861661,0.039224804846290574,1.0,1.0
hmm_t,4,0.9,5.0,5000,12,10.000000000000002,21,9.39662059106604,GMM,BIC_Neff,8,0,4,0.05984118308861661,0.043139710217973797,8.0,0.0
hmm_t,4,0.9,5.0,5000,12,10.000000000000002,21,9.39662059106604,HMM,BIC,10,0,6,0.06129426289023555,0.04130454349001188,10.0,0.0
hmm_t,4,0.9,5.0,5000,12,10.000000000000002,21,9.39662059106604,HMM,AIC,10,0,6,0.06129426289023555,0.04130454349001188,10.0,0.0
hmm_t,4,0.9,5.0,5000,12,10.000000000000002,21,9.39662059106604,HMM,ICL,10,0,6,0.06129426289023555,0.04130454349001188,10.0,0.0
hmm_t,4,0.9,5.0,5000,13,10.000000000000002,21,9.759226571585547,K-Means,Silhouette,2,0,-2,0.0626617236164208,0.060365429438295676,,
hmm_t,4,0.9,5.0,5000,13,10.000000000000002,21,9.759226571585547,K-Means,Davies-Bouldin,7,0,3,0.0626617236164208,0.05231413995423048,,
hmm_t,4,0.9,5.0,5000,13,10.000000000000002,21,9.759226571585547,K-Means,Calinski-Harabasz,12,0,8,0.0626617236164208,0.035337476968515025,,
hmm_t,4,0.9,5.0,5000,13,10.000000000000002,21,9.759226571585547,GMM,BIC,6,0,2,0.0584984457435512,0.05257645123063182,6.0,0.0
hmm_t,4,0.9,5.0,5000,13,10.000000000000002,21,9.759226571585547,GMM,AIC,12,0,8,0.0584984457435512,0.031538324452853844,12.0,0.0
hmm_t,4,0.9,5.0,5000,13,10.000000000000002,21,9.759226571585547,GMM,ICL,2,0,-2,0.0584984457435512,0.05350894231366404,1.0,1.0
hmm_t,4,0.9,5.0,5000,13,10.000000000000002,21,9.759226571585547,GMM,BIC_Neff,11,0,7,0.0584984457435512,0.03328212637252436,11.0,0.0
hmm_t,4,0.9,5.0,5000,13,10.000000000000002,21,9.759226571585547,HMM,BIC,12,0,8,0.08317084877670042,0.04037577849575802,12.0,0.0
hmm_t,4,0.9,5.0,5000,13,10.000000000000002,21,9.759226571585547,HMM,AIC,12,0,8,0.08317084877670042,0.04037577849575802,12.0,0.0
hmm_t,4,0.9,5.0,5000,13,10.000000000000002,21,9.759226571585547,HMM,ICL,12,0,8,0.08317084877670042,0.04037577849575802,12.0,0.0
hmm_t,4,0.9,5.0,5000,14,10.000000000000002,21,9.280831546642244,K-Means,Silhouette,2,0,-2,0.06295107760606616,0.05708622214017027,,
hmm_t,4,0.9,5.0,5000,14,10.000000000000002,21,9.280831546642244,K-Means,Davies-Bouldin,6,0,2,0.06295107760606616,0.05667293964096814,,
hmm_t,4,0.9,5.0,5000,14,10.000000000000002,21,9.280831546642244,K-Means,Calinski-Harabasz,12,0,8,0.06295107760606616,0.03704072530740021,,
hmm_t,4,0.9,5.0,5000,14,10.000000000000002,21,9.280831546642244,GMM,BIC,6,0,2,0.06161823882309014,0.057501253793316005,6.0,0.0
hmm_t,4,0.9,5.0,5000,14,10.000000000000002,21,9.280831546642244,GMM,AIC,12,0,8,0.06161823882309014,0.035190913570925075,12.0,0.0
hmm_t,4,0.9,5.0,5000,14,10.000000000000002,21,9.280831546642244,GMM,ICL,2,0,-2,0.06161823882309014,0.053153678647609615,1.0,1.0
hmm_t,4,0.9,5.0,5000,14,10.000000000000002,21,9.280831546642244,GMM,BIC_Neff,6,0,2,0.06161823882309014,0.057501253793316005,6.0,0.0
hmm_t,4,0.9,5.0,5000,14,10.000000000000002,21,9.280831546642244,HMM,BIC,9,0,5,0.0699453806783155,0.05255463034531464,9.0,0.0
hmm_t,4,0.9,5.0,5000,14,10.000000000000002,21,9.280831546642244,HMM,AIC,12,0,8,0.0699453806783155,0.04665159085454601,12.0,0.0
hmm_t,4,0.9,5.0,5000,14,10.000000000000002,21,9.280831546642244,HMM,ICL,9,0,5,0.0699453806783155,0.05255463034531464,9.0,0.0
hmm_t,4,0.9,5.0,5000,15,10.000000000000002,21,9.976865172603393,K-Means,Silhouette,2,0,-2,0.0711722033181894,0.06905117535327622,,
hmm_t,4,0.9,5.0,5000,15,10.000000000000002,21,9.976865172603393,K-Means,Davies-Bouldin,12,0,8,0.0711722033181894,0.04197479583551937,,
hmm_t,4,0.9,5.0,5000,15,10.000000000000002,21,9.976865172603393,K-Means,Calinski-Harabasz,12,0,8,0.0711722033181894,0.04197479583551937,,
hmm_t,4,0.9,5.0,5000,15,10.000000000000002,21,9.976865172603393,GMM,BIC,6,0,2,0.0730076031252155,0.06083340402119453,6.0,0.0
hmm_t,4,0.9,5.0,5000,15,10.000000000000002,21,9.976865172603393,GMM,AIC,12,0,8,0.0730076031252155,0.041326930912124124,12.0,0.0
hmm_t,4,0.9,5.0,5000,15,10.000000000000002,21,9.976865172603393,GMM,ICL,2,0,-2,0.0730076031252155,0.06735658781978951,1.0,1.0
hmm_t,4,0.9,5.0,5000,15,10.000000000000002,21,9.976865172603393,GMM,BIC_Neff,6,0,2,0.0730076031252155,0.06083340402119453,6.0,0.0
hmm_t,4,0.9,5.0,5000,15,10.000000000000002,21,9.976865172603393,HMM,BIC,12,0,8,0.07068580713305599,0.044434649956756965,12.0,0.0
hmm_t,4,0.9,5.0,5000,15,10.000000000000002,21,9.976865172603393,HMM,AIC,12,0,8,0.07068580713305599,0.044434649956756965,12.0,0.0
hmm_t,4,0.9,5.0,5000,15,10.000000000000002,21,9.976865172603393,HMM,ICL,12,0,8,0.07068580713305599,0.044434649956756965,12.0,0.0
hmm_t,4,0.9,5.0,5000,16,10.000000000000002,21,10.887111443602448,K-Means,Silhouette,2,0,-2,0.083871699407968,0.05964231389765102,,
hmm_t,4,0.9,5.0,5000,16,10.000000000000002,21,10.887111443602448,K-Means,Davies-Bouldin,8,0,4,0.083871699407968,0.0686446521711315,,
hmm_t,4,0.9,5.0,5000,16,10.000000000000002,21,10.887111443602448,K-Means,Calinski-Harabasz,12,0,8,0.083871699407968,0.0518843066528477,,
hmm_t,4,0.9,5.0,5000,16,10.000000000000002,21,10.887111443602448,GMM,BIC,8,0,4,0.07882221917441637,0.06372355919246832,8.0,0.0
hmm_t,4,0.9,5.0,5000,16,10.000000000000002,21,10.887111443602448,GMM,AIC,12,0,8,0.07882221917441637,0.047022717629279294,12.0,0.0
hmm_t,4,0.9,5.0,5000,16,10.000000000000002,21,10.887111443602448,GMM,ICL,2,0,-2,0.07882221917441637,0.05804243646993752,1.0,1.0
hmm_t,4,0.9,5.0,5000,16,10.000000000000002,21,10.887111443602448,GMM,BIC_Neff,8,0,4,0.07882221917441637,0.06372355919246832,8.0,0.0
hmm_t,4,0.9,5.0,5000,16,10.000000000000002,21,10.887111443602448,HMM,BIC,10,0,6,0.0881429349098885,0.06086845197140516,10.0,0.0
hmm_t,4,0.9,5.0,5000,16,10.000000000000002,21,10.887111443602448,HMM,AIC,10,0,6,0.0881429349098885,0.06086845197140516,10.0,0.0
hmm_t,4,0.9,5.0,5000,16,10.000000000000002,21,10.887111443602448,HMM,ICL,10,0,6,0.0881429349098885,0.06086845197140516,10.0,0.0
hmm_t,4,0.9,5.0,5000,17,10.000000000000002,21,8.997763459721348,K-Means,Silhouette,2,0,-2,0.06100299400272186,0.04791860697506556,,
hmm_t,4,0.9,5.0,5000,17,10.000000000000002,21,8.997763459721348,K-Means,Davies-Bouldin,12,0,8,0.06100299400272186,0.03298120949590446,,
hmm_t,4,0.9,5.0,5000,17,10.000000000000002,21,8.997763459721348,K-Means,Calinski-Harabasz,12,0,8,0.06100299400272186,0.03298120949590446,,
hmm_t,4,0.9,5.0,5000,17,10.000000000000002,21,8.997763459721348,GMM,BIC,4,1,0,0.060872227823132584,0.060872227823132584,4.0,0.0
hmm_t,4,0.9,5.0,5000,17,10.000000000000002,21,8.997763459721348,GMM,AIC,11,0,7,0.060872227823132584,0.03347662652178032,11.0,0.0
hmm_t,4,0.9,5.0,5000,17,10.000000000000002,21,8.997763459721348,GMM,ICL,2,0,-2,0.060872227823132584,0.04495103395803061,1.0,1.0
hmm_t,4,0.9,5.0,5000,17,10.000000000000002,21,8.997763459721348,GMM,BIC_Neff,8,0,4,0.060872227823132584,0.043895649924122294,8.0,0.0
hmm_t,4,0.9,5.0,5000,17,10.000000000000002,21,8.997763459721348,HMM,BIC,11,0,7,0.07682523641554892,0.034890383827517996,11.0,0.0
hmm_t,4,0.9,5.0,5000,17,10.000000000000002,21,8.997763459721348,HMM,AIC,12,0,8,0.07682523641554892,0.04205184123642034,12.0,0.0
hmm_t,4,0.9,5.0,5000,17,10.000000000000002,21,8.997763459721348,HMM,ICL,11,0,7,0.07682523641554892,0.034890383827517996,11.0,0.0
hmm_t,4,0.9,5.0,5000,18,10.000000000000002,21,10.695166795533243,K-Means,Silhouette,2,0,-2,0.06859254412418009,0.05971864437116722,,
hmm_t,4,0.9,5.0,5000,18,10.000000000000002,21,10.695166795533243,K-Means,Davies-Bouldin,8,0,4,0.06859254412418009,0.04946537913927151,,
hmm_t,4,0.9,5.0,5000,18,10.000000000000002,21,10.695166795533243,K-Means,Calinski-Harabasz,12,0,8,0.06859254412418009,0.03889442954126303,,
hmm_t,4,0.9,5.0,5000,18,10.000000000000002,21,10.695166795533243,GMM,BIC,11,0,7,0.06926786219527788,0.04001804082010168,11.0,0.0
hmm_t,4,0.9,5.0,5000,18,10.000000000000002,21,10.695166795533243,GMM,AIC,12,0,8,0.06926786219527788,0.03832153821932671,12.0,0.0
hmm_t,4,0.9,5.0,5000,18,10.000000000000002,21,10.695166795533243,GMM,ICL,2,0,-2,0.06926786219527788,0.05565642580659541,1.0,1.0
hmm_t,4,0.9,5.0,5000,18,10.000000000000002,21,10.695166795533243,GMM,BIC_Neff,11,0,7,0.06926786219527788,0.04001804082010168,11.0,0.0
hmm_t,4,0.9,5.0,5000,18,10.000000000000002,21,10.695166795533243,HMM,BIC,11,0,7,0.07375202180089219,0.043271054282625454,11.0,0.0
hmm_t,4,0.9,5.0,5000,18,10.000000000000002,21,10.695166795533243,HMM,AIC,11,0,7,0.07375202180089219,0.043271054282625454,11.0,0.0
hmm_t,4,0.9,5.0,5000,18,10.000000000000002,21,10.695166795533243,HMM,ICL,7,0,3,0.07375202180089219,0.0539814545976335,7.0,0.0
hmm_t,4,0.9,5.0,5000,19,10.000000000000002,21,9.747842168256351,K-Means,Silhouette,2,0,-2,0.07093684759370375,0.07264939065206046,,
hmm_t,4,0.9,5.0,5000,19,10.000000000000002,21,9.747842168256351,K-Means,Davies-Bouldin,11,0,7,0.07093684759370375,0.045039685214108456,,
hmm_t,4,0.9,5.0,5000,19,10.000000000000002,21,9.747842168256351,K-Means,Calinski-Harabasz,12,0,8,0.07093684759370375,0.04311901473505222,,
hmm_t,4,0.9,5.0,5000,19,10.000000000000002,21,9.747842168256351,GMM,BIC,9,0,5,0.07528506986379482,0.04893728928148943,9.0,0.0
hmm_t,4,0.9,5.0,5000,19,10.000000000000002,21,9.747842168256351,GMM,AIC,12,0,8,0.07528506986379482,0.04377623070192419,12.0,0.0
hmm_t,4,0.9,5.0,5000,19,10.000000000000002,21,9.747842168256351,GMM,ICL,2,0,-2,0.07528506986379482,0.07454753047754671,1.0,1.0
hmm_t,4,0.9,5.0,5000,19,10.000000000000002,21,9.747842168256351,GMM,BIC_Neff,9,0,5,0.07528506986379482,0.04893728928148943,9.0,0.0
hmm_t,4,0.9,5.0,5000,19,10.000000000000002,21,9.747842168256351,HMM,BIC,12,0,8,0.09889975541298558,0.04236007112813834,12.0,0.0
hmm_t,4,0.9,5.0,5000,19,10.000000000000002,21,9.747842168256351,HMM,AIC,12,0,8,0.09889975541298558,0.04236007112813834,12.0,0.0
hmm_t,4,0.9,5.0,5000,19,10.000000000000002,21,9.747842168256351,HMM,ICL,8,0,4,0.09889975541298558,0.055805501696998154,8.0,0.0
hmm_t,4,0.95,5.0,5000,0,19.999999999999982,21,10.16400750613025,K-Means,Silhouette,2,0,-2,0.1639146435575449,0.08962411056330316,,
hmm_t,4,0.95,5.0,5000,0,19.999999999999982,21,10.16400750613025,K-Means,Davies-Bouldin,7,0,3,0.1639146435575449,0.14246471649474027,,
hmm_t,4,0.95,5.0,5000,0,19.999999999999982,21,10.16400750613025,K-Means,Calinski-Harabasz,12,0,8,0.1639146435575449,0.10232238103402626,,
hmm_t,4,0.95,5.0,5000,0,19.999999999999982,21,10.16400750613025,GMM,BIC,7,0,3,0.1668823434607958,0.13874748678003074,7.0,0.0
hmm_t,4,0.95,5.0,5000,0,19.999999999999982,21,10.16400750613025,GMM,AIC,10,0,6,0.1668823434607958,0.11198995786221334,10.0,0.0
hmm_t,4,0.95,5.0,5000,0,19.999999999999982,21,10.16400750613025,GMM,ICL,2,0,-2,0.1668823434607958,0.08494054396580752,1.0,1.0
hmm_t,4,0.95,5.0,5000,0,19.999999999999982,21,10.16400750613025,GMM,BIC_Neff,7,0,3,0.1668823434607958,0.13874748678003074,7.0,0.0
hmm_t,4,0.95,5.0,5000,0,19.999999999999982,21,10.16400750613025,HMM,BIC,12,0,8,0.1913247706729781,0.11650717532071976,12.0,0.0
hmm_t,4,0.95,5.0,5000,0,19.999999999999982,21,10.16400750613025,HMM,AIC,12,0,8,0.1913247706729781,0.11650717532071976,12.0,0.0
hmm_t,4,0.95,5.0,5000,0,19.999999999999982,21,10.16400750613025,HMM,ICL,8,0,4,0.1913247706729781,0.13403825835333977,8.0,0.0
hmm_t,4,0.95,5.0,5000,1,19.999999999999982,21,10.352039720517613,K-Means,Silhouette,2,0,-2,0.130352294803399,0.11609130522380101,,
hmm_t,4,0.95,5.0,5000,1,19.999999999999982,21,10.352039720517613,K-Means,Davies-Bouldin,10,0,6,0.130352294803399,0.11265808539216218,,
hmm_t,4,0.95,5.0,5000,1,19.999999999999982,21,10.352039720517613,K-Means,Calinski-Harabasz,12,0,8,0.130352294803399,0.10808112607948145,,
hmm_t,4,0.95,5.0,5000,1,19.999999999999982,21,10.352039720517613,GMM,BIC,7,0,3,0.12447148474307965,0.12286439085150591,7.0,0.0
hmm_t,4,0.95,5.0,5000,1,19.999999999999982,21,10.352039720517613,GMM,AIC,11,0,7,0.12447148474307965,0.08862639155814653,11.0,0.0
hmm_t,4,0.95,5.0,5000,1,19.999999999999982,21,10.352039720517613,GMM,ICL,2,0,-2,0.12447148474307965,0.13618694844089188,1.0,1.0
hmm_t,4,0.95,5.0,5000,1,19.999999999999982,21,10.352039720517613,GMM,BIC_Neff,7,0,3,0.12447148474307965,0.12286439085150591,7.0,0.0
hmm_t,4,0.95,5.0,5000,1,19.999999999999982,21,10.352039720517613,HMM,BIC,10,0,6,0.16203053252684374,0.10277364551284325,10.0,0.0
hmm_t,4,0.95,5.0,5000,1,19.999999999999982,21,10.352039720517613,HMM,AIC,10,0,6,0.16203053252684374,0.10277364551284325,10.0,0.0
hmm_t,4,0.95,5.0,5000,1,19.999999999999982,21,10.352039720517613,HMM,ICL,10,0,6,0.16203053252684374,0.10277364551284325,10.0,0.0
hmm_t,4,0.95,5.0,5000,2,19.999999999999982,21,9.61579312423148,K-Means,Silhouette,2,0,-2,0.1742333507108448,0.12605003058801037,,
hmm_t,4,0.95,5.0,5000,2,19.999999999999982,21,9.61579312423148,K-Means,Davies-Bouldin,11,0,7,0.1742333507108448,0.12340405612164242,,
hmm_t,4,0.95,5.0,5000,2,19.999999999999982,21,9.61579312423148,K-Means,Calinski-Harabasz,12,0,8,0.1742333507108448,0.12059939439122457,,
hmm_t,4,0.95,5.0,5000,2,19.999999999999982,21,9.61579312423148,GMM,BIC,8,0,4,0.17973994755831968,0.14908407326348094,8.0,0.0
hmm_t,4,0.95,5.0,5000,2,19.999999999999982,21,9.61579312423148,GMM,AIC,11,0,7,0.17973994755831968,0.12292883998231814,11.0,0.0
hmm_t,4,0.95,5.0,5000,2,19.999999999999982,21,9.61579312423148,GMM,ICL,3,0,-1,0.17973994755831968,0.17790057082170294,1.0,1.0
hmm_t,4,0.95,5.0,5000,2,19.999999999999982,21,9.61579312423148,GMM,BIC_Neff,10,0,6,0.17973994755831968,0.12859033403249712,10.0,0.0
hmm_t,4,0.95,5.0,5000,2,19.999999999999982,21,9.61579312423148,HMM,BIC,12,0,8,0.15592568490498854,0.12003731779169836,12.0,0.0
hmm_t,4,0.95,5.0,5000,2,19.999999999999982,21,9.61579312423148,HMM,AIC,12,0,8,0.15592568490498854,0.12003731779169836,12.0,0.0
hmm_t,4,0.95,5.0,5000,2,19.999999999999982,21,9.61579312423148,HMM,ICL,12,0,8,0.15592568490498854,0.12003731779169836,12.0,0.0
hmm_t,4,0.95,5.0,5000,3,19.999999999999982,21,9.68674728243607,K-Means,Silhouette,2,0,-2,0.18077891676492827,0.13675884612213474,,
hmm_t,4,0.95,5.0,5000,3,19.999999999999982,21,9.68674728243607,K-Means,Davies-Bouldin,9,0,5,0.18077891676492827,0.13615786792951934,,
hmm_t,4,0.95,5.0,5000,3,19.999999999999982,21,9.68674728243607,K-Means,Calinski-Harabasz,12,0,8,0.18077891676492827,0.11755507111276517,,
hmm_t,4,0.95,5.0,5000,3,19.999999999999982,21,9.68674728243607,GMM,BIC,6,0,2,0.18276499225821385,0.1615766538911205,6.0,0.0
hmm_t,4,0.95,5.0,5000,3,19.999999999999982,21,9.68674728243607,GMM,AIC,7,0,3,0.18276499225821385,0.14970612634621128,7.0,0.0
hmm_t,4,0.95,5.0,5000,3,19.999999999999982,21,9.68674728243607,GMM,ICL,3,0,-1,0.18276499225821385,0.18781367078981256,1.0,1.0
hmm_t,4,0.95,5.0,5000,3,19.999999999999982,21,9.68674728243607,GMM,BIC_Neff,6,0,2,0.18276499225821385,0.1615766538911205,6.0,0.0
hmm_t,4,0.95,5.0,5000,3,19.999999999999982,21,9.68674728243607,HMM,BIC,8,0,4,0.19380315926739666,0.1561902147818963,8.0,0.0
hmm_t,4,0.95,5.0,5000,3,19.999999999999982,21,9.68674728243607,HMM,AIC,8,0,4,0.19380315926739666,0.1561902147818963,8.0,0.0
hmm_t,4,0.95,5.0,5000,3,19.999999999999982,21,9.68674728243607,HMM,ICL,8,0,4,0.19380315926739666,0.1561902147818963,8.0,0.0
hmm_t,4,0.95,5.0,5000,4,19.999999999999982,21,10.013092647748381,K-Means,Silhouette,2,0,-2,0.1846840696985648,0.14637652630051978,,
hmm_t,4,0.95,5.0,5000,4,19.999999999999982,21,10.013092647748381,K-Means,Davies-Bouldin,5,0,1,0.1846840696985648,0.2045538441287771,,
hmm_t,4,0.95,5.0,5000,4,19.999999999999982,21,10.013092647748381,K-Means,Calinski-Harabasz,12,0,8,0.1846840696985648,0.18288389609032124,,
hmm_t,4,0.95,5.0,5000,4,19.999999999999982,21,10.013092647748381,GMM,BIC,5,0,1,0.18500064575903546,0.20330198371663177,5.0,0.0
hmm_t,4,0.95,5.0,5000,4,19.999999999999982,21,10.013092647748381,GMM,AIC,12,0,8,0.18500064575903546,0.17468460795116805,12.0,0.0
hmm_t,4,0.95,5.0,5000,4,19.999999999999982,21,10.013092647748381,GMM,ICL,5,0,1,0.18500064575903546,0.20330198371663177,1.0,1.0
hmm_t,4,0.95,5.0,5000,4,19.999999999999982,21,10.013092647748381,GMM,BIC_Neff,5,0,1,0.18500064575903546,0.20330198371663177,5.0,0.0
hmm_t,4,0.95,5.0,5000,4,19.999999999999982,21,10.013092647748381,HMM,BIC,11,0,7,0.2186414440092231,0.17989654398308919,11.0,0.0
hmm_t,4,0.95,5.0,5000,4,19.999999999999982,21,10.013092647748381,HMM,AIC,12,0,8,0.2186414440092231,0.19520757724083998,12.0,0.0
hmm_t,4,0.95,5.0,5000,4,19.999999999999982,21,10.013092647748381,HMM,ICL,7,0,3,0.2186414440092231,0.17341829686181165,7.0,0.0
hmm_t,4,0.95,5.0,5000,5,19.999999999999982,21,9.402322487351162,K-Means,Silhouette,2,0,-2,0.16020828482265312,0.10213635815296013,,
hmm_t,4,0.95,5.0,5000,5,19.999999999999982,21,9.402322487351162,K-Means,Davies-Bouldin,7,0,3,0.16020828482265312,0.13817509806765194,,
hmm_t,4,0.95,5.0,5000,5,19.999999999999982,21,9.402322487351162,K-Means,Calinski-Harabasz,12,0,8,0.16020828482265312,0.11547065814938227,,
hmm_t,4,0.95,5.0,5000,5,19.999999999999982,21,9.402322487351162,GMM,BIC,6,0,2,0.16289985506427063,0.1424989827307677,6.0,0.0
hmm_t,4,0.95,5.0,5000,5,19.999999999999982,21,9.402322487351162,GMM,AIC,12,0,8,0.16289985506427063,0.11448469795448797,12.0,0.0
hmm_t,4,0.95,5.0,5000,5,19.999999999999982,21,9.402322487351162,GMM,ICL,3,0,-1,0.16289985506427063,0.16573133509217483,1.0,1.0
hmm_t,4,0.95,5.0,5000,5,19.999999999999982,21,9.402322487351162,GMM,BIC_Neff,6,0,2,0.16289985506427063,0.1424989827307677,6.0,0.0
hmm_t,4,0.95,5.0,5000,5,19.999999999999982,21,9.402322487351162,HMM,BIC,12,0,8,0.16144190278613577,0.12269186256517849,12.0,0.0
hmm_t,4,0.95,5.0,5000,5,19.999999999999982,21,9.402322487351162,HMM,AIC,12,0,8,0.16144190278613577,0.12269186256517849,12.0,0.0
hmm_t,4,0.95,5.0,5000,5,19.999999999999982,21,9.402322487351162,HMM,ICL,12,0,8,0.16144190278613577,0.12269186256517849,12.0,0.0
hmm_t,4,0.95,5.0,5000,6,19.999999999999982,21,10.073139079142317,K-Means,Silhouette,2,0,-2,0.13138915372838,0.08363323797609087,,
hmm_t,4,0.95,5.0,5000,6,19.999999999999982,21,10.073139079142317,K-Means,Davies-Bouldin,9,0,5,0.13138915372838,0.10380894668943348,,
hmm_t,4,0.95,5.0,5000,6,19.999999999999982,21,10.073139079142317,K-Means,Calinski-Harabasz,12,0,8,0.13138915372838,0.08809304620466066,,
hmm_t,4,0.95,5.0,5000,6,19.999999999999982,21,10.073139079142317,GMM,BIC,8,0,4,0.12868269704177857,0.10900602437765522,8.0,0.0
hmm_t,4,0.95,5.0,5000,6,19.999999999999982,21,10.073139079142317,GMM,AIC,10,0,6,0.12868269704177857,0.09708011266036837,10.0,0.0
hmm_t,4,0.95,5.0,5000,6,19.999999999999982,21,10.073139079142317,GMM,ICL,2,0,-2,0.12868269704177857,0.07919541913442006,1.0,1.0
hmm_t,4,0.95,5.0,5000,6,19.999999999999982,21,10.073139079142317,GMM,BIC_Neff,10,0,6,0.12868269704177857,0.09708011266036837,10.0,0.0
hmm_t,4,0.95,5.0,5000,6,19.999999999999982,21,10.073139079142317,HMM,BIC,10,0,6,0.1559602200607851,0.09786497186694457,10.0,0.0
hmm_t,4,0.95,5.0,5000,6,19.999999999999982,21,10.073139079142317,HMM,AIC,10,0,6,0.1559602200607851,0.09786497186694457,10.0,0.0
hmm_t,4,0.95,5.0,5000,6,19.999999999999982,21,10.073139079142317,HMM,ICL,8,0,4,0.1559602200607851,0.10794583877338236,8.0,0.0
hmm_t,4,0.95,5.0,5000,7,19.999999999999982,21,10.073868157956607,K-Means,Silhouette,2,0,-2,0.16847114545995484,0.11707110210513867,,
hmm_t,4,0.95,5.0,5000,7,19.999999999999982,21,10.073868157956607,K-Means,Davies-Bouldin,7,0,3,0.16847114545995484,0.17527347611940364,,
hmm_t,4,0.95,5.0,5000,7,19.999999999999982,21,10.073868157956607,K-Means,Calinski-Harabasz,12,0,8,0.16847114545995484,0.13230668219890435,,
hmm_t,4,0.95,5.0,5000,7,19.999999999999982,21,10.073868157956607,GMM,BIC,6,0,2,0.17922408355302388,0.17252213458312138,6.0,0.0
hmm_t,4,0.95,5.0,5000,7,19.999999999999982,21,10.073868157956607,GMM,AIC,12,0,8,0.17922408355302388,0.1274315539158231,12.0,0.0
hmm_t,4,0.95,5.0,5000,7,19.999999999999982,21,10.073868157956607,GMM,ICL,8,0,4,0.17922408355302388,0.1625418125946163,1.0,1.0
hmm_t,4,0.95,5.0,5000,7,19.999999999999982,21,10.073868157956607,GMM,BIC_Neff,12,0,8,0.17922408355302388,0.1274315539158231,12.0,0.0
hmm_t,4,0.95,5.0,5000,7,19.999999999999982,21,10.073868157956607,HMM,BIC,8,0,4,0.1810499535232295,0.1644089461897097,8.0,0.0
hmm_t,4,0.95,5.0,5000,7,19.999999999999982,21,10.073868157956607,HMM,AIC,11,0,7,0.1810499535232295,0.14564315136331793,11.0,0.0
hmm_t,4,0.95,5.0,5000,7,19.999999999999982,21,10.073868157956607,HMM,ICL,8,0,4,0.1810499535232295,0.1644089461897097,8.0,0.0
hmm_t,4,0.95,5.0,5000,8,19.999999999999982,21,9.99188900191885,K-Means,Silhouette,2,0,-2,0.1791839972681094,0.12943044830636377,,
hmm_t,4,0.95,5.0,5000,8,19.999999999999982,21,9.99188900191885,K-Means,Davies-Bouldin,12,0,8,0.1791839972681094,0.1479440091429055,,
hmm_t,4,0.95,5.0,5000,8,19.999999999999982,21,9.99188900191885,K-Means,Calinski-Harabasz,12,0,8,0.1791839972681094,0.1479440091429055,,
hmm_t,4,0.95,5.0,5000,8,19.999999999999982,21,9.99188900191885,GMM,BIC,6,0,2,0.1851522292793525,0.18143812464044579,6.0,0.0
hmm_t,4,0.95,5.0,5000,8,19.999999999999982,21,9.99188900191885,GMM,AIC,11,0,7,0.1851522292793525,0.14376312116745868,11.0,0.0
hmm_t,4,0.95,5.0,5000,8,19.999999999999982,21,9.99188900191885,GMM,ICL,2,0,-2,0.1851522292793525,0.12975378877445753,1.0,1.0
hmm_t,4,0.95,5.0,5000,8,19.999999999999982,21,9.99188900191885,GMM,BIC_Neff,6,0,2,0.1851522292793525,0.18143812464044579,6.0,0.0
hmm_t,4,0.95,5.0,5000,8,19.999999999999982,21,9.99188900191885,HMM,BIC,12,0,8,0.21573433873701212,0.11629018934208385,12.0,0.0
hmm_t,4,0.95,5.0,5000,8,19.999999999999982,21,9.99188900191885,HMM,AIC,12,0,8,0.21573433873701212,0.11629018934208385,12.0,0.0
hmm_t,4,0.95,5.0,5000,8,19.999999999999982,21,9.99188900191885,HMM,ICL,11,0,7,0.21573433873701212,0.15905392851197375,11.0,0.0
hmm_t,4,0.95,5.0,5000,9,19.999999999999982,21,9.307822100290167,K-Means,Silhouette,2,0,-2,0.15014957039795165,0.11914257349120155,,
hmm_t,4,0.95,5.0,5000,9,19.999999999999982,21,9.307822100290167,K-Means,Davies-Bouldin,7,0,3,0.15014957039795165,0.14925618960793477,,
hmm_t,4,0.95,5.0,5000,9,19.999999999999982,21,9.307822100290167,K-Means,Calinski-Harabasz,12,0,8,0.15014957039795165,0.12610382843414425,,
hmm_t,4,0.95,5.0,5000,9,19.999999999999982,21,9.307822100290167,GMM,BIC,5,0,1,0.14691507609132182,0.17130527362488182,5.0,0.0
hmm_t,4,0.95,5.0,5000,9,19.999999999999982,21,9.307822100290167,GMM,AIC,10,0,6,0.14691507609132182,0.13220377611832804,10.0,0.0
hmm_t,4,0.95,5.0,5000,9,19.999999999999982,21,9.307822100290167,GMM,ICL,2,0,-2,0.14691507609132182,0.11209782746745557,1.0,1.0
hmm_t,4,0.95,5.0,5000,9,19.999999999999982,21,9.307822100290167,GMM,BIC_Neff,5,0,1,0.14691507609132182,0.17130527362488182,5.0,0.0
hmm_t,4,0.95,5.0,5000,9,19.999999999999982,21,9.307822100290167,HMM,BIC,11,0,7,0.17140570517496678,0.13584151663782487,11.0,0.0
hmm_t,4,0.95,5.0,5000,9,19.999999999999982,21,9.307822100290167,HMM,AIC,11,0,7,0.17140570517496678,0.13584151663782487,11.0,0.0
hmm_t,4,0.95,5.0,5000,9,19.999999999999982,21,9.307822100290167,HMM,ICL,11,0,7,0.17140570517496678,0.13584151663782487,11.0,0.0
hmm_t,4,0.95,5.0,5000,10,19.999999999999982,21,8.993383032413508,K-Means,Silhouette,2,0,-2,0.16973847314454737,0.12101131484055111,,
hmm_t,4,0.95,5.0,5000,10,19.999999999999982,21,8.993383032413508,K-Means,Davies-Bouldin,6,0,2,0.16973847314454737,0.1657640979595137,,
hmm_t,4,0.95,5.0,5000,10,19.999999999999982,21,8.993383032413508,K-Means,Calinski-Harabasz,12,0,8,0.16973847314454737,0.1276500296890977,,
hmm_t,4,0.95,5.0,5000,10,19.999999999999982,21,8.993383032413508,GMM,BIC,6,0,2,0.1666447419876982,0.16376800109973533,6.0,0.0
hmm_t,4,0.95,5.0,5000,10,19.999999999999982,21,8.993383032413508,GMM,AIC,12,0,8,0.1666447419876982,0.11835065510003372,12.0,0.0
hmm_t,4,0.95,5.0,5000,10,19.999999999999982,21,8.993383032413508,GMM,ICL,2,0,-2,0.1666447419876982,0.11520915823964911,1.0,1.0
hmm_t,4,0.95,5.0,5000,10,19.999999999999982,21,8.993383032413508,GMM,BIC_Neff,6,0,2,0.1666447419876982,0.16376800109973533,6.0,0.0
hmm_t,4,0.95,5.0,5000,10,19.999999999999982,21,8.993383032413508,HMM,BIC,12,0,8,0.10831270946798088,0.13736831429381713,12.0,0.0
hmm_t,4,0.95,5.0,5000,10,19.999999999999982,21,8.993383032413508,HMM,AIC,12,0,8,0.10831270946798088,0.13736831429381713,12.0,0.0
hmm_t,4,0.95,5.0,5000,10,19.999999999999982,21,8.993383032413508,HMM,ICL,12,0,8,0.10831270946798088,0.13736831429381713,12.0,0.0
hmm_t,4,0.95,5.0,5000,11,19.999999999999982,21,9.589503490089546,K-Means,Silhouette,2,0,-2,0.16145190145672225,0.09942950965407386,,
hmm_t,4,0.95,5.0,5000,11,19.999999999999982,21,9.589503490089546,K-Means,Davies-Bouldin,7,0,3,0.16145190145672225,0.15133704423284894,,
hmm_t,4,0.95,5.0,5000,11,19.999999999999982,21,9.589503490089546,K-Means,Calinski-Harabasz,12,0,8,0.16145190145672225,0.11793040854360426,,
hmm_t,4,0.95,5.0,5000,11,19.999999999999982,21,9.589503490089546,GMM,BIC,6,0,2,0.159062618617123,0.1597002414836475,6.0,0.0
hmm_t,4,0.95,5.0,5000,11,19.999999999999982,21,9.589503490089546,GMM,AIC,12,0,8,0.159062618617123,0.11170394662383867,12.0,0.0
hmm_t,4,0.95,5.0,5000,11,19.999999999999982,21,9.589503490089546,GMM,ICL,2,0,-2,0.159062618617123,0.09434531468237255,1.0,1.0
hmm_t,4,0.95,5.0,5000,11,19.999999999999982,21,9.589503490089546,GMM,BIC_Neff,6,0,2,0.159062618617123,0.1597002414836475,6.0,0.0
hmm_t,4,0.95,5.0,5000,11,19.999999999999982,21,9.589503490089546,HMM,BIC,12,0,8,0.12930191758066634,0.11696674160938149,12.0,0.0
hmm_t,4,0.95,5.0,5000,11,19.999999999999982,21,9.589503490089546,HMM,AIC,12,0,8,0.12930191758066634,0.11696674160938149,12.0,0.0
hmm_t,4,0.95,5.0,5000,11,19.999999999999982,21,9.589503490089546,HMM,ICL,10,0,6,0.12930191758066634,0.12144318615472986,10.0,0.0
hmm_t,4,0.95,5.0,5000,12,19.999999999999982,21,10.779805309570447,K-Means,Silhouette,2,0,-2,0.18373728157093439,0.10730900244639686,,
hmm_t,4,0.95,5.0,5000,12,19.999999999999982,21,10.779805309570447,K-Means,Davies-Bouldin,5,0,1,0.18373728157093439,0.19399257646669318,,
hmm_t,4,0.95,5.0,5000,12,19.999999999999982,21,10.779805309570447,K-Means,Calinski-Harabasz,12,0,8,0.18373728157093439,0.16963292281920417,,
hmm_t,4,0.95,5.0,5000,12,19.999999999999982,21,10.779805309570447,GMM,BIC,5,0,1,0.1888090267868916,0.20534281097962334,5.0,0.0
hmm_t,4,0.95,5.0,5000,12,19.999999999999982,21,10.779805309570447,GMM,AIC,6,0,2,0.1888090267868916,0.19440718238498625,6.0,0.0
hmm_t,4,0.95,5.0,5000,12,19.999999999999982,21,10.779805309570447,GMM,ICL,6,0,2,0.1888090267868916,0.19440718238498625,1.0,1.0
hmm_t,4,0.95,5.0,5000,12,19.999999999999982,21,10.779805309570447,GMM,BIC_Neff,6,0,2,0.1888090267868916,0.19440718238498625,6.0,0.0
hmm_t,4,0.95,5.0,5000,12,19.999999999999982,21,10.779805309570447,HMM,BIC,9,0,5,0.2180169273456498,0.17827539206673684,9.0,0.0
hmm_t,4,0.95,5.0,5000,12,19.999999999999982,21,10.779805309570447,HMM,AIC,9,0,5,0.2180169273456498,0.17827539206673684,9.0,0.0
hmm_t,4,0.95,5.0,5000,12,19.999999999999982,21,10.779805309570447,HMM,ICL,9,0,5,0.2180169273456498,0.17827539206673684,9.0,0.0
hmm_t,4,0.95,5.0,5000,13,19.999999999999982,21,10.717043711354856,K-Means,Silhouette,2,0,-2,0.17044588662699384,0.11652870327746137,,
hmm_t,4,0.95,5.0,5000,13,19.999999999999982,21,10.717043711354856,K-Means,Davies-Bouldin,2,0,-2,0.17044588662699384,0.11652870327746137,,
hmm_t,4,0.95,5.0,5000,13,19.999999999999982,21,10.717043711354856,K-Means,Calinski-Harabasz,12,0,8,0.17044588662699384,0.12729917573418206,,
hmm_t,4,0.95,5.0,5000,13,19.999999999999982,21,10.717043711354856,GMM,BIC,6,0,2,0.16819037601538,0.17160665342638667,6.0,0.0
hmm_t,4,0.95,5.0,5000,13,19.999999999999982,21,10.717043711354856,GMM,AIC,11,0,7,0.16819037601538,0.13230395476105222,11.0,0.0
hmm_t,4,0.95,5.0,5000,13,19.999999999999982,21,10.717043711354856,GMM,ICL,2,0,-2,0.16819037601538,0.11880244032734408,1.0,1.0
hmm_t,4,0.95,5.0,5000,13,19.999999999999982,21,10.717043711354856,GMM,BIC_Neff,6,0,2,0.16819037601538,0.17160665342638667,6.0,0.0
hmm_t,4,0.95,5.0,5000,13,19.999999999999982,21,10.717043711354856,HMM,BIC,11,0,7,0.15046224410124245,0.11435312038509787,11.0,0.0
hmm_t,4,0.95,5.0,5000,13,19.999999999999982,21,10.717043711354856,HMM,AIC,12,0,8,0.15046224410124245,0.12239612144915245,12.0,0.0
hmm_t,4,0.95,5.0,5000,13,19.999999999999982,21,10.717043711354856,HMM,ICL,7,0,3,0.15046224410124245,0.16500885305873192,7.0,0.0
hmm_t,4,0.95,5.0,5000,14,19.999999999999982,21,10.16518626416511,K-Means,Silhouette,2,0,-2,0.1705652129929169,0.11500743737943386,,
hmm_t,4,0.95,5.0,5000,14,19.999999999999982,21,10.16518626416511,K-Means,Davies-Bouldin,12,0,8,0.1705652129929169,0.13580181671893893,,
hmm_t,4,0.95,5.0,5000,14,19.999999999999982,21,10.16518626416511,K-Means,Calinski-Harabasz,12,0,8,0.1705652129929169,0.13580181671893893,,
hmm_t,4,0.95,5.0,5000,14,19.999999999999982,21,10.16518626416511,GMM,BIC,6,0,2,0.17299766539352168,0.15184101779581347,6.0,0.0
hmm_t,4,0.95,5.0,5000,14,19.999999999999982,21,10.16518626416511,GMM,AIC,12,0,8,0.17299766539352168,0.13363796837404074,12.0,0.0
hmm_t,4,0.95,5.0,5000,14,19.999999999999982,21,10.16518626416511,GMM,ICL,12,0,8,0.17299766539352168,0.13363796837404074,1.0,1.0
hmm_t,4,0.95,5.0,5000,14,19.999999999999982,21,10.16518626416511,GMM,BIC_Neff,6,0,2,0.17299766539352168,0.15184101779581347,6.0,0.0
hmm_t,4,0.95,5.0,5000,14,19.999999999999982,21,10.16518626416511,HMM,BIC,11,0,7,0.16884118834621606,0.09524149926927943,11.0,0.0
hmm_t,4,0.95,5.0,5000,14,19.999999999999982,21,10.16518626416511,HMM,AIC,11,0,7,0.16884118834621606,0.09524149926927943,11.0,0.0
hmm_t,4,0.95,5.0,5000,14,19.999999999999982,21,10.16518626416511,HMM,ICL,9,0,5,0.16884118834621606,0.11238637513222205,9.0,0.0
hmm_t,4,0.95,5.0,5000,15,19.999999999999982,21,10.4786671997389,K-Means,Silhouette,2,0,-2,0.16960738287786117,0.1139111698128467,,
hmm_t,4,0.95,5.0,5000,15,19.999999999999982,21,10.4786671997389,K-Means,Davies-Bouldin,6,0,2,0.16960738287786117,0.17804589686463618,,
hmm_t,4,0.95,5.0,5000,15,19.999999999999982,21,10.4786671997389,K-Means,Calinski-Harabasz,12,0,8,0.16960738287786117,0.12511881299534322,,
hmm_t,4,0.95,5.0,5000,15,19.999999999999982,21,10.4786671997389,GMM,BIC,6,0,2,0.1683813473722303,0.179041146192326,6.0,0.0
hmm_t,4,0.95,5.0,5000,15,19.999999999999982,21,10.4786671997389,GMM,AIC,11,0,7,0.1683813473722303,0.13248105852693828,11.0,0.0
hmm_t,4,0.95,5.0,5000,15,19.999999999999982,21,10.4786671997389,GMM,ICL,2,0,-2,0.1683813473722303,0.10844812383927613,1.0,1.0
hmm_t,4,0.95,5.0,5000,15,19.999999999999982,21,10.4786671997389,GMM,BIC_Neff,6,0,2,0.1683813473722303,0.179041146192326,6.0,0.0
hmm_t,4,0.95,5.0,5000,15,19.999999999999982,21,10.4786671997389,HMM,BIC,9,0,5,0.1785081669320385,0.14363299615009179,9.0,0.0
hmm_t,4,0.95,5.0,5000,15,19.999999999999982,21,10.4786671997389,HMM,AIC,9,0,5,0.1785081669320385,0.14363299615009179,9.0,0.0
hmm_t,4,0.95,5.0,5000,15,19.999999999999982,21,10.4786671997389,HMM,ICL,9,0,5,0.1785081669320385,0.14363299615009179,9.0,0.0
hmm_t,4,0.95,5.0,5000,16,19.999999999999982,21,10.215353702919446,K-Means,Silhouette,2,0,-2,0.1556448809062441,0.0954441170102364,,
hmm_t,4,0.95,5.0,5000,16,19.999999999999982,21,10.215353702919446,K-Means,Davies-Bouldin,8,0,4,0.1556448809062441,0.15832239896797523,,
hmm_t,4,0.95,5.0,5000,16,19.999999999999982,21,10.215353702919446,K-Means,Calinski-Harabasz,12,0,8,0.1556448809062441,0.13922430371037184,,
hmm_t,4,0.95,5.0,5000,16,19.999999999999982,21,10.215353702919446,GMM,BIC,4,1,0,0.15407814544771112,0.15407814544771112,4.0,0.0
hmm_t,4,0.95,5.0,5000,16,19.999999999999982,21,10.215353702919446,GMM,AIC,12,0,8,0.15407814544771112,0.1170649430723147,12.0,0.0
hmm_t,4,0.95,5.0,5000,16,19.999999999999982,21,10.215353702919446,GMM,ICL,8,0,4,0.15407814544771112,0.15128051369265527,1.0,1.0
hmm_t,4,0.95,5.0,5000,16,19.999999999999982,21,10.215353702919446,GMM,BIC_Neff,12,0,8,0.15407814544771112,0.1170649430723147,12.0,0.0
hmm_t,4,0.95,5.0,5000,16,19.999999999999982,21,10.215353702919446,HMM,BIC,11,0,7,0.08664341311237653,0.13153093975068492,11.0,0.0
hmm_t,4,0.95,5.0,5000,16,19.999999999999982,21,10.215353702919446,HMM,AIC,11,0,7,0.08664341311237653,0.13153093975068492,11.0,0.0
hmm_t,4,0.95,5.0,5000,16,19.999999999999982,21,10.215353702919446,HMM,ICL,11,0,7,0.08664341311237653,0.13153093975068492,11.0,0.0
hmm_t,4,0.95,5.0,5000,17,19.999999999999982,21,10.109055578758044,K-Means,Silhouette,2,0,-2,0.15923181443645076,0.14717060509450697,,
hmm_t,4,0.95,5.0,5000,17,19.999999999999982,21,10.109055578758044,K-Means,Davies-Bouldin,10,0,6,0.15923181443645076,0.16756260691077843,,
hmm_t,4,0.95,5.0,5000,17,19.999999999999982,21,10.109055578758044,K-Means,Calinski-Harabasz,12,0,8,0.15923181443645076,0.15214692860851659,,
hmm_t,4,0.95,5.0,5000,17,19.999999999999982,21,10.109055578758044,GMM,BIC,6,0,2,0.19240655426841272,0.16979758526415117,6.0,0.0
hmm_t,4,0.95,5.0,5000,17,19.999999999999982,21,10.109055578758044,GMM,AIC,8,0,4,0.19240655426841272,0.16016793402643173,8.0,0.0
hmm_t,4,0.95,5.0,5000,17,19.999999999999982,21,10.109055578758044,GMM,ICL,4,1,0,0.19240655426841272,0.19240655426841272,1.0,1.0
hmm_t,4,0.95,5.0,5000,17,19.999999999999982,21,10.109055578758044,GMM,BIC_Neff,7,0,3,0.19240655426841272,0.1702694373690891,7.0,0.0
hmm_t,4,0.95,5.0,5000,17,19.999999999999982,21,10.109055578758044,HMM,BIC,12,0,8,0.2345038301364618,0.1419981100100866,12.0,0.0
hmm_t,4,0.95,5.0,5000,17,19.999999999999982,21,10.109055578758044,HMM,AIC,12,0,8,0.2345038301364618,0.1419981100100866,12.0,0.0
hmm_t,4,0.95,5.0,5000,17,19.999999999999982,21,10.109055578758044,HMM,ICL,12,0,8,0.2345038301364618,0.1419981100100866,12.0,0.0
hmm_t,4,0.95,5.0,5000,18,19.999999999999982,21,10.148245987865781,K-Means,Silhouette,2,0,-2,0.2038694937228593,0.1390333347001261,,
hmm_t,4,0.95,5.0,5000,18,19.999999999999982,21,10.148245987865781,K-Means,Davies-Bouldin,4,1,0,0.2038694937228593,0.2038694937228593,,
hmm_t,4,0.95,5.0,5000,18,19.999999999999982,21,10.148245987865781,K-Means,Calinski-Harabasz,12,0,8,0.2038694937228593,0.13881566926193378,,
hmm_t,4,0.95,5.0,5000,18,19.999999999999982,21,10.148245987865781,GMM,BIC,10,0,6,0.20623602737125396,0.14964280217810325,10.0,0.0
hmm_t,4,0.95,5.0,5000,18,19.999999999999982,21,10.148245987865781,GMM,AIC,12,0,8,0.20623602737125396,0.14260701472578563,12.0,0.0
hmm_t,4,0.95,5.0,5000,18,19.999999999999982,21,10.148245987865781,GMM,ICL,2,0,-2,0.20623602737125396,0.13918571329540813,1.0,1.0
hmm_t,4,0.95,5.0,5000,18,19.999999999999982,21,10.148245987865781,GMM,BIC_Neff,10,0,6,0.20623602737125396,0.14964280217810325,10.0,0.0
hmm_t,4,0.95,5.0,5000,18,19.999999999999982,21,10.148245987865781,HMM,BIC,12,0,8,0.20515009265120532,0.13458723809630763,12.0,0.0
hmm_t,4,0.95,5.0,5000,18,19.999999999999982,21,10.148245987865781,HMM,AIC,12,0,8,0.20515009265120532,0.13458723809630763,12.0,0.0
hmm_t,4,0.95,5.0,5000,18,19.999999999999982,21,10.148245987865781,HMM,ICL,12,0,8,0.20515009265120532,0.13458723809630763,12.0,0.0
hmm_t,4,0.95,5.0,5000,19,19.999999999999982,21,9.431099232006572,K-Means,Silhouette,2,0,-2,0.1869582018485527,0.15430937496183958,,
hmm_t,4,0.95,5.0,5000,19,19.999999999999982,21,9.431099232006572,K-Means,Davies-Bouldin,3,0,-1,0.1869582018485527,0.19556741312438997,,
hmm_t,4,0.95,5.0,5000,19,19.999999999999982,21,9.431099232006572,K-Means,Calinski-Harabasz,12,0,8,0.1869582018485527,0.13651624308087248,,
hmm_t,4,0.95,5.0,5000,19,19.999999999999982,21,9.431099232006572,GMM,BIC,6,0,2,0.19280346887877298,0.17099218229580881,6.0,0.0
hmm_t,4,0.95,5.0,5000,19,19.999999999999982,21,9.431099232006572,GMM,AIC,7,0,3,0.19280346887877298,0.16024108288904224,7.0,0.0
hmm_t,4,0.95,5.0,5000,19,19.999999999999982,21,9.431099232006572,GMM,ICL,2,0,-2,0.19280346887877298,0.17286705608360392,1.0,1.0
hmm_t,4,0.95,5.0,5000,19,19.999999999999982,21,9.431099232006572,GMM,BIC_Neff,7,0,3,0.19280346887877298,0.16024108288904224,7.0,0.0
hmm_t,4,0.95,5.0,5000,19,19.999999999999982,21,9.431099232006572,HMM,BIC,9,0,5,0.2246782511074399,0.145994270325875,9.0,0.0
hmm_t,4,0.95,5.0,5000,19,19.999999999999982,21,9.431099232006572,HMM,AIC,9,0,5,0.2246782511074399,0.145994270325875,9.0,0.0
hmm_t,4,0.95,5.0,5000,19,19.999999999999982,21,9.431099232006572,HMM,ICL,7,0,3,0.2246782511074399,0.17792418075952035,7.0,0.0
hmm_t,4,0.99,5.0,5000,0,99.99999999999991,21,9.756386057304029,K-Means,Silhouette,3,0,-1,0.5398398807858759,0.5515507594838273,,
hmm_t,4,0.99,5.0,5000,0,99.99999999999991,21,9.756386057304029,K-Means,Davies-Bouldin,3,0,-1,0.5398398807858759,0.5515507594838273,,
hmm_t,4,0.99,5.0,5000,0,99.99999999999991,21,9.756386057304029,K-Means,Calinski-Harabasz,12,0,8,0.5398398807858759,0.4126701224483888,,
hmm_t,4,0.99,5.0,5000,0,99.99999999999991,21,9.756386057304029,GMM,BIC,7,0,3,0.5080375807918684,0.49023547300607245,7.0,0.0
hmm_t,4,0.99,5.0,5000,0,99.99999999999991,21,9.756386057304029,GMM,AIC,11,0,7,0.5080375807918684,0.39903472617229707,11.0,0.0
hmm_t,4,0.99,5.0,5000,0,99.99999999999991,21,9.756386057304029,GMM,ICL,3,0,-1,0.5080375807918684,0.5968168033332527,3.0,0.0
hmm_t,4,0.99,5.0,5000,0,99.99999999999991,21,9.756386057304029,GMM,BIC_Neff,7,0,3,0.5080375807918684,0.49023547300607245,7.0,0.0
hmm_t,4,0.99,5.0,5000,0,99.99999999999991,21,9.756386057304029,HMM,BIC,10,0,6,0.5833416487786532,0.4234253734107742,10.0,0.0
hmm_t,4,0.99,5.0,5000,0,99.99999999999991,21,9.756386057304029,HMM,AIC,10,0,6,0.5833416487786532,0.4234253734107742,10.0,0.0
hmm_t,4,0.99,5.0,5000,0,99.99999999999991,21,9.756386057304029,HMM,ICL,10,0,6,0.5833416487786532,0.4234253734107742,10.0,0.0
hmm_t,4,0.99,5.0,5000,1,99.99999999999991,21,10.019517577053534,K-Means,Silhouette,2,0,-2,0.4014891850264268,0.24743553147108086,,
hmm_t,4,0.99,5.0,5000,1,99.99999999999991,21,10.019517577053534,K-Means,Davies-Bouldin,2,0,-2,0.4014891850264268,0.24743553147108086,,
hmm_t,4,0.99,5.0,5000,1,99.99999999999991,21,10.019517577053534,K-Means,Calinski-Harabasz,12,0,8,0.4014891850264268,0.3795205080747542,,
hmm_t,4,0.99,5.0,5000,1,99.99999999999991,21,10.019517577053534,GMM,BIC,6,0,2,0.4070709946887876,0.5539735851990107,6.0,0.0
hmm_t,4,0.99,5.0,5000,1,99.99999999999991,21,10.019517577053534,GMM,AIC,7,0,3,0.4070709946887876,0.539658496809358,7.0,0.0
hmm_t,4,0.99,5.0,5000,1,99.99999999999991,21,10.019517577053534,GMM,ICL,7,0,3,0.4070709946887876,0.539658496809358,7.0,0.0
hmm_t,4,0.99,5.0,5000,1,99.99999999999991,21,10.019517577053534,GMM,BIC_Neff,6,0,2,0.4070709946887876,0.5539735851990107,6.0,0.0
hmm_t,4,0.99,5.0,5000,1,99.99999999999991,21,10.019517577053534,HMM,BIC,9,0,5,0.4287378026690589,0.41365668474432665,9.0,0.0
hmm_t,4,0.99,5.0,5000,1,99.99999999999991,21,10.019517577053534,HMM,AIC,9,0,5,0.4287378026690589,0.41365668474432665,9.0,0.0
hmm_t,4,0.99,5.0,5000,1,99.99999999999991,21,10.019517577053534,HMM,ICL,9,0,5,0.4287378026690589,0.41365668474432665,9.0,0.0
hmm_t,4,0.99,5.0,5000,2,99.99999999999991,21,9.71913397530275,K-Means,Silhouette,2,0,-2,0.35214156310862926,0.23170473891924906,,
hmm_t,4,0.99,5.0,5000,2,99.99999999999991,21,9.71913397530275,K-Means,Davies-Bouldin,2,0,-2,0.35214156310862926,0.23170473891924906,,
hmm_t,4,0.99,5.0,5000,2,99.99999999999991,21,9.71913397530275,K-Means,Calinski-Harabasz,12,0,8,0.35214156310862926,0.4316493327332347,,
hmm_t,4,0.99,5.0,5000,2,99.99999999999991,21,9.71913397530275,GMM,BIC,4,1,0,0.5920377350411302,0.5920377350411302,4.0,0.0
hmm_t,4,0.99,5.0,5000,2,99.99999999999991,21,9.71913397530275,GMM,AIC,7,0,3,0.5920377350411302,0.5329180016173629,7.0,0.0
hmm_t,4,0.99,5.0,5000,2,99.99999999999991,21,9.71913397530275,GMM,ICL,4,1,0,0.5920377350411302,0.5920377350411302,4.0,0.0
hmm_t,4,0.99,5.0,5000,2,99.99999999999991,21,9.71913397530275,GMM,BIC_Neff,4,1,0,0.5920377350411302,0.5920377350411302,4.0,0.0
hmm_t,4,0.99,5.0,5000,2,99.99999999999991,21,9.71913397530275,HMM,BIC,11,0,7,0.6224317133211521,0.36656476347502387,11.0,0.0
hmm_t,4,0.99,5.0,5000,2,99.99999999999991,21,9.71913397530275,HMM,AIC,11,0,7,0.6224317133211521,0.36656476347502387,11.0,0.0
hmm_t,4,0.99,5.0,5000,2,99.99999999999991,21,9.71913397530275,HMM,ICL,11,0,7,0.6224317133211521,0.36656476347502387,11.0,0.0
hmm_t,4,0.99,5.0,5000,3,99.99999999999991,21,10.202604183379224,K-Means,Silhouette,2,0,-2,0.5513030824698921,0.2541509953649993,,
hmm_t,4,0.99,5.0,5000,3,99.99999999999991,21,10.202604183379224,K-Means,Davies-Bouldin,2,0,-2,0.5513030824698921,0.2541509953649993,,
hmm_t,4,0.99,5.0,5000,3,99.99999999999991,21,10.202604183379224,K-Means,Calinski-Harabasz,12,0,8,0.5513030824698921,0.534166885373908,,
hmm_t,4,0.99,5.0,5000,3,99.99999999999991,21,10.202604183379224,GMM,BIC,5,0,1,0.5826793314133754,0.5834824663097727,5.0,0.0
hmm_t,4,0.99,5.0,5000,3,99.99999999999991,21,10.202604183379224,GMM,AIC,10,0,6,0.5826793314133754,0.4819951257777619,10.0,0.0
hmm_t,4,0.99,5.0,5000,3,99.99999999999991,21,10.202604183379224,GMM,ICL,4,1,0,0.5826793314133754,0.5826793314133754,4.0,0.0
hmm_t,4,0.99,5.0,5000,3,99.99999999999991,21,10.202604183379224,GMM,BIC_Neff,5,0,1,0.5826793314133754,0.5834824663097727,5.0,0.0
hmm_t,4,0.99,5.0,5000,3,99.99999999999991,21,10.202604183379224,HMM,BIC,10,0,6,0.37504075371621987,0.36753951467354024,10.0,0.0
hmm_t,4,0.99,5.0,5000,3,99.99999999999991,21,10.202604183379224,HMM,AIC,10,0,6,0.37504075371621987,0.36753951467354024,10.0,0.0
hmm_t,4,0.99,5.0,5000,3,99.99999999999991,21,10.202604183379224,HMM,ICL,10,0,6,0.37504075371621987,0.36753951467354024,10.0,0.0
hmm_t,4,0.99,5.0,5000,4,99.99999999999991,21,9.675054224673369,K-Means,Silhouette,2,0,-2,0.4481950573222956,0.219050649226433,,
hmm_t,4,0.99,5.0,5000,4,99.99999999999991,21,9.675054224673369,K-Means,Davies-Bouldin,3,0,-1,0.4481950573222956,0.4853070366188516,,
hmm_t,4,0.99,5.0,5000,4,99.99999999999991,21,9.675054224673369,K-Means,Calinski-Harabasz,12,0,8,0.4481950573222956,0.4618450532661952,,
hmm_t,4,0.99,5.0,5000,4,99.99999999999991,21,9.675054224673369,GMM,BIC,5,0,1,0.41982773473736074,0.5711028655256358,5.0,0.0
hmm_t,4,0.99,5.0,5000,4,99.99999999999991,21,9.675054224673369,GMM,AIC,12,0,8,0.41982773473736074,0.3907154529507989,12.0,0.0
hmm_t,4,0.99,5.0,5000,4,99.99999999999991,21,9.675054224673369,GMM,ICL,3,0,-1,0.41982773473736074,0.4645702664623405,3.0,0.0
hmm_t,4,0.99,5.0,5000,4,99.99999999999991,21,9.675054224673369,GMM,BIC_Neff,11,0,7,0.41982773473736074,0.3964361990812055,11.0,0.0
hmm_t,4,0.99,5.0,5000,4,99.99999999999991,21,9.675054224673369,HMM,BIC,12,0,8,0.25346552240857856,0.36023953198998415,12.0,0.0
hmm_t,4,0.99,5.0,5000,4,99.99999999999991,21,9.675054224673369,HMM,AIC,12,0,8,0.25346552240857856,0.36023953198998415,12.0,0.0
hmm_t,4,0.99,5.0,5000,4,99.99999999999991,21,9.675054224673369,HMM,ICL,12,0,8,0.25346552240857856,0.36023953198998415,12.0,0.0
hmm_t,4,0.99,5.0,5000,5,99.99999999999991,21,9.666549732813293,K-Means,Silhouette,2,0,-2,0.3875750400202062,0.25053761126268276,,
hmm_t,4,0.99,5.0,5000,5,99.99999999999991,21,9.666549732813293,K-Means,Davies-Bouldin,2,0,-2,0.3875750400202062,0.25053761126268276,,
hmm_t,4,0.99,5.0,5000,5,99.99999999999991,21,9.666549732813293,K-Means,Calinski-Harabasz,12,0,8,0.3875750400202062,0.4604088049183764,,
hmm_t,4,0.99,5.0,5000,5,99.99999999999991,21,9.666549732813293,GMM,BIC,4,1,0,0.628224574211249,0.628224574211249,4.0,0.0
hmm_t,4,0.99,5.0,5000,5,99.99999999999991,21,9.666549732813293,GMM,AIC,11,0,7,0.628224574211249,0.40212327644585527,11.0,0.0
hmm_t,4,0.99,5.0,5000,5,99.99999999999991,21,9.666549732813293,GMM,ICL,4,1,0,0.628224574211249,0.628224574211249,4.0,0.0
hmm_t,4,0.99,5.0,5000,5,99.99999999999991,21,9.666549732813293,GMM,BIC_Neff,4,1,0,0.628224574211249,0.628224574211249,4.0,0.0
hmm_t,4,0.99,5.0,5000,5,99.99999999999991,21,9.666549732813293,HMM,BIC,11,0,7,0.6415740791030479,0.3145799386609821,11.0,0.0
hmm_t,4,0.99,5.0,5000,5,99.99999999999991,21,9.666549732813293,HMM,AIC,11,0,7,0.6415740791030479,0.3145799386609821,11.0,0.0
hmm_t,4,0.99,5.0,5000,5,99.99999999999991,21,9.666549732813293,HMM,ICL,9,0,5,0.6415740791030479,0.432431775904169,9.0,0.0
hmm_t,4,0.99,5.0,5000,6,99.99999999999991,21,9.38773039079586,K-Means,Silhouette,2,0,-2,0.4095676771346892,0.24436845246123012,,
hmm_t,4,0.99,5.0,5000,6,99.99999999999991,21,9.38773039079586,K-Means,Davies-Bouldin,2,0,-2,0.4095676771346892,0.24436845246123012,,
hmm_t,4,0.99,5.0,5000,6,99.99999999999991,21,9.38773039079586,K-Means,Calinski-Harabasz,12,0,8,0.4095676771346892,0.347095171882554,,
hmm_t,4,0.99,5.0,5000,6,99.99999999999991,21,9.38773039079586,GMM,BIC,4,1,0,0.5748919331921137,0.5748919331921137,4.0,0.0
hmm_t,4,0.99,5.0,5000,6,99.99999999999991,21,9.38773039079586,GMM,AIC,10,0,6,0.5748919331921137,0.39613456312226486,10.0,0.0
hmm_t,4,0.99,5.0,5000,6,99.99999999999991,21,9.38773039079586,GMM,ICL,4,1,0,0.5748919331921137,0.5748919331921137,4.0,0.0
hmm_t,4,0.99,5.0,5000,6,99.99999999999991,21,9.38773039079586,GMM,BIC_Neff,4,1,0,0.5748919331921137,0.5748919331921137,4.0,0.0
hmm_t,4,0.99,5.0,5000,6,99.99999999999991,21,9.38773039079586,HMM,BIC,11,0,7,0.1674236503686698,0.3465981968667232,11.0,0.0
hmm_t,4,0.99,5.0,5000,6,99.99999999999991,21,9.38773039079586,HMM,AIC,11,0,7,0.1674236503686698,0.3465981968667232,11.0,0.0
hmm_t,4,0.99,5.0,5000,6,99.99999999999991,21,9.38773039079586,HMM,ICL,5,0,1,0.1674236503686698,0.5528940176215996,5.0,0.0
hmm_t,4,0.99,5.0,5000,7,99.99999999999991,21,9.866674645047235,K-Means,Silhouette,2,0,-2,0.4068060480063345,0.20314868720449525,,
hmm_t,4,0.99,5.0,5000,7,99.99999999999991,21,9.866674645047235,K-Means,Davies-Bouldin,5,0,1,0.4068060480063345,0.5130500910235621,,
hmm_t,4,0.99,5.0,5000,7,99.99999999999991,21,9.866674645047235,K-Means,Calinski-Harabasz,12,0,8,0.4068060480063345,0.34991871324102425,,
hmm_t,4,0.99,5.0,5000,7,99.99999999999991,21,9.866674645047235,GMM,BIC,5,0,1,0.4114608433303404,0.5798521123295326,5.0,0.0
hmm_t,4,0.99,5.0,5000,7,99.99999999999991,21,9.866674645047235,GMM,AIC,7,0,3,0.4114608433303404,0.558137015724962,7.0,0.0
hmm_t,4,0.99,5.0,5000,7,99.99999999999991,21,9.866674645047235,GMM,ICL,7,0,3,0.4114608433303404,0.558137015724962,7.0,0.0
hmm_t,4,0.99,5.0,5000,7,99.99999999999991,21,9.866674645047235,GMM,BIC_Neff,5,0,1,0.4114608433303404,0.5798521123295326,5.0,0.0
hmm_t,4,0.99,5.0,5000,7,99.99999999999991,21,9.866674645047235,HMM,BIC,11,0,7,0.3943654966413251,0.3944816893293904,11.0,0.0
hmm_t,4,0.99,5.0,5000,7,99.99999999999991,21,9.866674645047235,HMM,AIC,11,0,7,0.3943654966413251,0.3944816893293904,11.0,0.0
hmm_t,4,0.99,5.0,5000,7,99.99999999999991,21,9.866674645047235,HMM,ICL,11,0,7,0.3943654966413251,0.3944816893293904,11.0,0.0
hmm_t,4,0.99,5.0,5000,8,99.99999999999991,21,9.791923330953878,K-Means,Silhouette,2,0,-2,0.4762463316163229,0.3168109304403068,,
hmm_t,4,0.99,5.0,5000,8,99.99999999999991,21,9.791923330953878,K-Means,Davies-Bouldin,3,0,-1,0.4762463316163229,0.4985544562728881,,
hmm_t,4,0.99,5.0,5000,8,99.99999999999991,21,9.791923330953878,K-Means,Calinski-Harabasz,12,0,8,0.4762463316163229,0.5784807466084662,,
hmm_t,4,0.99,5.0,5000,8,99.99999999999991,21,9.791923330953878,GMM,BIC,5,0,1,0.6480773389885107,0.6487917143956129,5.0,0.0
hmm_t,4,0.99,5.0,5000,8,99.99999999999991,21,9.791923330953878,GMM,AIC,10,0,6,0.6480773389885107,0.5854416936076973,10.0,0.0
hmm_t,4,0.99,5.0,5000,8,99.99999999999991,21,9.791923330953878,GMM,ICL,4,1,0,0.6480773389885107,0.6480773389885107,4.0,0.0
hmm_t,4,0.99,5.0,5000,8,99.99999999999991,21,9.791923330953878,GMM,BIC_Neff,8,0,4,0.6480773389885107,0.601346359711133,8.0,0.0
hmm_t,4,0.99,5.0,5000,8,99.99999999999991,21,9.791923330953878,HMM,BIC,10,0,6,0.41494871249166804,0.5767220023314038,10.0,0.0
hmm_t,4,0.99,5.0,5000,8,99.99999999999991,21,9.791923330953878,HMM,AIC,12,0,8,0.41494871249166804,0.367667376142465,12.0,0.0
hmm_t,4,0.99,5.0,5000,8,99.99999999999991,21,9.791923330953878,HMM,ICL,10,0,6,0.41494871249166804,0.5767220023314038,10.0,0.0
hmm_t,4,0.99,5.0,5000,9,99.99999999999991,21,10.45333339700659,K-Means,Silhouette,2,0,-2,0.44159872773344333,0.2958098749325169,,
hmm_t,4,0.99,5.0,5000,9,99.99999999999991,21,10.45333339700659,K-Means,Davies-Bouldin,3,0,-1,0.44159872773344333,0.5023310447551715,,
hmm_t,4,0.99,5.0,5000,9,99.99999999999991,21,10.45333339700659,K-Means,Calinski-Harabasz,12,0,8,0.44159872773344333,0.351174812473401,,
hmm_t,4,0.99,5.0,5000,9,99.99999999999991,21,10.45333339700659,GMM,BIC,5,0,1,0.4446106491834819,0.5442883781534368,5.0,0.0
hmm_t,4,0.99,5.0,5000,9,99.99999999999991,21,10.45333339700659,GMM,AIC,12,0,8,0.4446106491834819,0.31172561540911836,12.0,0.0
hmm_t,4,0.99,5.0,5000,9,99.99999999999991,21,10.45333339700659,GMM,ICL,5,0,1,0.4446106491834819,0.5442883781534368,1.0,1.0
hmm_t,4,0.99,5.0,5000,9,99.99999999999991,21,10.45333339700659,GMM,BIC_Neff,5,0,1,0.4446106491834819,0.5442883781534368,5.0,0.0
hmm_t,4,0.99,5.0,5000,9,99.99999999999991,21,10.45333339700659,HMM,BIC,12,0,8,0.6677492819637846,0.3198486933561166,12.0,0.0
hmm_t,4,0.99,5.0,5000,9,99.99999999999991,21,10.45333339700659,HMM,AIC,12,0,8,0.6677492819637846,0.3198486933561166,12.0,0.0
hmm_t,4,0.99,5.0,5000,9,99.99999999999991,21,10.45333339700659,HMM,ICL,12,0,8,0.6677492819637846,0.3198486933561166,12.0,0.0
hmm_t,4,0.99,5.0,5000,10,99.99999999999991,21,9.668965801542114,K-Means,Silhouette,2,0,-2,0.5608554329796609,0.3022943319537588,,
hmm_t,4,0.99,5.0,5000,10,99.99999999999991,21,9.668965801542114,K-Means,Davies-Bouldin,3,0,-1,0.5608554329796609,0.5792169101811968,,
hmm_t,4,0.99,5.0,5000,10,99.99999999999991,21,9.668965801542114,K-Means,Calinski-Harabasz,12,0,8,0.5608554329796609,0.4038839249076341,,
hmm_t,4,0.99,5.0,5000,10,99.99999999999991,21,9.668965801542114,GMM,BIC,5,0,1,0.5738274423662162,0.6820831892673985,5.0,0.0
hmm_t,4,0.99,5.0,5000,10,99.99999999999991,21,9.668965801542114,GMM,AIC,7,0,3,0.5738274423662162,0.594806746921691,7.0,0.0
hmm_t,4,0.99,5.0,5000,10,99.99999999999991,21,9.668965801542114,GMM,ICL,5,0,1,0.5738274423662162,0.6820831892673985,1.0,1.0
hmm_t,4,0.99,5.0,5000,10,99.99999999999991,21,9.668965801542114,GMM,BIC_Neff,7,0,3,0.5738274423662162,0.594806746921691,7.0,0.0
hmm_t,4,0.99,5.0,5000,10,99.99999999999991,21,9.668965801542114,HMM,BIC,10,0,6,0.570573099162653,0.39001410896668937,10.0,0.0
hmm_t,4,0.99,5.0,5000,10,99.99999999999991,21,9.668965801542114,HMM,AIC,12,0,8,0.570573099162653,0.35171255711897365,12.0,0.0
hmm_t,4,0.99,5.0,5000,10,99.99999999999991,21,9.668965801542114,HMM,ICL,8,0,4,0.570573099162653,0.484028417128064,8.0,0.0
hmm_t,4,0.99,5.0,5000,11,99.99999999999991,21,10.50599289390547,K-Means,Silhouette,2,0,-2,0.42437209175488894,0.25633023284255674,,
hmm_t,4,0.99,5.0,5000,11,99.99999999999991,21,10.50599289390547,K-Means,Davies-Bouldin,2,0,-2,0.42437209175488894,0.25633023284255674,,
hmm_t,4,0.99,5.0,5000,11,99.99999999999991,21,10.50599289390547,K-Means,Calinski-Harabasz,12,0,8,0.42437209175488894,0.36926442932263903,,
hmm_t,4,0.99,5.0,5000,11,99.99999999999991,21,10.50599289390547,GMM,BIC,5,0,1,0.6051319499486385,0.5605455677427711,5.0,0.0
hmm_t,4,0.99,5.0,5000,11,99.99999999999991,21,10.50599289390547,GMM,AIC,5,0,1,0.6051319499486385,0.5605455677427711,5.0,0.0
hmm_t,4,0.99,5.0,5000,11,99.99999999999991,21,10.50599289390547,GMM,ICL,5,0,1,0.6051319499486385,0.5605455677427711,5.0,0.0
hmm_t,4,0.99,5.0,5000,11,99.99999999999991,21,10.50599289390547,GMM,BIC_Neff,5,0,1,0.6051319499486385,0.5605455677427711,5.0,0.0
hmm_t,4,0.99,5.0,5000,11,99.99999999999991,21,10.50599289390547,HMM,BIC,11,0,7,0.6539830533681333,0.38762406418089973,11.0,0.0
hmm_t,4,0.99,5.0,5000,11,99.99999999999991,21,10.50599289390547,HMM,AIC,11,0,7,0.6539830533681333,0.38762406418089973,11.0,0.0
hmm_t,4,0.99,5.0,5000,11,99.99999999999991,21,10.50599289390547,HMM,ICL,11,0,7,0.6539830533681333,0.38762406418089973,11.0,0.0
hmm_t,4,0.99,5.0,5000,12,99.99999999999991,21,10.68024953976819,K-Means,Silhouette,2,0,-2,0.5465620116925656,0.2894700356399908,,
hmm_t,4,0.99,5.0,5000,12,99.99999999999991,21,10.68024953976819,K-Means,Davies-Bouldin,3,0,-1,0.5465620116925656,0.5919941798282342,,
hmm_t,4,0.99,5.0,5000,12,99.99999999999991,21,10.68024953976819,K-Means,Calinski-Harabasz,12,0,8,0.5465620116925656,0.3725952320415423,,
hmm_t,4,0.99,5.0,5000,12,99.99999999999991,21,10.68024953976819,GMM,BIC,5,0,1,0.5475483727437538,0.6282247984626905,5.0,0.0
hmm_t,4,0.99,5.0,5000,12,99.99999999999991,21,10.68024953976819,GMM,AIC,6,0,2,0.5475483727437538,0.6118461961729863,6.0,0.0
hmm_t,4,0.99,5.0,5000,12,99.99999999999991,21,10.68024953976819,GMM,ICL,5,0,1,0.5475483727437538,0.6282247984626905,5.0,0.0
hmm_t,4,0.99,5.0,5000,12,99.99999999999991,21,10.68024953976819,GMM,BIC_Neff,5,0,1,0.5475483727437538,0.6282247984626905,5.0,0.0
hmm_t,4,0.99,5.0,5000,12,99.99999999999991,21,10.68024953976819,HMM,BIC,10,0,6,0.25052171870845175,0.39521905935705903,10.0,0.0
hmm_t,4,0.99,5.0,5000,12,99.99999999999991,21,10.68024953976819,HMM,AIC,10,0,6,0.25052171870845175,0.39521905935705903,10.0,0.0
hmm_t,4,0.99,5.0,5000,12,99.99999999999991,21,10.68024953976819,HMM,ICL,10,0,6,0.25052171870845175,0.39521905935705903,10.0,0.0
hmm_t,4,0.99,5.0,5000,13,99.99999999999991,21,9.584200046180156,K-Means,Silhouette,2,0,-2,0.43715943520260986,0.2425687755731906,,
hmm_t,4,0.99,5.0,5000,13,99.99999999999991,21,9.584200046180156,K-Means,Davies-Bouldin,2,0,-2,0.43715943520260986,0.2425687755731906,,
hmm_t,4,0.99,5.0,5000,13,99.99999999999991,21,9.584200046180156,K-Means,Calinski-Harabasz,12,0,8,0.43715943520260986,0.42371212794442775,,
hmm_t,4,0.99,5.0,5000,13,99.99999999999991,21,9.584200046180156,GMM,BIC,5,0,1,0.4113878096940862,0.5616334342491272,5.0,0.0
hmm_t,4,0.99,5.0,5000,13,99.99999999999991,21,9.584200046180156,GMM,AIC,7,0,3,0.4113878096940862,0.5120559673899839,7.0,0.0
hmm_t,4,0.99,5.0,5000,13,99.99999999999991,21,9.584200046180156,GMM,ICL,5,0,1,0.4113878096940862,0.5616334342491272,5.0,0.0
hmm_t,4,0.99,5.0,5000,13,99.99999999999991,21,9.584200046180156,GMM,BIC_Neff,5,0,1,0.4113878096940862,0.5616334342491272,5.0,0.0
hmm_t,4,0.99,5.0,5000,13,99.99999999999991,21,9.584200046180156,HMM,BIC,12,0,8,0.37174834778077726,0.45976899395135484,12.0,0.0
hmm_t,4,0.99,5.0,5000,13,99.99999999999991,21,9.584200046180156,HMM,AIC,12,0,8,0.37174834778077726,0.45976899395135484,12.0,0.0
hmm_t,4,0.99,5.0,5000,13,99.99999999999991,21,9.584200046180156,HMM,ICL,12,0,8,0.37174834778077726,0.45976899395135484,12.0,0.0
hmm_t,4,0.99,5.0,5000,14,99.99999999999991,21,9.387426436714966,K-Means,Silhouette,2,0,-2,0.40312130503918636,0.3040036885784338,,
hmm_t,4,0.99,5.0,5000,14,99.99999999999991,21,9.387426436714966,K-Means,Davies-Bouldin,2,0,-2,0.40312130503918636,0.3040036885784338,,
hmm_t,4,0.99,5.0,5000,14,99.99999999999991,21,9.387426436714966,K-Means,Calinski-Harabasz,12,0,8,0.40312130503918636,0.4061346128429518,,
hmm_t,4,0.99,5.0,5000,14,99.99999999999991,21,9.387426436714966,GMM,BIC,7,0,3,0.42551548656722454,0.5205261130651913,7.0,0.0
hmm_t,4,0.99,5.0,5000,14,99.99999999999991,21,9.387426436714966,GMM,AIC,7,0,3,0.42551548656722454,0.5205261130651913,7.0,0.0
hmm_t,4,0.99,5.0,5000,14,99.99999999999991,21,9.387426436714966,GMM,ICL,7,0,3,0.42551548656722454,0.5205261130651913,7.0,0.0
hmm_t,4,0.99,5.0,5000,14,99.99999999999991,21,9.387426436714966,GMM,BIC_Neff,7,0,3,0.42551548656722454,0.5205261130651913,7.0,0.0
hmm_t,4,0.99,5.0,5000,14,99.99999999999991,21,9.387426436714966,HMM,BIC,12,0,8,0.24679953770487487,0.41924871673563713,12.0,0.0
hmm_t,4,0.99,5.0,5000,14,99.99999999999991,21,9.387426436714966,HMM,AIC,12,0,8,0.24679953770487487,0.41924871673563713,12.0,0.0
hmm_t,4,0.99,5.0,5000,14,99.99999999999991,21,9.387426436714966,HMM,ICL,12,0,8,0.24679953770487487,0.41924871673563713,12.0,0.0
hmm_t,4,0.99,5.0,5000,15,99.99999999999991,21,9.826489070420196,K-Means,Silhouette,3,0,-1,0.4245096452730515,0.45706724207767874,,
hmm_t,4,0.99,5.0,5000,15,99.99999999999991,21,9.826489070420196,K-Means,Davies-Bouldin,3,0,-1,0.4245096452730515,0.45706724207767874,,
hmm_t,4,0.99,5.0,5000,15,99.99999999999991,21,9.826489070420196,K-Means,Calinski-Harabasz,12,0,8,0.4245096452730515,0.3797381389720472,,
hmm_t,4,0.99,5.0,5000,15,99.99999999999991,21,9.826489070420196,GMM,BIC,4,1,0,0.579431717018032,0.579431717018032,4.0,0.0
hmm_t,4,0.99,5.0,5000,15,99.99999999999991,21,9.826489070420196,GMM,AIC,6,0,2,0.579431717018032,0.5167058589901259,6.0,0.0
hmm_t,4,0.99,5.0,5000,15,99.99999999999991,21,9.826489070420196,GMM,ICL,4,1,0,0.579431717018032,0.579431717018032,4.0,0.0
hmm_t,4,0.99,5.0,5000,15,99.99999999999991,21,9.826489070420196,GMM,BIC_Neff,5,0,1,0.579431717018032,0.5724022306258079,5.0,0.0
hmm_t,4,0.99,5.0,5000,15,99.99999999999991,21,9.826489070420196,HMM,BIC,12,0,8,0.48399384112595845,0.3704537456062716,12.0,0.0
hmm_t,4,0.99,5.0,5000,15,99.99999999999991,21,9.826489070420196,HMM,AIC,12,0,8,0.48399384112595845,0.3704537456062716,12.0,0.0
hmm_t,4,0.99,5.0,5000,15,99.99999999999991,21,9.826489070420196,HMM,ICL,12,0,8,0.48399384112595845,0.3704537456062716,12.0,0.0
hmm_t,4,0.99,5.0,5000,16,99.99999999999991,21,10.17936867742587,K-Means,Silhouette,2,0,-2,0.5674827180136676,0.2194329422429929,,
hmm_t,4,0.99,5.0,5000,16,99.99999999999991,21,10.17936867742587,K-Means,Davies-Bouldin,7,0,3,0.5674827180136676,0.6031595366940135,,
hmm_t,4,0.99,5.0,5000,16,99.99999999999991,21,10.17936867742587,K-Means,Calinski-Harabasz,12,0,8,0.5674827180136676,0.4613126344311301,,
hmm_t,4,0.99,5.0,5000,16,99.99999999999991,21,10.17936867742587,GMM,BIC,5,0,1,0.587282075220366,0.5833429708828993,5.0,0.0
hmm_t,4,0.99,5.0,5000,16,99.99999999999991,21,10.17936867742587,GMM,AIC,11,0,7,0.587282075220366,0.5194029003092092,11.0,0.0
hmm_t,4,0.99,5.0,5000,16,99.99999999999991,21,10.17936867742587,GMM,ICL,7,0,3,0.587282075220366,0.5682696419857681,7.0,0.0
hmm_t,4,0.99,5.0,5000,16,99.99999999999991,21,10.17936867742587,GMM,BIC_Neff,10,0,6,0.587282075220366,0.5252519541651302,10.0,0.0
hmm_t,4,0.99,5.0,5000,16,99.99999999999991,21,10.17936867742587,HMM,BIC,11,0,7,0.5994231288335985,0.2824034707116084,11.0,0.0
hmm_t,4,0.99,5.0,5000,16,99.99999999999991,21,10.17936867742587,HMM,AIC,12,0,8,0.5994231288335985,0.2993398114402515,12.0,0.0
hmm_t,4,0.99,5.0,5000,16,99.99999999999991,21,10.17936867742587,HMM,ICL,11,0,7,0.5994231288335985,0.2824034707116084,11.0,0.0
hmm_t,4,0.99,5.0,5000,17,99.99999999999991,21,9.632241290440906,K-Means,Silhouette,2,0,-2,0.3546400371053592,0.39443807447085943,,
hmm_t,4,0.99,5.0,5000,17,99.99999999999991,21,9.632241290440906,K-Means,Davies-Bouldin,2,0,-2,0.3546400371053592,0.39443807447085943,,
hmm_t,4,0.99,5.0,5000,17,99.99999999999991,21,9.632241290440906,K-Means,Calinski-Harabasz,12,0,8,0.3546400371053592,0.26719081373170017,,
hmm_t,4,0.99,5.0,5000,17,99.99999999999991,21,9.632241290440906,GMM,BIC,6,0,2,0.37561657250283764,0.3793847340148338,6.0,0.0
hmm_t,4,0.99,5.0,5000,17,99.99999999999991,21,9.632241290440906,GMM,AIC,9,0,5,0.37561657250283764,0.32229932878730977,9.0,0.0
hmm_t,4,0.99,5.0,5000,17,99.99999999999991,21,9.632241290440906,GMM,ICL,2,0,-2,0.37561657250283764,0.4244269913012162,2.0,0.0
hmm_t,4,0.99,5.0,5000,17,99.99999999999991,21,9.632241290440906,GMM,BIC_Neff,6,0,2,0.37561657250283764,0.3793847340148338,6.0,0.0
hmm_t,4,0.99,5.0,5000,17,99.99999999999991,21,9.632241290440906,HMM,BIC,9,0,5,0.39072424317401405,0.30405040895773944,9.0,0.0
hmm_t,4,0.99,5.0,5000,17,99.99999999999991,21,9.632241290440906,HMM,AIC,9,0,5,0.39072424317401405,0.30405040895773944,9.0,0.0
hmm_t,4,0.99,5.0,5000,17,99.99999999999991,21,9.632241290440906,HMM,ICL,8,0,4,0.39072424317401405,0.32674091191646104,8.0,0.0
hmm_t,4,0.99,5.0,5000,18,99.99999999999991,21,9.399634464542366,K-Means,Silhouette,3,0,-1,0.5587819034371381,0.526320376378645,,
hmm_t,4,0.99,5.0,5000,18,99.99999999999991,21,9.399634464542366,K-Means,Davies-Bouldin,3,0,-1,0.5587819034371381,0.526320376378645,,
hmm_t,4,0.99,5.0,5000,18,99.99999999999991,21,9.399634464542366,K-Means,Calinski-Harabasz,12,0,8,0.5587819034371381,0.4625300256731382,,
hmm_t,4,0.99,5.0,5000,18,99.99999999999991,21,9.399634464542366,GMM,BIC,5,0,1,0.6708544065964483,0.6692390954839114,5.0,0.0
hmm_t,4,0.99,5.0,5000,18,99.99999999999991,21,9.399634464542366,GMM,AIC,10,0,6,0.6708544065964483,0.49556439657505214,10.0,0.0
hmm_t,4,0.99,5.0,5000,18,99.99999999999991,21,9.399634464542366,GMM,ICL,5,0,1,0.6708544065964483,0.6692390954839114,5.0,0.0
hmm_t,4,0.99,5.0,5000,18,99.99999999999991,21,9.399634464542366,GMM,BIC_Neff,6,0,2,0.6708544065964483,0.6103016673642484,6.0,0.0
hmm_t,4,0.99,5.0,5000,18,99.99999999999991,21,9.399634464542366,HMM,BIC,12,0,8,0.4487119644361227,0.33456427486589163,12.0,0.0
hmm_t,4,0.99,5.0,5000,18,99.99999999999991,21,9.399634464542366,HMM,AIC,12,0,8,0.4487119644361227,0.33456427486589163,12.0,0.0
hmm_t,4,0.99,5.0,5000,18,99.99999999999991,21,9.399634464542366,HMM,ICL,12,0,8,0.4487119644361227,0.33456427486589163,12.0,0.0
hmm_t,4,0.99,5.0,5000,19,99.99999999999991,21,9.441843117627798,K-Means,Silhouette,2,0,-2,0.4517820446223949,0.26872934135472054,,
hmm_t,4,0.99,5.0,5000,19,99.99999999999991,21,9.441843117627798,K-Means,Davies-Bouldin,2,0,-2,0.4517820446223949,0.26872934135472054,,
hmm_t,4,0.99,5.0,5000,19,99.99999999999991,21,9.441843117627798,K-Means,Calinski-Harabasz,12,0,8,0.4517820446223949,0.35047512921720997,,
hmm_t,4,0.99,5.0,5000,19,99.99999999999991,21,9.441843117627798,GMM,BIC,5,0,1,0.4548886300308392,0.5714985278566956,5.0,0.0
hmm_t,4,0.99,5.0,5000,19,99.99999999999991,21,9.441843117627798,GMM,AIC,7,0,3,0.4548886300308392,0.47696677719742325,7.0,0.0
hmm_t,4,0.99,5.0,5000,19,99.99999999999991,21,9.441843117627798,GMM,ICL,2,0,-2,0.4548886300308392,0.2656158517014873,1.0,1.0
hmm_t,4,0.99,5.0,5000,19,99.99999999999991,21,9.441843117627798,GMM,BIC_Neff,7,0,3,0.4548886300308392,0.47696677719742325,7.0,0.0
hmm_t,4,0.99,5.0,5000,19,99.99999999999991,21,9.441843117627798,HMM,BIC,10,0,6,0.492163321687381,0.3963276602557296,10.0,0.0
hmm_t,4,0.99,5.0,5000,19,99.99999999999991,21,9.441843117627798,HMM,AIC,10,0,6,0.492163321687381,0.3963276602557296,10.0,0.0
hmm_t,4,0.99,5.0,5000,19,99.99999999999991,21,9.441843117627798,HMM,ICL,10,0,6,0.492163321687381,0.3963276602557296,10.0,0.0
