Generator,True_k,Persistence,Mean_Regime_Duration,Replication,Feature,ARI_KMeans_oracle_k,ARI_GMM_oracle_k
ms_garch,2,0.9,10.000000000000002,0,sigma_true,0.0025695745264781903,-0.002961816661144751
ms_garch,2,0.9,10.000000000000002,0,sigma_log,0.13378230428184212,0.006585812196725424
ms_garch,2,0.9,10.000000000000002,0,roll_sigma_21,-0.0013644521668245487,-0.0002064482640458405
ms_garch,2,0.9,10.000000000000002,0,roll_abs_r_21,-0.0018639837227425954,-0.0016609314470504533
ms_garch,2,0.9,10.000000000000002,0,roll_abs_r_matched,-0.0019004958069402556,-0.0025468709197826607
ms_garch,2,0.9,10.000000000000002,1,sigma_true,0.0700648810652583,-0.001164693870494121
ms_garch,2,0.9,10.000000000000002,1,sigma_log,0.12451137010826727,0.11502194966920598
ms_garch,2,0.9,10.000000000000002,1,roll_sigma_21,0.0026517121751543304,0.0002694737183391137
ms_garch,2,0.9,10.000000000000002,1,roll_abs_r_21,-0.0004923097131734502,0.00156655686368484
ms_garch,2,0.9,10.000000000000002,1,roll_abs_r_matched,0.006859967028042434,-0.0012560839585128508
ms_garch,2,0.9,10.000000000000002,2,sigma_true,0.025246106143781227,0.009056599900289168
ms_garch,2,0.9,10.000000000000002,2,sigma_log,0.07754281426375294,0.0655387628215381
ms_garch,2,0.9,10.000000000000002,2,roll_sigma_21,0.0004251599554816326,-0.0002918392122736196
ms_garch,2,0.9,10.000000000000002,2,roll_abs_r_21,0.001755385990737959,0.001755385990737959
ms_garch,2,0.9,10.000000000000002,2,roll_abs_r_matched,0.004924273985015522,0.004936495150460737
ms_garch,2,0.9,10.000000000000002,3,sigma_true,0.016761329164048534,0.0032431603892998633
ms_garch,2,0.9,10.000000000000002,3,sigma_log,0.11289849816865315,0.09342355062180024
ms_garch,2,0.9,10.000000000000002,3,roll_sigma_21,0.004626780615443131,0.0027187677801486084
ms_garch,2,0.9,10.000000000000002,3,roll_abs_r_21,0.0016220188416891839,-0.00030495933115190456
ms_garch,2,0.9,10.000000000000002,3,roll_abs_r_matched,0.0010517201887300489,-6.887967345024411e-05
ms_garch,2,0.9,10.000000000000002,4,sigma_true,-0.0001630885072360261,-0.0005720303469087105
ms_garch,2,0.9,10.000000000000002,4,sigma_log,0.0784397315876367,0.005129680396100153
ms_garch,2,0.9,10.000000000000002,4,roll_sigma_21,-0.00031120776550935185,-0.00048118105126976476
ms_garch,2,0.9,10.000000000000002,4,roll_abs_r_21,-0.0002197444018224571,-0.00048283371547628147
ms_garch,2,0.9,10.000000000000002,4,roll_abs_r_matched,-0.0001823599052189057,-0.0006074785408557354
ms_garch,2,0.9,10.000000000000002,5,sigma_true,0.01896899542396836,0.00769484708557432
ms_garch,2,0.9,10.000000000000002,5,sigma_log,0.07910869193803102,0.07621251544969196
ms_garch,2,0.9,10.000000000000002,5,roll_sigma_21,0.0033674565031951635,0.0009392845987600088
ms_garch,2,0.9,10.000000000000002,5,roll_abs_r_21,0.0008720393523317416,0.0019113437788757025
ms_garch,2,0.9,10.000000000000002,5,roll_abs_r_matched,0.002471655372838964,0.0021866892725966552
ms_garch,2,0.9,10.000000000000002,6,sigma_true,0.01913731437103493,0.005186076022020314
ms_garch,2,0.9,10.000000000000002,6,sigma_log,0.0839167985211374,0.07467124261187076
ms_garch,2,0.9,10.000000000000002,6,roll_sigma_21,0.0003661354874408537,0.000725337486331645
ms_garch,2,0.9,10.000000000000002,6,roll_abs_r_21,0.0002663167461562316,0.0006790530533684148
ms_garch,2,0.9,10.000000000000002,6,roll_abs_r_matched,0.0022607177334499767,0.0019683945286987662
ms_garch,2,0.9,10.000000000000002,7,sigma_true,0.013948287879125214,0.004700237609167196
ms_garch,2,0.9,10.000000000000002,7,sigma_log,0.07956590551094353,0.04442333463418612
ms_garch,2,0.9,10.000000000000002,7,roll_sigma_21,0.0011190002210596315,0.0005504770286330098
ms_garch,2,0.9,10.000000000000002,7,roll_abs_r_21,0.000292023963891997,-0.00012859946850327946
ms_garch,2,0.9,10.000000000000002,7,roll_abs_r_matched,0.006170558515000342,0.004411421911039854
ms_garch,2,0.9,10.000000000000002,8,sigma_true,0.024394519908735326,0.00416631250912284
ms_garch,2,0.9,10.000000000000002,8,sigma_log,0.08601816144564234,0.08578339410654094
ms_garch,2,0.9,10.000000000000002,8,roll_sigma_21,0.0029833326155298033,-9.152270160345076e-05
ms_garch,2,0.9,10.000000000000002,8,roll_abs_r_21,0.0029395523767030405,0.0008568048896176837
ms_garch,2,0.9,10.000000000000002,8,roll_abs_r_matched,0.005105017717363104,0.0015050392221458277
ms_garch,2,0.9,10.000000000000002,9,sigma_true,0.011105632347440516,0.005017795221788428
ms_garch,2,0.9,10.000000000000002,9,sigma_log,0.07664151167666568,0.005697812474138358
ms_garch,2,0.9,10.000000000000002,9,roll_sigma_21,0.004081746854520249,0.001193765073626194
ms_garch,2,0.9,10.000000000000002,9,roll_abs_r_21,0.0026083716512726417,0.0015347948305530635
ms_garch,2,0.9,10.000000000000002,9,roll_abs_r_matched,0.0030397608135947158,0.0019271915619361358
ms_garch,2,0.9,10.000000000000002,10,sigma_true,0.018632493421921803,-0.0007222707445622642
ms_garch,2,0.9,10.000000000000002,10,sigma_log,0.13198528148368674,0.11695098774731853
ms_garch,2,0.9,10.000000000000002,10,roll_sigma_21,0.0013863974344918788,0.00039261130097468925
ms_garch,2,0.9,10.000000000000002,10,roll_abs_r_21,-0.0006255595264547489,-2.3213512220279314e-05
ms_garch,2,0.9,10.000000000000002,10,roll_abs_r_matched,0.0018909017816640917,-0.0008638708848559453
ms_garch,2,0.9,10.000000000000002,11,sigma_true,0.00342206969938223,0.001380488294469889
ms_garch,2,0.9,10.000000000000002,11,sigma_log,0.06637845267388254,0.0030545099947158817
ms_garch,2,0.9,10.000000000000002,11,roll_sigma_21,0.0005200942806629871,0.00025614347531719876
ms_garch,2,0.9,10.000000000000002,11,roll_abs_r_21,-6.042741994504828e-05,0.00039215727117175255
ms_garch,2,0.9,10.000000000000002,11,roll_abs_r_matched,0.0019205261672983506,0.00144225008124081
ms_garch,2,0.9,10.000000000000002,12,sigma_true,0.00243695468797089,0.001553890204423543
ms_garch,2,0.9,10.000000000000002,12,sigma_log,0.062108394095070296,0.003703567641796799
ms_garch,2,0.9,10.000000000000002,12,roll_sigma_21,-0.0003003303688472309,-0.00033766269152361525
ms_garch,2,0.9,10.000000000000002,12,roll_abs_r_21,-0.0001111584409098253,-5.824008603398682e-05
ms_garch,2,0.9,10.000000000000002,12,roll_abs_r_matched,0.001001588642369161,0.0005891407791102033
ms_garch,2,0.9,10.000000000000002,13,sigma_true,0.017854174626802794,0.004030746977341544
ms_garch,2,0.9,10.000000000000002,13,sigma_log,0.09126352150092823,0.09102247619299389
ms_garch,2,0.9,10.000000000000002,13,roll_sigma_21,0.0030624964069645086,0.0012405909895666222
ms_garch,2,0.9,10.000000000000002,13,roll_abs_r_21,0.00566246741135693,0.0011277220230857278
ms_garch,2,0.9,10.000000000000002,13,roll_abs_r_matched,0.0030348565622519076,0.002109313176810087
ms_garch,2,0.9,10.000000000000002,14,sigma_true,0.06364460155109776,0.01569053422835788
ms_garch,2,0.9,10.000000000000002,14,sigma_log,0.13406096573442342,0.1333783940077447
ms_garch,2,0.9,10.000000000000002,14,roll_sigma_21,0.007385956252057141,0.0029214595489397144
ms_garch,2,0.9,10.000000000000002,14,roll_abs_r_21,0.0008973587809845712,8.628119459952037e-05
ms_garch,2,0.9,10.000000000000002,14,roll_abs_r_matched,0.005736471645714634,0.0031336697173484605
ms_garch,2,0.9,10.000000000000002,15,sigma_true,0.030244148659714726,0.004753571939389075
ms_garch,2,0.9,10.000000000000002,15,sigma_log,0.11487959992797228,0.10635895083602935
ms_garch,2,0.9,10.000000000000002,15,roll_sigma_21,0.004886100151391863,0.0006728304996047889
ms_garch,2,0.9,10.000000000000002,15,roll_abs_r_21,0.0007078499368021782,0.00032613406276822454
ms_garch,2,0.9,10.000000000000002,15,roll_abs_r_matched,0.005483471013827561,0.00288628107768119
ms_garch,2,0.9,10.000000000000002,16,sigma_true,0.025309012584621943,0.00990980483367666
ms_garch,2,0.9,10.000000000000002,16,sigma_log,0.12541206454433368,0.12623878972454047
ms_garch,2,0.9,10.000000000000002,16,roll_sigma_21,0.007691237521978962,0.0037215781253362597
ms_garch,2,0.9,10.000000000000002,16,roll_abs_r_21,0.0026095774583086936,0.0035277021904870035
ms_garch,2,0.9,10.000000000000002,16,roll_abs_r_matched,0.007623686621478834,0.007191697238415121
ms_garch,2,0.9,10.000000000000002,17,sigma_true,0.0393834639560094,0.019966810168126473
ms_garch,2,0.9,10.000000000000002,17,sigma_log,0.12796775797967172,0.11992152264236816
ms_garch,2,0.9,10.000000000000002,17,roll_sigma_21,0.006546502435587904,0.004450324468305493
ms_garch,2,0.9,10.000000000000002,17,roll_abs_r_21,0.008034697751599764,0.008172872986926023
ms_garch,2,0.9,10.000000000000002,17,roll_abs_r_matched,0.017765267300982414,0.018432583067217068
ms_garch,2,0.9,10.000000000000002,18,sigma_true,0.021149592626758185,0.002397746891313594
ms_garch,2,0.9,10.000000000000002,18,sigma_log,0.07732433983268373,0.08674840687391998
ms_garch,2,0.9,10.000000000000002,18,roll_sigma_21,0.0009638254565523046,-7.261108618295674e-05
ms_garch,2,0.9,10.000000000000002,18,roll_abs_r_21,1.8511236043200152e-06,-0.0001271531419003396
ms_garch,2,0.9,10.000000000000002,18,roll_abs_r_matched,0.0011948799425222489,0.0008753745978367941
ms_garch,2,0.9,10.000000000000002,19,sigma_true,-0.0008654033926362283,-0.001261619907583528
ms_garch,2,0.9,10.000000000000002,19,sigma_log,0.03663446980452674,-0.00024827079792403076
ms_garch,2,0.9,10.000000000000002,19,roll_sigma_21,-0.0008005049691658721,-0.0010907409017583863
ms_garch,2,0.9,10.000000000000002,19,roll_abs_r_21,-0.0006777583539954207,-0.0006721977900806054
ms_garch,2,0.9,10.000000000000002,19,roll_abs_r_matched,0.0003491462891464323,0.00014444506493968196
ms_garch,2,0.95,19.999999999999982,0,sigma_true,0.0025114834344444736,-0.0014280134135720701
ms_garch,2,0.95,19.999999999999982,0,sigma_log,0.18296590356111528,0.15226442170231771
ms_garch,2,0.95,19.999999999999982,0,roll_sigma_21,0.000469048356772864,0.010196289580207785
ms_garch,2,0.95,19.999999999999982,0,roll_abs_r_21,0.00210135080840166,0.004247586906247076
ms_garch,2,0.95,19.999999999999982,0,roll_abs_r_matched,0.0009684195379430537,0.004716993251759073
ms_garch,2,0.95,19.999999999999982,1,sigma_true,0.03417797060318842,0.008601676075350813
ms_garch,2,0.95,19.999999999999982,1,sigma_log,0.18289701549133325,0.12020882808576704
ms_garch,2,0.95,19.999999999999982,1,roll_sigma_21,0.003982277532151716,0.0018967545672075694
ms_garch,2,0.95,19.999999999999982,1,roll_abs_r_21,0.0050928001197801135,0.002702035508573537
ms_garch,2,0.95,19.999999999999982,1,roll_abs_r_matched,0.005281695250964459,0.003208165037202109
ms_garch,2,0.95,19.999999999999982,2,sigma_true,-0.0013859517445019285,-0.00025437516028365277
ms_garch,2,0.95,19.999999999999982,2,sigma_log,0.25378550379705916,0.21031271175416025
ms_garch,2,0.95,19.999999999999982,2,roll_sigma_21,0.001721067472701286,0.0020188368879924122
ms_garch,2,0.95,19.999999999999982,2,roll_abs_r_21,2.6028826306407818e-05,0.0015553026660628856
ms_garch,2,0.95,19.999999999999982,2,roll_abs_r_matched,0.00041387308097594984,0.001535388362677125
ms_garch,2,0.95,19.999999999999982,3,sigma_true,-0.0023175466565079133,-0.0034050638378484853
ms_garch,2,0.95,19.999999999999982,3,sigma_log,0.27142580601067334,0.07496234782498337
ms_garch,2,0.95,19.999999999999982,3,roll_sigma_21,-0.002165891940458654,-0.0029737761769784267
ms_garch,2,0.95,19.999999999999982,3,roll_abs_r_21,-0.0018472077956445585,-0.0033716535394494518
ms_garch,2,0.95,19.999999999999982,3,roll_abs_r_matched,-0.001805930821618998,-0.0025895612408766877
ms_garch,2,0.95,19.999999999999982,4,sigma_true,0.022661737692997636,0.007963908386872543
ms_garch,2,0.95,19.999999999999982,4,sigma_log,0.166296524469099,0.15286470267152025
ms_garch,2,0.95,19.999999999999982,4,roll_sigma_21,0.007333803684976013,0.0026674642575255695
ms_garch,2,0.95,19.999999999999982,4,roll_abs_r_21,0.0026275201341438266,0.0026270920215604697
ms_garch,2,0.95,19.999999999999982,4,roll_abs_r_matched,0.0027564815590460827,0.0028436846570641496
ms_garch,2,0.95,19.999999999999982,5,sigma_true,0.019933815413734988,0.004139594418303482
ms_garch,2,0.95,19.999999999999982,5,sigma_log,0.2177413811705707,0.1836892455364607
ms_garch,2,0.95,19.999999999999982,5,roll_sigma_21,0.0016977023832870112,8.349997079258495e-05
ms_garch,2,0.95,19.999999999999982,5,roll_abs_r_21,0.0002062833803207531,3.304759535389128e-05
ms_garch,2,0.95,19.999999999999982,5,roll_abs_r_matched,0.00029724513790678215,0.00025386454016560996
ms_garch,2,0.95,19.999999999999982,6,sigma_true,0.026289954555050787,-0.0015583143096621914
ms_garch,2,0.95,19.999999999999982,6,sigma_log,0.16312984705337724,0.15053943462806454
ms_garch,2,0.95,19.999999999999982,6,roll_sigma_21,0.012164971459561674,0.00013201689206817372
ms_garch,2,0.95,19.999999999999982,6,roll_abs_r_21,-0.000558188117963095,0.0004471680984960363
ms_garch,2,0.95,19.999999999999982,6,roll_abs_r_matched,-0.0006028159540826129,0.00020391546990446494
ms_garch,2,0.95,19.999999999999982,7,sigma_true,0.1231487118270627,0.06586602192609878
ms_garch,2,0.95,19.999999999999982,7,sigma_log,0.20087564801133456,0.16168132744733404
ms_garch,2,0.95,19.999999999999982,7,roll_sigma_21,0.027890949504942614,0.028694921291113073
ms_garch,2,0.95,19.999999999999982,7,roll_abs_r_21,0.011940648883272321,0.011193690722536377
ms_garch,2,0.95,19.999999999999982,7,roll_abs_r_matched,0.012204254155548735,0.010852060668899868
ms_garch,2,0.95,19.999999999999982,8,sigma_true,0.0003645925423807584,0.00019249394306407642
ms_garch,2,0.95,19.999999999999982,8,sigma_log,0.20953743182769852,0.0
ms_garch,2,0.95,19.999999999999982,8,roll_sigma_21,-0.0009041413937696054,-0.0008800815457668354
ms_garch,2,0.95,19.999999999999982,8,roll_abs_r_21,-0.0006645826570647978,-0.0003455469971022238
ms_garch,2,0.95,19.999999999999982,8,roll_abs_r_matched,-0.0005572969884445485,-0.0001008401081259083
ms_garch,2,0.95,19.999999999999982,9,sigma_true,0.0030725098782518863,0.0023645669374115098
ms_garch,2,0.95,19.999999999999982,9,sigma_log,0.2206903760184218,0.11098465600310897
ms_garch,2,0.95,19.999999999999982,9,roll_sigma_21,0.0012083208645258124,0.0009386658084813156
ms_garch,2,0.95,19.999999999999982,9,roll_abs_r_21,0.0021325879058715727,0.0021325879058715727
ms_garch,2,0.95,19.999999999999982,9,roll_abs_r_matched,0.0022695603163096377,0.002222941888235057
ms_garch,2,0.95,19.999999999999982,10,sigma_true,0.003736524673710799,-0.003323727755485279
ms_garch,2,0.95,19.999999999999982,10,sigma_log,0.1037636109773791,0.10350389300400956
ms_garch,2,0.95,19.999999999999982,10,roll_sigma_21,-0.0014000894222195258,8.60005563288442e-05
ms_garch,2,0.95,19.999999999999982,10,roll_abs_r_21,-0.0017723134319508902,-0.0009656334641255753
ms_garch,2,0.95,19.999999999999982,10,roll_abs_r_matched,-0.0020820446204356546,-0.001618447879115645
ms_garch,2,0.95,19.999999999999982,11,sigma_true,0.011194683016225955,-0.003165238958898238
ms_garch,2,0.95,19.999999999999982,11,sigma_log,0.2346742239553975,0.19405211958310156
ms_garch,2,0.95,19.999999999999982,11,roll_sigma_21,0.004586193797087296,-0.003876917423380453
ms_garch,2,0.95,19.999999999999982,11,roll_abs_r_21,-0.0016998684836072827,-0.0031808608345071437
ms_garch,2,0.95,19.999999999999982,11,roll_abs_r_matched,-0.0014015285736004612,-0.0031052743922507465
ms_garch,2,0.95,19.999999999999982,12,sigma_true,0.08231507283880894,0.02179152214435061
ms_garch,2,0.95,19.999999999999982,12,sigma_log,0.16079553335674546,0.17224118885346026
ms_garch,2,0.95,19.999999999999982,12,roll_sigma_21,0.02219093896998735,0.015754527276119094
ms_garch,2,0.95,19.999999999999982,12,roll_abs_r_21,0.003095278028489763,0.003907802698371319
ms_garch,2,0.95,19.999999999999982,12,roll_abs_r_matched,0.0020140687085703707,0.00336466015393939
ms_garch,2,0.95,19.999999999999982,13,sigma_true,-0.0001455243872265585,-0.00010984152571457941
ms_garch,2,0.95,19.999999999999982,13,sigma_log,0.14820865182170354,0.02145012596032728
ms_garch,2,0.95,19.999999999999982,13,roll_sigma_21,-0.00025505281270113975,0.00029701117742077156
ms_garch,2,0.95,19.999999999999982,13,roll_abs_r_21,-0.00021426931661280355,0.000642959751898049
ms_garch,2,0.95,19.999999999999982,13,roll_abs_r_matched,-0.00021174541948181365,0.0002840480736695748
ms_garch,2,0.95,19.999999999999982,14,sigma_true,0.10787236621367298,0.015870004966731237
ms_garch,2,0.95,19.999999999999982,14,sigma_log,0.22110457095753316,0.19159555564984782
ms_garch,2,0.95,19.999999999999982,14,roll_sigma_21,0.025902887237043624,0.014951100046249109
ms_garch,2,0.95,19.999999999999982,14,roll_abs_r_21,0.005450240932892407,0.005452212572312084
ms_garch,2,0.95,19.999999999999982,14,roll_abs_r_matched,0.0053720958225245505,0.0050202977066017155
ms_garch,2,0.95,19.999999999999982,15,sigma_true,0.08338159099783556,0.03142934374658279
ms_garch,2,0.95,19.999999999999982,15,sigma_log,0.21920763329176296,0.17539135623164157
ms_garch,2,0.95,19.999999999999982,15,roll_sigma_21,0.010351755067157945,0.005290329056177453
ms_garch,2,0.95,19.999999999999982,15,roll_abs_r_21,0.004917939813903353,0.005375768066202757
ms_garch,2,0.95,19.999999999999982,15,roll_abs_r_matched,0.006585806187686647,0.00654718015519549
ms_garch,2,0.95,19.999999999999982,16,sigma_true,0.0278211468725244,0.001402109082425833
ms_garch,2,0.95,19.999999999999982,16,sigma_log,0.22446661704680396,0.15933562600152978
ms_garch,2,0.95,19.999999999999982,16,roll_sigma_21,0.0015216399100449504,-0.000609076018830391
ms_garch,2,0.95,19.999999999999982,16,roll_abs_r_21,-0.00020169889584130017,-0.0005976466675015366
ms_garch,2,0.95,19.999999999999982,16,roll_abs_r_matched,-0.0001897667802362818,-0.0006052231698662086
ms_garch,2,0.95,19.999999999999982,17,sigma_true,0.09703721652979029,0.04150648877540853
ms_garch,2,0.95,19.999999999999982,17,sigma_log,0.17942877760767237,0.13739584769326638
ms_garch,2,0.95,19.999999999999982,17,roll_sigma_21,0.022011800649100955,0.015845590290451274
ms_garch,2,0.95,19.999999999999982,17,roll_abs_r_21,0.005836401834684002,0.003258273187433076
ms_garch,2,0.95,19.999999999999982,17,roll_abs_r_matched,0.0059895530158678295,0.004586409718035948
ms_garch,2,0.95,19.999999999999982,18,sigma_true,0.020259596364935583,0.004495983041453592
ms_garch,2,0.95,19.999999999999982,18,sigma_log,0.19449387607416022,0.20017217578625135
ms_garch,2,0.95,19.999999999999982,18,roll_sigma_21,0.00943265234519902,0.001411029123628719
ms_garch,2,0.95,19.999999999999982,18,roll_abs_r_21,0.004167890753134307,0.0025712233869139693
ms_garch,2,0.95,19.999999999999982,18,roll_abs_r_matched,0.004439540204192496,0.0025301839749544163
ms_garch,2,0.95,19.999999999999982,19,sigma_true,0.04403593203481056,0.004225760443319105
ms_garch,2,0.95,19.999999999999982,19,sigma_log,0.24741513691148725,0.18733319206666593
ms_garch,2,0.95,19.999999999999982,19,roll_sigma_21,0.028359357742707255,0.002937596202706273
ms_garch,2,0.95,19.999999999999982,19,roll_abs_r_21,0.009360992495968152,0.0022162594331626225
ms_garch,2,0.95,19.999999999999982,19,roll_abs_r_matched,0.009176184666126911,0.0018877131699144836
ms_garch,2,0.99,99.99999999999991,0,sigma_true,0.5210141863019965,0.30906779096843745
ms_garch,2,0.99,99.99999999999991,0,sigma_log,0.5323366486200065,0.4092036479546463
ms_garch,2,0.99,99.99999999999991,0,roll_sigma_21,0.3895704846534939,0.24198745625483584
ms_garch,2,0.99,99.99999999999991,0,roll_abs_r_21,0.01792716204507104,-0.01350240882956446
ms_garch,2,0.99,99.99999999999991,0,roll_abs_r_matched,0.02415618359796461,0.006329406711854894
ms_garch,2,0.99,99.99999999999991,1,sigma_true,0.608709679203659,0.3605970151578435
ms_garch,2,0.99,99.99999999999991,1,sigma_log,0.5594179628459556,0.3867179380944472
ms_garch,2,0.99,99.99999999999991,1,roll_sigma_21,0.4049336785004027,0.2726520236817001
ms_garch,2,0.99,99.99999999999991,1,roll_abs_r_21,0.21276667294262333,0.13784551556416214
ms_garch,2,0.99,99.99999999999991,1,roll_abs_r_matched,0.08799393343231214,0.08934294565787071
ms_garch,2,0.99,99.99999999999991,2,sigma_true,0.6841933873949554,0.44650639705134715
ms_garch,2,0.99,99.99999999999991,2,sigma_log,0.6246332652394156,0.5315655422652609
ms_garch,2,0.99,99.99999999999991,2,roll_sigma_21,0.4737832685736383,0.3356552963689419
ms_garch,2,0.99,99.99999999999991,2,roll_abs_r_21,0.16251892991722164,0.13793599282779143
ms_garch,2,0.99,99.99999999999991,2,roll_abs_r_matched,0.06963199421096505,0.022765777138456966
ms_garch,2,0.99,99.99999999999991,3,sigma_true,0.6096751081080758,0.358082807731478
ms_garch,2,0.99,99.99999999999991,3,sigma_log,0.5738601485869249,0.40907338029686424
ms_garch,2,0.99,99.99999999999991,3,roll_sigma_21,0.4395827499946835,0.27331867561985485
ms_garch,2,0.99,99.99999999999991,3,roll_abs_r_21,0.24596922625757445,0.28077095712113975
ms_garch,2,0.99,99.99999999999991,3,roll_abs_r_matched,0.16613894603830873,0.16728875240097482
ms_garch,2,0.99,99.99999999999991,4,sigma_true,0.008923360800445848,0.010704247671423035
ms_garch,2,0.99,99.99999999999991,4,sigma_log,0.5223297229572754,0.28375789399137197
ms_garch,2,0.99,99.99999999999991,4,roll_sigma_21,0.008734233489788,0.009234533108327586
ms_garch,2,0.99,99.99999999999991,4,roll_abs_r_21,0.008247478991147425,0.01027564818225749
ms_garch,2,0.99,99.99999999999991,4,roll_abs_r_matched,0.008453983703828681,0.009577100911488655
ms_garch,2,0.99,99.99999999999991,5,sigma_true,0.5799397714825889,0.27217278425293917
ms_garch,2,0.99,99.99999999999991,5,sigma_log,0.5039665861659421,0.4171307553473403
ms_garch,2,0.99,99.99999999999991,5,roll_sigma_21,0.4043585428249056,0.27138113861006885
ms_garch,2,0.99,99.99999999999991,5,roll_abs_r_21,0.08644085072853187,0.05537918028089416
ms_garch,2,0.99,99.99999999999991,5,roll_abs_r_matched,0.08956138870238348,0.0742125112494178
ms_garch,2,0.99,99.99999999999991,6,sigma_true,0.533885462012622,0.38362987158398176
ms_garch,2,0.99,99.99999999999991,6,sigma_log,0.5920695608215136,0.47687302080515276
ms_garch,2,0.99,99.99999999999991,6,roll_sigma_21,0.4231299328472148,0.2993583923052647
ms_garch,2,0.99,99.99999999999991,6,roll_abs_r_21,0.07266900338867122,0.052402484673693364
ms_garch,2,0.99,99.99999999999991,6,roll_abs_r_matched,0.03803777844001194,0.023924562669353937
ms_garch,2,0.99,99.99999999999991,7,sigma_true,0.6750980489993939,0.45019104957894335
ms_garch,2,0.99,99.99999999999991,7,sigma_log,0.6227131568192404,0.4909452820328529
ms_garch,2,0.99,99.99999999999991,7,roll_sigma_21,0.49257227715944607,0.3356627607575653
ms_garch,2,0.99,99.99999999999991,7,roll_abs_r_21,0.31547078315355453,0.3436729721788695
ms_garch,2,0.99,99.99999999999991,7,roll_abs_r_matched,0.07586931776262802,0.08695014856924911
ms_garch,2,0.99,99.99999999999991,8,sigma_true,7.386531307325479e-05,0.0002698329912150112
ms_garch,2,0.99,99.99999999999991,8,sigma_log,0.5469197828277217,0.31169416052232957
ms_garch,2,0.99,99.99999999999991,8,roll_sigma_21,-3.043370222641089e-05,9.475915085748673e-05
ms_garch,2,0.99,99.99999999999991,8,roll_abs_r_21,-7.392908870738168e-06,0.0007318301504843819
ms_garch,2,0.99,99.99999999999991,8,roll_abs_r_matched,-2.5267426532089193e-05,2.7839741025992096e-05
ms_garch,2,0.99,99.99999999999991,9,sigma_true,0.6032795322834128,0.34407367754244295
ms_garch,2,0.99,99.99999999999991,9,sigma_log,0.5723543417423756,0.42822806390184
ms_garch,2,0.99,99.99999999999991,9,roll_sigma_21,0.45351393759421726,0.28423396249923033
ms_garch,2,0.99,99.99999999999991,9,roll_abs_r_21,0.09618330819569126,0.026000293477531813
ms_garch,2,0.99,99.99999999999991,9,roll_abs_r_matched,0.07221778795018535,0.0722794384102052
ms_garch,2,0.99,99.99999999999991,10,sigma_true,0.617714101459991,0.39515206934589886
ms_garch,2,0.99,99.99999999999991,10,sigma_log,0.6114260490552915,0.4638519808447886
ms_garch,2,0.99,99.99999999999991,10,roll_sigma_21,0.4628270218217467,0.32830457279820346
ms_garch,2,0.99,99.99999999999991,10,roll_abs_r_21,0.009059881839634576,-0.0008526067605413211
ms_garch,2,0.99,99.99999999999991,10,roll_abs_r_matched,0.03875962391557697,0.0013690265786677708
ms_garch,2,0.99,99.99999999999991,11,sigma_true,0.6100713679969473,0.35371631922129904
ms_garch,2,0.99,99.99999999999991,11,sigma_log,0.5313153595991922,0.3722115749133657
ms_garch,2,0.99,99.99999999999991,11,roll_sigma_21,0.48084321875107333,0.26793028525673396
ms_garch,2,0.99,99.99999999999991,11,roll_abs_r_21,0.32363358786848606,0.34473754031432846
ms_garch,2,0.99,99.99999999999991,11,roll_abs_r_matched,0.2192457591762522,0.15696551333087144
ms_garch,2,0.99,99.99999999999991,12,sigma_true,0.5950582875932698,0.31088184084995013
ms_garch,2,0.99,99.99999999999991,12,sigma_log,0.5332852450668113,0.41603014446652387
ms_garch,2,0.99,99.99999999999991,12,roll_sigma_21,0.37855300956190585,0.2756353875030997
ms_garch,2,0.99,99.99999999999991,12,roll_abs_r_21,0.00925008274923497,-0.0088151744206735
ms_garch,2,0.99,99.99999999999991,12,roll_abs_r_matched,0.01347007460408307,0.007389204212082262
ms_garch,2,0.99,99.99999999999991,13,sigma_true,0.6259212241215599,0.38510751094563966
ms_garch,2,0.99,99.99999999999991,13,sigma_log,0.5738588272251806,0.46439451610925137
ms_garch,2,0.99,99.99999999999991,13,roll_sigma_21,0.4333718921577601,0.32421749640187625
ms_garch,2,0.99,99.99999999999991,13,roll_abs_r_21,0.21338861104989632,0.2549486347243607
ms_garch,2,0.99,99.99999999999991,13,roll_abs_r_matched,0.0879042407262891,0.11378500377204791
ms_garch,2,0.99,99.99999999999991,14,sigma_true,0.6265558524766812,0.41869417836210754
ms_garch,2,0.99,99.99999999999991,14,sigma_log,0.5989895314226382,0.5223217340487236
ms_garch,2,0.99,99.99999999999991,14,roll_sigma_21,0.4265556529235192,0.33576512673310105
ms_garch,2,0.99,99.99999999999991,14,roll_abs_r_21,0.2259499072029436,0.2198956718090994
ms_garch,2,0.99,99.99999999999991,14,roll_abs_r_matched,0.12913817568227748,0.06462532646581579
ms_garch,2,0.99,99.99999999999991,15,sigma_true,0.5540423126459654,0.43458078423969354
ms_garch,2,0.99,99.99999999999991,15,sigma_log,0.6416658682467127,0.4994172311435385
ms_garch,2,0.99,99.99999999999991,15,roll_sigma_21,0.4579213056548725,0.3521825011248266
ms_garch,2,0.99,99.99999999999991,15,roll_abs_r_21,0.0605398957550233,-0.004485403065515661
ms_garch,2,0.99,99.99999999999991,15,roll_abs_r_matched,0.10453698860784669,-0.002222416118372396
ms_garch,2,0.99,99.99999999999991,16,sigma_true,0.6390990960793872,0.38616065563804
ms_garch,2,0.99,99.99999999999991,16,sigma_log,0.5811721656151682,0.47417203400369745
ms_garch,2,0.99,99.99999999999991,16,roll_sigma_21,0.5123132327535465,0.35159851231181344
ms_garch,2,0.99,99.99999999999991,16,roll_abs_r_21,0.3164281593930669,0.36016730074083375
ms_garch,2,0.99,99.99999999999991,16,roll_abs_r_matched,0.18296177304853026,0.19807939680614423
ms_garch,2,0.99,99.99999999999991,17,sigma_true,0.6314004494317491,0.3931995477468671
ms_garch,2,0.99,99.99999999999991,17,sigma_log,0.5952781469137481,0.48642844088915344
ms_garch,2,0.99,99.99999999999991,17,roll_sigma_21,0.497455313404026,0.3099085347096532
ms_garch,2,0.99,99.99999999999991,17,roll_abs_r_21,0.2437350387239382,0.2689807406427029
ms_garch,2,0.99,99.99999999999991,17,roll_abs_r_matched,0.1582258779020061,0.08538169650703102
ms_garch,2,0.99,99.99999999999991,18,sigma_true,0.5942892535570655,0.34899707482568043
ms_garch,2,0.99,99.99999999999991,18,sigma_log,0.5287245598070817,0.41020477204882216
ms_garch,2,0.99,99.99999999999991,18,roll_sigma_21,0.43582855601464804,0.2813818646718408
ms_garch,2,0.99,99.99999999999991,18,roll_abs_r_21,0.24135782139157874,0.2714598329816058
ms_garch,2,0.99,99.99999999999991,18,roll_abs_r_matched,0.10587876216649857,0.06505753957784342
ms_garch,2,0.99,99.99999999999991,19,sigma_true,0.7414174101297968,0.5038766276116807
ms_garch,2,0.99,99.99999999999991,19,sigma_log,0.6802031284613754,0.6547269789375901
ms_garch,2,0.99,99.99999999999991,19,roll_sigma_21,0.5608434847095928,0.48374397617196135
ms_garch,2,0.99,99.99999999999991,19,roll_abs_r_21,0.4596659874033786,0.3867643805563092
ms_garch,2,0.99,99.99999999999991,19,roll_abs_r_matched,0.22935162314388705,0.20730823003530505
ms_garch,3,0.9,10.000000000000002,0,sigma_true,0.07599076193218875,0.07855871617254995
ms_garch,3,0.9,10.000000000000002,0,sigma_log,0.05458329196855601,0.03650532827482869
ms_garch,3,0.9,10.000000000000002,0,roll_sigma_21,0.010026087993084002,0.00839764015760797
ms_garch,3,0.9,10.000000000000002,0,roll_abs_r_21,0.0016940580279001028,0.0015955208444808186
ms_garch,3,0.9,10.000000000000002,0,roll_abs_r_matched,0.003793213244395904,0.007005685170918547
ms_garch,3,0.9,10.000000000000002,1,sigma_true,0.0997442588831684,0.10245642159983061
ms_garch,3,0.9,10.000000000000002,1,sigma_log,0.09029747547777804,0.09275045792752097
ms_garch,3,0.9,10.000000000000002,1,roll_sigma_21,0.0068383849981208614,0.008375241758587332
ms_garch,3,0.9,10.000000000000002,1,roll_abs_r_21,0.00375171173440532,0.0029239211112401992
ms_garch,3,0.9,10.000000000000002,1,roll_abs_r_matched,0.011030918796954479,0.01060781832830058
ms_garch,3,0.9,10.000000000000002,2,sigma_true,0.09459135447346925,0.0962959500536505
ms_garch,3,0.9,10.000000000000002,2,sigma_log,0.10219771440068408,0.10451486435143548
ms_garch,3,0.9,10.000000000000002,2,roll_sigma_21,0.0179688637210064,0.01743862817301341
ms_garch,3,0.9,10.000000000000002,2,roll_abs_r_21,0.01270762749716953,0.012432481755795742
ms_garch,3,0.9,10.000000000000002,2,roll_abs_r_matched,0.026315224036153294,0.025484612981398383
ms_garch,3,0.9,10.000000000000002,3,sigma_true,0.08309081904823194,0.08648003808065152
ms_garch,3,0.9,10.000000000000002,3,sigma_log,0.06339656413023483,0.06676186890366792
ms_garch,3,0.9,10.000000000000002,3,roll_sigma_21,0.0038956184812079706,0.006338325802835252
ms_garch,3,0.9,10.000000000000002,3,roll_abs_r_21,0.0030047323266320907,0.0034481743203999063
ms_garch,3,0.9,10.000000000000002,3,roll_abs_r_matched,0.002669877392201134,0.0027448833588949845
ms_garch,3,0.9,10.000000000000002,4,sigma_true,0.08897566859869092,0.0915347608539774
ms_garch,3,0.9,10.000000000000002,4,sigma_log,0.059411333041484084,0.06840897555342247
ms_garch,3,0.9,10.000000000000002,4,roll_sigma_21,0.006227475769816604,0.006283471480020142
ms_garch,3,0.9,10.000000000000002,4,roll_abs_r_21,0.0046954754806088775,0.0048162123415015565
ms_garch,3,0.9,10.000000000000002,4,roll_abs_r_matched,0.013421575301696208,0.013631876043148881
ms_garch,3,0.9,10.000000000000002,5,sigma_true,0.07596340018787072,0.08078694971835977
ms_garch,3,0.9,10.000000000000002,5,sigma_log,0.0669710713149396,0.07454162980728153
ms_garch,3,0.9,10.000000000000002,5,roll_sigma_21,0.0025771478696045595,0.0023692057491740844
ms_garch,3,0.9,10.000000000000002,5,roll_abs_r_21,0.002933239861226462,0.002623257551768835
ms_garch,3,0.9,10.000000000000002,5,roll_abs_r_matched,0.006896660888938557,0.006347720299395004
ms_garch,3,0.9,10.000000000000002,6,sigma_true,0.0980633225951284,0.091618879772522
ms_garch,3,0.9,10.000000000000002,6,sigma_log,0.0697535477514147,0.06743293224952712
ms_garch,3,0.9,10.000000000000002,6,roll_sigma_21,0.01854721812273639,0.01694649265043649
ms_garch,3,0.9,10.000000000000002,6,roll_abs_r_21,0.014370276303020818,0.013470586292801633
ms_garch,3,0.9,10.000000000000002,6,roll_abs_r_matched,0.018040168547750177,0.018999340205311816
ms_garch,3,0.9,10.000000000000002,7,sigma_true,0.09438030326959024,0.09709549700541716
ms_garch,3,0.9,10.000000000000002,7,sigma_log,0.06267364231002098,0.06147027206135101
ms_garch,3,0.9,10.000000000000002,7,roll_sigma_21,0.007813264143532474,0.008915503719652109
ms_garch,3,0.9,10.000000000000002,7,roll_abs_r_21,0.010581147430879663,0.010997569994544005
ms_garch,3,0.9,10.000000000000002,7,roll_abs_r_matched,0.018193205064004122,0.01862686275982991
ms_garch,3,0.9,10.000000000000002,8,sigma_true,0.11483219789520768,0.11859207523588267
ms_garch,3,0.9,10.000000000000002,8,sigma_log,0.08590790716244723,0.07087424614843427
ms_garch,3,0.9,10.000000000000002,8,roll_sigma_21,0.016878369944365167,0.017116872057106942
ms_garch,3,0.9,10.000000000000002,8,roll_abs_r_21,0.009834962784046856,0.010067746704417783
ms_garch,3,0.9,10.000000000000002,8,roll_abs_r_matched,0.025327971614053323,0.024574108128532286
ms_garch,3,0.9,10.000000000000002,9,sigma_true,0.12219616722203533,0.12412827532708462
ms_garch,3,0.9,10.000000000000002,9,sigma_log,0.11149400243833546,0.12318028668231189
ms_garch,3,0.9,10.000000000000002,9,roll_sigma_21,0.013481416677490528,0.013880761492181863
ms_garch,3,0.9,10.000000000000002,9,roll_abs_r_21,0.01137921527619809,0.010788776252371436
ms_garch,3,0.9,10.000000000000002,9,roll_abs_r_matched,0.0207143938740981,0.019846502287974
ms_garch,3,0.9,10.000000000000002,10,sigma_true,0.10378978096543823,0.1067168071145625
ms_garch,3,0.9,10.000000000000002,10,sigma_log,0.07348249244478237,0.05352879901053932
ms_garch,3,0.9,10.000000000000002,10,roll_sigma_21,0.01835217467248333,0.017691492196150307
ms_garch,3,0.9,10.000000000000002,10,roll_abs_r_21,0.013147759201724563,0.013249334484778946
ms_garch,3,0.9,10.000000000000002,10,roll_abs_r_matched,0.014743597236332737,0.014448573951780263
ms_garch,3,0.9,10.000000000000002,11,sigma_true,0.09930448570747435,0.09992976723667456
ms_garch,3,0.9,10.000000000000002,11,sigma_log,0.0768268320132933,0.09034815977198066
ms_garch,3,0.9,10.000000000000002,11,roll_sigma_21,0.010231337542749375,0.008757319225628904
ms_garch,3,0.9,10.000000000000002,11,roll_abs_r_21,0.009520282279003927,0.008478042667775935
ms_garch,3,0.9,10.000000000000002,11,roll_abs_r_matched,0.010205194979005242,0.009672974420809003
ms_garch,3,0.9,10.000000000000002,12,sigma_true,0.10594680784498649,0.10372434582019731
ms_garch,3,0.9,10.000000000000002,12,sigma_log,0.07759001368685171,0.06934439629028795
ms_garch,3,0.9,10.000000000000002,12,roll_sigma_21,0.006251854352900591,0.0060677742678174945
ms_garch,3,0.9,10.000000000000002,12,roll_abs_r_21,0.004758576274950767,0.0045753525451487035
ms_garch,3,0.9,10.000000000000002,12,roll_abs_r_matched,0.010221301387051986,0.005884445228487662
ms_garch,3,0.9,10.000000000000002,13,sigma_true,0.10190127707665161,0.10767309712976865
ms_garch,3,0.9,10.000000000000002,13,sigma_log,0.08839466537139123,0.08420413309851472
ms_garch,3,0.9,10.000000000000002,13,roll_sigma_21,0.016010635046623926,0.01689580559042881
ms_garch,3,0.9,10.000000000000002,13,roll_abs_r_21,0.012886342960127086,0.013102694450064727
ms_garch,3,0.9,10.000000000000002,13,roll_abs_r_matched,0.0163142377566824,0.017326922396606312
ms_garch,3,0.9,10.000000000000002,14,sigma_true,0.10969159638926596,0.10976878532847462
ms_garch,3,0.9,10.000000000000002,14,sigma_log,0.08256953678371856,0.0686364716814799
ms_garch,3,0.9,10.000000000000002,14,roll_sigma_21,0.018909894918378474,0.01832624162188004
ms_garch,3,0.9,10.000000000000002,14,roll_abs_r_21,0.012135027771473761,0.01171429606567935
ms_garch,3,0.9,10.000000000000002,14,roll_abs_r_matched,0.016014362595160963,0.015214705971120982
ms_garch,3,0.9,10.000000000000002,15,sigma_true,0.08841280492977112,0.08311846108974298
ms_garch,3,0.9,10.000000000000002,15,sigma_log,0.07923931673374468,0.0724935865251992
ms_garch,3,0.9,10.000000000000002,15,roll_sigma_21,0.01619680243747944,0.014751797630714965
ms_garch,3,0.9,10.000000000000002,15,roll_abs_r_21,0.013009899028060818,0.009735101605141277
ms_garch,3,0.9,10.000000000000002,15,roll_abs_r_matched,0.02247757753476167,0.020774194920711357
ms_garch,3,0.9,10.000000000000002,16,sigma_true,0.1036102167212586,0.10484699177683024
ms_garch,3,0.9,10.000000000000002,16,sigma_log,0.06567358942530566,0.045695908794671614
ms_garch,3,0.9,10.000000000000002,16,roll_sigma_21,0.015070396520423973,0.0163007420637854
ms_garch,3,0.9,10.000000000000002,16,roll_abs_r_21,0.003097401385844324,0.004576109722773799
ms_garch,3,0.9,10.000000000000002,16,roll_abs_r_matched,0.008777139304556225,0.006975044118132943
ms_garch,3,0.9,10.000000000000002,17,sigma_true,6.503970120674372e-05,4.1470451819286894e-05
ms_garch,3,0.9,10.000000000000002,17,sigma_log,0.0931570184773608,0.0811108021214036
ms_garch,3,0.9,10.000000000000002,17,roll_sigma_21,-6.984693654107993e-05,-7.409083803075258e-05
ms_garch,3,0.9,10.000000000000002,17,roll_abs_r_21,0.00011823794921798407,-0.00011492399094645686
ms_garch,3,0.9,10.000000000000002,17,roll_abs_r_matched,0.0001691728310854821,0.0006824150019665273
ms_garch,3,0.9,10.000000000000002,18,sigma_true,0.02651511188819689,0.004582919900998843
ms_garch,3,0.9,10.000000000000002,18,sigma_log,0.10138202874588467,0.08667712950466316
ms_garch,3,0.9,10.000000000000002,18,roll_sigma_21,0.0014490776459100301,-0.0006708020316650019
ms_garch,3,0.9,10.000000000000002,18,roll_abs_r_21,0.0010946775720888854,-0.0002109632669039791
ms_garch,3,0.9,10.000000000000002,18,roll_abs_r_matched,0.001918939310852272,0.0008564020082687314
ms_garch,3,0.9,10.000000000000002,19,sigma_true,0.10502812949848066,0.10402676084300135
ms_garch,3,0.9,10.000000000000002,19,sigma_log,0.07181101895863773,0.08778757642011063
ms_garch,3,0.9,10.000000000000002,19,roll_sigma_21,0.020468972780612694,0.01945329301889907
ms_garch,3,0.9,10.000000000000002,19,roll_abs_r_21,0.00992037815887247,0.009678887026192452
ms_garch,3,0.9,10.000000000000002,19,roll_abs_r_matched,0.013743472867068571,0.012210485497549103
ms_garch,3,0.95,19.999999999999982,0,sigma_true,0.15843190334284482,0.16298674827580228
ms_garch,3,0.95,19.999999999999982,0,sigma_log,0.16293897762850473,0.15692499025873763
ms_garch,3,0.95,19.999999999999982,0,roll_sigma_21,0.049109503713790977,0.05573343663091878
ms_garch,3,0.95,19.999999999999982,0,roll_abs_r_21,0.02616412523618865,0.029303583381683457
ms_garch,3,0.95,19.999999999999982,0,roll_abs_r_matched,0.026687435225705654,0.030027663371997065
ms_garch,3,0.95,19.999999999999982,1,sigma_true,0.17803130530564454,0.17782374650529129
ms_garch,3,0.95,19.999999999999982,1,sigma_log,0.1648067262272874,0.17927289497915794
ms_garch,3,0.95,19.999999999999982,1,roll_sigma_21,0.05008931623511529,0.048748523530534854
ms_garch,3,0.95,19.999999999999982,1,roll_abs_r_21,0.03020070526366674,0.02828609335631292
ms_garch,3,0.95,19.999999999999982,1,roll_abs_r_matched,0.03025056255288875,0.028284133457967275
ms_garch,3,0.95,19.999999999999982,2,sigma_true,0.15423443321932764,0.1503614363250857
ms_garch,3,0.95,19.999999999999982,2,sigma_log,0.10508045925575307,0.09351647418489285
ms_garch,3,0.95,19.999999999999982,2,roll_sigma_21,0.024628499582773355,0.024630367886602098
ms_garch,3,0.95,19.999999999999982,2,roll_abs_r_21,0.015901729985131507,0.013785696962501323
ms_garch,3,0.95,19.999999999999982,2,roll_abs_r_matched,0.01548958893483274,0.014651953557125503
ms_garch,3,0.95,19.999999999999982,3,sigma_true,0.1553530654536062,0.15453868433917883
ms_garch,3,0.95,19.999999999999982,3,sigma_log,0.1703842708932398,0.16451412215202693
ms_garch,3,0.95,19.999999999999982,3,roll_sigma_21,0.026795212456454175,0.02414205277334919
ms_garch,3,0.95,19.999999999999982,3,roll_abs_r_21,0.01677868626970626,0.01592709852811646
ms_garch,3,0.95,19.999999999999982,3,roll_abs_r_matched,0.01913577316386736,0.018824887554022007
ms_garch,3,0.95,19.999999999999982,4,sigma_true,0.1554435193762184,0.1626824459968523
ms_garch,3,0.95,19.999999999999982,4,sigma_log,0.17628301383736755,0.20603333665489026
ms_garch,3,0.95,19.999999999999982,4,roll_sigma_21,0.032963589549064885,0.03549732875501695
ms_garch,3,0.95,19.999999999999982,4,roll_abs_r_21,0.027972732624472866,0.02509847310631242
ms_garch,3,0.95,19.999999999999982,4,roll_abs_r_matched,0.028388053536977566,0.02756000761248457
ms_garch,3,0.95,19.999999999999982,5,sigma_true,0.164202072647416,0.1672519464428009
ms_garch,3,0.95,19.999999999999982,5,sigma_log,0.16161152321304242,0.06041753969032622
ms_garch,3,0.95,19.999999999999982,5,roll_sigma_21,0.025822774415966043,0.025156783656345983
ms_garch,3,0.95,19.999999999999982,5,roll_abs_r_21,0.006681308217857345,0.00478313812299666
ms_garch,3,0.95,19.999999999999982,5,roll_abs_r_matched,0.007537821569735745,0.005172575866148916
ms_garch,3,0.95,19.999999999999982,6,sigma_true,0.05310716410389615,0.004955345704020562
ms_garch,3,0.95,19.999999999999982,6,sigma_log,0.1552134512210728,0.16093749179510078
ms_garch,3,0.95,19.999999999999982,6,roll_sigma_21,0.04844165155163555,0.05515796226158315
ms_garch,3,0.95,19.999999999999982,6,roll_abs_r_21,0.003674501457297271,0.002829488706977087
ms_garch,3,0.95,19.999999999999982,6,roll_abs_r_matched,0.003072567290818362,0.0037699746564825417
ms_garch,3,0.95,19.999999999999982,7,sigma_true,0.18191823480681488,0.17793738281454097
ms_garch,3,0.95,19.999999999999982,7,sigma_log,0.12439304205273612,0.1016598325157627
ms_garch,3,0.95,19.999999999999982,7,roll_sigma_21,0.04360886120226465,0.04442708767689754
ms_garch,3,0.95,19.999999999999982,7,roll_abs_r_21,0.02398730210806109,0.025117631391559557
ms_garch,3,0.95,19.999999999999982,7,roll_abs_r_matched,0.023686777528736224,0.024366334094221693
ms_garch,3,0.95,19.999999999999982,8,sigma_true,0.15347027018552065,0.17512740163107893
ms_garch,3,0.95,19.999999999999982,8,sigma_log,0.22082826155364665,0.2162289404311542
ms_garch,3,0.95,19.999999999999982,8,roll_sigma_21,0.03869417604776652,0.04363888833468338
ms_garch,3,0.95,19.999999999999982,8,roll_abs_r_21,0.02008691234719113,0.013238281057195793
ms_garch,3,0.95,19.999999999999982,8,roll_abs_r_matched,0.019951357640229136,0.015072373626853786
ms_garch,3,0.95,19.999999999999982,9,sigma_true,0.15170865074067433,0.16418858906465275
ms_garch,3,0.95,19.999999999999982,9,sigma_log,0.11368722350641287,0.056492339506648975
ms_garch,3,0.95,19.999999999999982,9,roll_sigma_21,0.027706190451722627,0.02643135460163392
ms_garch,3,0.95,19.999999999999982,9,roll_abs_r_21,0.01740097061241839,0.014697526021794296
ms_garch,3,0.95,19.999999999999982,9,roll_abs_r_matched,0.016694727624749238,0.015403109076797723
ms_garch,3,0.95,19.999999999999982,10,sigma_true,0.179016427062055,0.18416296722254716
ms_garch,3,0.95,19.999999999999982,10,sigma_log,0.17555313743103065,0.17837824237055971
ms_garch,3,0.95,19.999999999999982,10,roll_sigma_21,0.03907521480974485,0.03633298025839706
ms_garch,3,0.95,19.999999999999982,10,roll_abs_r_21,0.03709546280283754,0.03609457514772768
ms_garch,3,0.95,19.999999999999982,10,roll_abs_r_matched,0.036966692574281396,0.034778829404627384
ms_garch,3,0.95,19.999999999999982,11,sigma_true,0.1448356047230296,0.13186925440971445
ms_garch,3,0.95,19.999999999999982,11,sigma_log,0.12635176874483994,0.1003110285264767
ms_garch,3,0.95,19.999999999999982,11,roll_sigma_21,0.05258922830428189,0.0514861501964226
ms_garch,3,0.95,19.999999999999982,11,roll_abs_r_21,0.030175342271739375,0.029606306886817615
ms_garch,3,0.95,19.999999999999982,11,roll_abs_r_matched,0.03115789287669774,0.029335749010714337
ms_garch,3,0.95,19.999999999999982,12,sigma_true,0.22227435012665073,0.23136909894088972
ms_garch,3,0.95,19.999999999999982,12,sigma_log,0.22440606447882264,0.21006937951271787
ms_garch,3,0.95,19.999999999999982,12,roll_sigma_21,0.06386893409359991,0.06551922062496739
ms_garch,3,0.95,19.999999999999982,12,roll_abs_r_21,0.04442023965957369,0.0443762030178902
ms_garch,3,0.95,19.999999999999982,12,roll_abs_r_matched,0.0454519164078103,0.04419335717653713
ms_garch,3,0.95,19.999999999999982,13,sigma_true,0.19116622034578143,0.191651372714531
ms_garch,3,0.95,19.999999999999982,13,sigma_log,0.18945687767398198,0.17608696962127274
ms_garch,3,0.95,19.999999999999982,13,roll_sigma_21,0.05268578846930397,0.0521647543557935
ms_garch,3,0.95,19.999999999999982,13,roll_abs_r_21,0.02163816621410109,0.01982927187928259
ms_garch,3,0.95,19.999999999999982,13,roll_abs_r_matched,0.023103499774947373,0.020454015554181828
ms_garch,3,0.95,19.999999999999982,14,sigma_true,0.19647230976498503,0.21648103142211578
ms_garch,3,0.95,19.999999999999982,14,sigma_log,0.2594922928995971,0.25691024793987266
ms_garch,3,0.95,19.999999999999982,14,roll_sigma_21,0.07546834405471703,0.08774463690795598
ms_garch,3,0.95,19.999999999999982,14,roll_abs_r_21,0.06206381078222641,0.06389671395191258
ms_garch,3,0.95,19.999999999999982,14,roll_abs_r_matched,0.06310933587208255,0.06564745886268519
ms_garch,3,0.95,19.999999999999982,15,sigma_true,0.17073525398726577,0.19816592773357938
ms_garch,3,0.95,19.999999999999982,15,sigma_log,0.2780397826834813,0.25012156652715617
ms_garch,3,0.95,19.999999999999982,15,roll_sigma_21,0.05714999712240531,0.0662788406505238
ms_garch,3,0.95,19.999999999999982,15,roll_abs_r_21,0.022002106203651187,0.02263001685901335
ms_garch,3,0.95,19.999999999999982,15,roll_abs_r_matched,0.021859189396890456,0.021192304703261538
ms_garch,3,0.95,19.999999999999982,16,sigma_true,0.10981027012107954,0.1047336635885452
ms_garch,3,0.95,19.999999999999982,16,sigma_log,0.11628438892262058,0.12672885476382906
ms_garch,3,0.95,19.999999999999982,16,roll_sigma_21,0.02114132247973781,0.021317816110537256
ms_garch,3,0.95,19.999999999999982,16,roll_abs_r_21,0.0054844475513425115,0.002483972684553912
ms_garch,3,0.95,19.999999999999982,16,roll_abs_r_matched,0.0038341605129712485,0.001972780712090068
ms_garch,3,0.95,19.999999999999982,17,sigma_true,0.13580730208804204,0.13685913212662165
ms_garch,3,0.95,19.999999999999982,17,sigma_log,0.11772679728026172,0.1253786302135491
ms_garch,3,0.95,19.999999999999982,17,roll_sigma_21,0.03256235824215289,0.034908244138758635
ms_garch,3,0.95,19.999999999999982,17,roll_abs_r_21,0.019422888846133676,0.0195873793063375
ms_garch,3,0.95,19.999999999999982,17,roll_abs_r_matched,0.02130612352661592,0.01775725901863715
ms_garch,3,0.95,19.999999999999982,18,sigma_true,0.17357278650799768,0.18000241498447375
ms_garch,3,0.95,19.999999999999982,18,sigma_log,0.22676210915859774,0.2100417879506363
ms_garch,3,0.95,19.999999999999982,18,roll_sigma_21,0.0465040014261165,0.05070193426993725
ms_garch,3,0.95,19.999999999999982,18,roll_abs_r_21,0.042042139321003764,0.04062016993262344
ms_garch,3,0.95,19.999999999999982,18,roll_abs_r_matched,0.04293896981226699,0.040965741148521646
ms_garch,3,0.95,19.999999999999982,19,sigma_true,0.1941876301100797,0.2031516526426625
ms_garch,3,0.95,19.999999999999982,19,sigma_log,0.20828487400536042,0.2011306116955399
ms_garch,3,0.95,19.999999999999982,19,roll_sigma_21,0.05851744685752579,0.06423109273482515
ms_garch,3,0.95,19.999999999999982,19,roll_abs_r_21,0.0300948220996663,0.029998516059614847
ms_garch,3,0.95,19.999999999999982,19,roll_abs_r_matched,0.026927972227579953,0.02459058541657521
ms_garch,3,0.99,99.99999999999991,0,sigma_true,0.24984797975035358,0.28545775208957996
ms_garch,3,0.99,99.99999999999991,0,sigma_log,0.46219127283852046,0.41540145489473856
ms_garch,3,0.99,99.99999999999991,0,roll_sigma_21,0.2706437952081718,0.2744138915312977
ms_garch,3,0.99,99.99999999999991,0,roll_abs_r_21,0.14152182883738776,0.18094517939430244
ms_garch,3,0.99,99.99999999999991,0,roll_abs_r_matched,0.04655024003299788,0.09788719042386625
ms_garch,3,0.99,99.99999999999991,1,sigma_true,0.4689238335259119,0.40335014004717534
ms_garch,3,0.99,99.99999999999991,1,sigma_log,0.5204467176613727,0.381433451532578
ms_garch,3,0.99,99.99999999999991,1,roll_sigma_21,0.34542041468029383,0.33592852040300386
ms_garch,3,0.99,99.99999999999991,1,roll_abs_r_21,0.14797452587752657,0.2934184287196722
ms_garch,3,0.99,99.99999999999991,1,roll_abs_r_matched,0.09777258044481854,0.10412049784732837
ms_garch,3,0.99,99.99999999999991,2,sigma_true,0.42155035262685964,0.4583968159164421
ms_garch,3,0.99,99.99999999999991,2,sigma_log,0.654651346461218,0.5776360642045267
ms_garch,3,0.99,99.99999999999991,2,roll_sigma_21,0.314486421199697,0.43805262130425293
ms_garch,3,0.99,99.99999999999991,2,roll_abs_r_21,0.21730033482695116,0.2772343943672991
ms_garch,3,0.99,99.99999999999991,2,roll_abs_r_matched,0.13026470679665136,0.177949296756173
ms_garch,3,0.99,99.99999999999991,3,sigma_true,0.39502356628361607,0.387896606673758
ms_garch,3,0.99,99.99999999999991,3,sigma_log,0.6073862542583476,0.5203998263887689
ms_garch,3,0.99,99.99999999999991,3,roll_sigma_21,0.32202043093710214,0.3219436669453008
ms_garch,3,0.99,99.99999999999991,3,roll_abs_r_21,0.2329894988864942,0.26848726398680917
ms_garch,3,0.99,99.99999999999991,3,roll_abs_r_matched,0.12414942582020488,0.16867377664876657
ms_garch,3,0.99,99.99999999999991,4,sigma_true,0.38015970651201425,0.376403349434583
ms_garch,3,0.99,99.99999999999991,4,sigma_log,0.5436016293909524,0.462327986492019
ms_garch,3,0.99,99.99999999999991,4,roll_sigma_21,0.3108416775008576,0.3408900527979264
ms_garch,3,0.99,99.99999999999991,4,roll_abs_r_21,0.26213825883126685,0.24556577572308164
ms_garch,3,0.99,99.99999999999991,4,roll_abs_r_matched,0.1418619218525142,0.12256461509035184
ms_garch,3,0.99,99.99999999999991,5,sigma_true,0.3720968164080798,0.38819364439227905
ms_garch,3,0.99,99.99999999999991,5,sigma_log,0.6303325799618077,0.5861960162621318
ms_garch,3,0.99,99.99999999999991,5,roll_sigma_21,0.30707577722894147,0.319456266673035
ms_garch,3,0.99,99.99999999999991,5,roll_abs_r_21,0.23499733614565374,0.229760799130725
ms_garch,3,0.99,99.99999999999991,5,roll_abs_r_matched,0.16013731569370593,0.27292284589196364
ms_garch,3,0.99,99.99999999999991,6,sigma_true,0.6533419279436153,0.5247777717132206
ms_garch,3,0.99,99.99999999999991,6,sigma_log,0.5996865205034921,0.5517924268120152
ms_garch,3,0.99,99.99999999999991,6,roll_sigma_21,0.5760888859876271,0.44434452599649193
ms_garch,3,0.99,99.99999999999991,6,roll_abs_r_21,0.30897490027774155,0.418381853968239
ms_garch,3,0.99,99.99999999999991,6,roll_abs_r_matched,0.26617422935166396,0.24117341321011398
ms_garch,3,0.99,99.99999999999991,7,sigma_true,0.2866156636596955,0.3071723698518448
ms_garch,3,0.99,99.99999999999991,7,sigma_log,0.5221464508646928,0.46466467794972255
ms_garch,3,0.99,99.99999999999991,7,roll_sigma_21,0.2095879275034984,0.24331804377179742
ms_garch,3,0.99,99.99999999999991,7,roll_abs_r_21,0.17709121411960813,0.1819830506848304
ms_garch,3,0.99,99.99999999999991,7,roll_abs_r_matched,0.1076324519916984,0.12346273616910687
ms_garch,3,0.99,99.99999999999991,8,sigma_true,0.3441714825851299,0.3530561775088681
ms_garch,3,0.99,99.99999999999991,8,sigma_log,0.4893518267839893,0.45144606417611216
ms_garch,3,0.99,99.99999999999991,8,roll_sigma_21,0.22751822265157653,0.25517614329665805
ms_garch,3,0.99,99.99999999999991,8,roll_abs_r_21,0.17291259803443765,0.18592310888129548
ms_garch,3,0.99,99.99999999999991,8,roll_abs_r_matched,0.09064552962539017,0.09464725086927524
ms_garch,3,0.99,99.99999999999991,9,sigma_true,0.40793016868754733,0.393371469010504
ms_garch,3,0.99,99.99999999999991,9,sigma_log,0.5448214198482723,0.4652030152719557
ms_garch,3,0.99,99.99999999999991,9,roll_sigma_21,0.317964149271856,0.3036355227368805
ms_garch,3,0.99,99.99999999999991,9,roll_abs_r_21,0.2358690763549412,0.24815280855181113
ms_garch,3,0.99,99.99999999999991,9,roll_abs_r_matched,0.14335059918199913,0.1748230308575714
ms_garch,3,0.99,99.99999999999991,10,sigma_true,0.5364225435209075,0.39132783944272614
ms_garch,3,0.99,99.99999999999991,10,sigma_log,0.45322642175309347,0.44219945602465704
ms_garch,3,0.99,99.99999999999991,10,roll_sigma_21,0.38160740947304633,0.3358809371345136
ms_garch,3,0.99,99.99999999999991,10,roll_abs_r_21,0.1652257845797766,0.1707915026577398
ms_garch,3,0.99,99.99999999999991,10,roll_abs_r_matched,0.0630091134195164,0.05655229102772842
ms_garch,3,0.99,99.99999999999991,11,sigma_true,0.6026200770615463,0.4495200866636105
ms_garch,3,0.99,99.99999999999991,11,sigma_log,0.5294218950210712,0.5238670017392383
ms_garch,3,0.99,99.99999999999991,11,roll_sigma_21,0.5021082748481026,0.3987632994772873
ms_garch,3,0.99,99.99999999999991,11,roll_abs_r_21,0.2392156096482424,0.24028459387927925
ms_garch,3,0.99,99.99999999999991,11,roll_abs_r_matched,0.17089382854060076,0.18951722471733717
ms_garch,3,0.99,99.99999999999991,12,sigma_true,0.5202722020917921,0.4755765556389271
ms_garch,3,0.99,99.99999999999991,12,sigma_log,0.5608674383140114,0.4237240327989845
ms_garch,3,0.99,99.99999999999991,12,roll_sigma_21,0.38929060762317247,0.3651470549478529
ms_garch,3,0.99,99.99999999999991,12,roll_abs_r_21,0.047961415811569354,0.024344240885151587
ms_garch,3,0.99,99.99999999999991,12,roll_abs_r_matched,0.15197396893224138,0.1917456476342806
ms_garch,3,0.99,99.99999999999991,13,sigma_true,0.34254045926704196,0.231509775293997
ms_garch,3,0.99,99.99999999999991,13,sigma_log,0.5500739661579656,0.514991725681875
ms_garch,3,0.99,99.99999999999991,13,roll_sigma_21,0.2519627822862286,0.17105119958395398
ms_garch,3,0.99,99.99999999999991,13,roll_abs_r_21,0.21130814227701314,0.16953780920219425
ms_garch,3,0.99,99.99999999999991,13,roll_abs_r_matched,0.047877032197603364,0.03892200657857717
ms_garch,3,0.99,99.99999999999991,14,sigma_true,0.28710194478535844,0.29425754636843177
ms_garch,3,0.99,99.99999999999991,14,sigma_log,0.3717872565525568,0.32823584034195225
ms_garch,3,0.99,99.99999999999991,14,roll_sigma_21,0.20825013825597952,0.2195217237040196
ms_garch,3,0.99,99.99999999999991,14,roll_abs_r_21,0.17369152127397877,0.1716464215248618
ms_garch,3,0.99,99.99999999999991,14,roll_abs_r_matched,0.08770868217688153,0.09191823339474943
ms_garch,3,0.99,99.99999999999991,15,sigma_true,0.392850721551332,0.43768631398559243
ms_garch,3,0.99,99.99999999999991,15,sigma_log,0.5173820960178205,0.5007116339559651
ms_garch,3,0.99,99.99999999999991,15,roll_sigma_21,0.41463689861769987,0.3422747943561303
ms_garch,3,0.99,99.99999999999991,15,roll_abs_r_21,0.27023066002745116,0.2768028450270133
ms_garch,3,0.99,99.99999999999991,15,roll_abs_r_matched,0.1345498153851521,0.12237925277571715
ms_garch,3,0.99,99.99999999999991,16,sigma_true,0.318781425031034,0.31211818556439236
ms_garch,3,0.99,99.99999999999991,16,sigma_log,0.4622881229259969,0.37539948915652865
ms_garch,3,0.99,99.99999999999991,16,roll_sigma_21,0.1991834505064752,0.20388494158307888
ms_garch,3,0.99,99.99999999999991,16,roll_abs_r_21,0.18885133575399124,0.19359409219010446
ms_garch,3,0.99,99.99999999999991,16,roll_abs_r_matched,0.08405524651232701,0.09162420677038999
ms_garch,3,0.99,99.99999999999991,17,sigma_true,0.3174316488521778,0.33058068293115583
ms_garch,3,0.99,99.99999999999991,17,sigma_log,0.47489432702746864,0.42676256766917475
ms_garch,3,0.99,99.99999999999991,17,roll_sigma_21,0.21531538079332022,0.29948096770309063
ms_garch,3,0.99,99.99999999999991,17,roll_abs_r_21,0.18798091894896207,0.18942549213866655
ms_garch,3,0.99,99.99999999999991,17,roll_abs_r_matched,0.0870069124502491,0.08181563670483562
ms_garch,3,0.99,99.99999999999991,18,sigma_true,0.2759319646760522,0.33344013254385757
ms_garch,3,0.99,99.99999999999991,18,sigma_log,0.5228669867612874,0.4629710373850334
ms_garch,3,0.99,99.99999999999991,18,roll_sigma_21,0.18034501823984594,0.23299035303090493
ms_garch,3,0.99,99.99999999999991,18,roll_abs_r_21,0.12054296445941957,0.13478960471571913
ms_garch,3,0.99,99.99999999999991,18,roll_abs_r_matched,0.11418396599485263,0.11412345197089564
ms_garch,3,0.99,99.99999999999991,19,sigma_true,0.3118742039431224,0.32014588561500773
ms_garch,3,0.99,99.99999999999991,19,sigma_log,0.4912086388551172,0.4206403270873538
ms_garch,3,0.99,99.99999999999991,19,roll_sigma_21,0.22605766366332902,0.24225411287461307
ms_garch,3,0.99,99.99999999999991,19,roll_abs_r_21,0.15761797941003172,0.1491121696547143
ms_garch,3,0.99,99.99999999999991,19,roll_abs_r_matched,0.11187577393885198,0.11782949354375312
ms_garch,4,0.9,10.000000000000002,0,sigma_true,0.09006739937002214,0.08176719773824988
ms_garch,4,0.9,10.000000000000002,0,sigma_log,0.07748148180910794,0.08508661130514848
ms_garch,4,0.9,10.000000000000002,0,roll_sigma_21,0.01501356532794392,0.01586284550921058
ms_garch,4,0.9,10.000000000000002,0,roll_abs_r_21,0.013521446642465134,0.0135604991584366
ms_garch,4,0.9,10.000000000000002,0,roll_abs_r_matched,0.02200728119976493,0.021445657037271002
ms_garch,4,0.9,10.000000000000002,1,sigma_true,0.08690453620426879,0.08542918930530918
ms_garch,4,0.9,10.000000000000002,1,sigma_log,0.06720948383594434,0.0670513374221141
ms_garch,4,0.9,10.000000000000002,1,roll_sigma_21,0.016827077558548467,0.01661335510820943
ms_garch,4,0.9,10.000000000000002,1,roll_abs_r_21,0.010868073170405435,0.010976878221366362
ms_garch,4,0.9,10.000000000000002,1,roll_abs_r_matched,0.011487934221768189,0.01228355686545211
ms_garch,4,0.9,10.000000000000002,2,sigma_true,0.08442596197616395,0.08826669072949732
ms_garch,4,0.9,10.000000000000002,2,sigma_log,0.06527704881087827,0.07829010923822613
ms_garch,4,0.9,10.000000000000002,2,roll_sigma_21,0.010432244081494381,0.010282537850721378
ms_garch,4,0.9,10.000000000000002,2,roll_abs_r_21,0.015060165737146441,0.015603237741656988
ms_garch,4,0.9,10.000000000000002,2,roll_abs_r_matched,0.01995206853494173,0.019198052733667346
ms_garch,4,0.9,10.000000000000002,3,sigma_true,0.08600361344229006,0.09231947861886483
ms_garch,4,0.9,10.000000000000002,3,sigma_log,0.06512295712755403,0.06342706752666134
ms_garch,4,0.9,10.000000000000002,3,roll_sigma_21,0.018958413455553408,0.01823085383107476
ms_garch,4,0.9,10.000000000000002,3,roll_abs_r_21,0.011402482724736906,0.011043509447638737
ms_garch,4,0.9,10.000000000000002,3,roll_abs_r_matched,0.018585050102731447,0.018617802488890847
ms_garch,4,0.9,10.000000000000002,4,sigma_true,0.07091269660877354,0.06942007057135338
ms_garch,4,0.9,10.000000000000002,4,sigma_log,0.06342709172357795,0.06409529938695858
ms_garch,4,0.9,10.000000000000002,4,roll_sigma_21,0.006155765605509937,0.00971620185332308
ms_garch,4,0.9,10.000000000000002,4,roll_abs_r_21,0.0037750322563966415,0.004462884179281049
ms_garch,4,0.9,10.000000000000002,4,roll_abs_r_matched,0.007343067235520952,0.008137223467908761
ms_garch,4,0.9,10.000000000000002,5,sigma_true,0.08773637025089737,0.09179776175405398
ms_garch,4,0.9,10.000000000000002,5,sigma_log,0.09091760075002817,0.09447820600706183
ms_garch,4,0.9,10.000000000000002,5,roll_sigma_21,0.01692441597271271,0.016096912699460786
ms_garch,4,0.9,10.000000000000002,5,roll_abs_r_21,0.006452636688642241,0.006562718341927697
ms_garch,4,0.9,10.000000000000002,5,roll_abs_r_matched,0.016181898118730567,0.015562031621572334
ms_garch,4,0.9,10.000000000000002,6,sigma_true,0.06403066532828411,0.06309221641487024
ms_garch,4,0.9,10.000000000000002,6,sigma_log,0.053765498849849686,0.05673716770969562
ms_garch,4,0.9,10.000000000000002,6,roll_sigma_21,0.009722509717673918,0.007111968852299583
ms_garch,4,0.9,10.000000000000002,6,roll_abs_r_21,0.006900872445887049,0.006835651038793319
ms_garch,4,0.9,10.000000000000002,6,roll_abs_r_matched,0.011532890641209841,0.01174512797564431
ms_garch,4,0.9,10.000000000000002,7,sigma_true,0.08196742432100235,0.08640938811834548
ms_garch,4,0.9,10.000000000000002,7,sigma_log,0.0742848204925176,0.07677113865832924
ms_garch,4,0.9,10.000000000000002,7,roll_sigma_21,0.01647137663653897,0.02073724440226985
ms_garch,4,0.9,10.000000000000002,7,roll_abs_r_21,0.017728011267822787,0.018660299688736205
ms_garch,4,0.9,10.000000000000002,7,roll_abs_r_matched,0.021573552321983543,0.02116788088977708
ms_garch,4,0.9,10.000000000000002,8,sigma_true,0.0777777092638887,0.07551492771260082
ms_garch,4,0.9,10.000000000000002,8,sigma_log,0.06424049194130327,0.0658406054724177
ms_garch,4,0.9,10.000000000000002,8,roll_sigma_21,0.0076029366623598495,0.006317474291935341
ms_garch,4,0.9,10.000000000000002,8,roll_abs_r_21,0.00877875436890126,0.006066907973097538
ms_garch,4,0.9,10.000000000000002,8,roll_abs_r_matched,0.008696612376734017,0.008790547686921474
ms_garch,4,0.9,10.000000000000002,9,sigma_true,0.057483674080456584,0.06144280408404924
ms_garch,4,0.9,10.000000000000002,9,sigma_log,0.060276911210274724,0.061685737396277654
ms_garch,4,0.9,10.000000000000002,9,roll_sigma_21,0.01477267516227635,0.013905999416476736
ms_garch,4,0.9,10.000000000000002,9,roll_abs_r_21,0.006258226256679657,0.00572922397518799
ms_garch,4,0.9,10.000000000000002,9,roll_abs_r_matched,0.007704755479161111,0.007828871615007565
ms_garch,4,0.9,10.000000000000002,10,sigma_true,0.07805669303932335,0.08458433831771332
ms_garch,4,0.9,10.000000000000002,10,sigma_log,0.0739685136044159,0.0927453307044892
ms_garch,4,0.9,10.000000000000002,10,roll_sigma_21,0.011760092694776373,0.010415770297796126
ms_garch,4,0.9,10.000000000000002,10,roll_abs_r_21,0.009949350082593181,0.01014508279553895
ms_garch,4,0.9,10.000000000000002,10,roll_abs_r_matched,0.020634875189761866,0.021517851357812142
ms_garch,4,0.9,10.000000000000002,11,sigma_true,0.08864169030908348,0.09283762484915926
ms_garch,4,0.9,10.000000000000002,11,sigma_log,0.0804522512599123,0.08535230697570904
ms_garch,4,0.9,10.000000000000002,11,roll_sigma_21,0.0165158549619234,0.0177322758742133
ms_garch,4,0.9,10.000000000000002,11,roll_abs_r_21,0.006912653347793937,0.006595955938146551
ms_garch,4,0.9,10.000000000000002,11,roll_abs_r_matched,0.014952632280947613,0.014776775386286687
ms_garch,4,0.9,10.000000000000002,12,sigma_true,0.08440846011204103,0.08365959474983585
ms_garch,4,0.9,10.000000000000002,12,sigma_log,0.08203695298686711,0.08430864232031182
ms_garch,4,0.9,10.000000000000002,12,roll_sigma_21,0.012928309673460769,0.010443900961644473
ms_garch,4,0.9,10.000000000000002,12,roll_abs_r_21,0.012272713055625275,0.009754045808267912
ms_garch,4,0.9,10.000000000000002,12,roll_abs_r_matched,0.016741570269120886,0.016462045553551963
ms_garch,4,0.9,10.000000000000002,13,sigma_true,0.09478508082164504,0.08980561139081454
ms_garch,4,0.9,10.000000000000002,13,sigma_log,0.06992780047550556,0.07136012000972505
ms_garch,4,0.9,10.000000000000002,13,roll_sigma_21,0.01919328053918924,0.020785845786116204
ms_garch,4,0.9,10.000000000000002,13,roll_abs_r_21,0.01859043640456869,0.018197000397113975
ms_garch,4,0.9,10.000000000000002,13,roll_abs_r_matched,0.035081583115424336,0.03287458245120429
ms_garch,4,0.9,10.000000000000002,14,sigma_true,0.08087741879831055,0.08097391753961979
ms_garch,4,0.9,10.000000000000002,14,sigma_log,0.07557468440379066,0.07600675599908319
ms_garch,4,0.9,10.000000000000002,14,roll_sigma_21,0.01528400490161854,0.014955829935993509
ms_garch,4,0.9,10.000000000000002,14,roll_abs_r_21,0.008530044313868541,0.006233693195886278
ms_garch,4,0.9,10.000000000000002,14,roll_abs_r_matched,0.019142987326466195,0.01881878119204385
ms_garch,4,0.9,10.000000000000002,15,sigma_true,0.08786356752014189,0.08779502578168702
ms_garch,4,0.9,10.000000000000002,15,sigma_log,0.0778347093204787,0.07696925829549867
ms_garch,4,0.9,10.000000000000002,15,roll_sigma_21,0.0131256143547722,0.013121634064513917
ms_garch,4,0.9,10.000000000000002,15,roll_abs_r_21,0.00901924359868714,0.009236828131962955
ms_garch,4,0.9,10.000000000000002,15,roll_abs_r_matched,0.02329210097904208,0.022779276969286458
ms_garch,4,0.9,10.000000000000002,16,sigma_true,0.0943603123848578,0.09753209322853143
ms_garch,4,0.9,10.000000000000002,16,sigma_log,0.07641166287992769,0.08000083554743849
ms_garch,4,0.9,10.000000000000002,16,roll_sigma_21,0.016508215675515074,0.015775225863370764
ms_garch,4,0.9,10.000000000000002,16,roll_abs_r_21,0.009221902676443634,0.0022273225993529005
ms_garch,4,0.9,10.000000000000002,16,roll_abs_r_matched,0.012411595747356778,0.012084803618028316
ms_garch,4,0.9,10.000000000000002,17,sigma_true,0.07189050645737413,0.07125044701746641
ms_garch,4,0.9,10.000000000000002,17,sigma_log,0.0644629181629886,0.06048272104124324
ms_garch,4,0.9,10.000000000000002,17,roll_sigma_21,0.008270266103761373,0.0082123635126378
ms_garch,4,0.9,10.000000000000002,17,roll_abs_r_21,0.005243433199436632,0.005072593280351177
ms_garch,4,0.9,10.000000000000002,17,roll_abs_r_matched,0.009461078446184636,0.008702647565964523
ms_garch,4,0.9,10.000000000000002,18,sigma_true,0.08732109580036763,0.09073785956438112
ms_garch,4,0.9,10.000000000000002,18,sigma_log,0.08104084854594543,0.0806784568026162
ms_garch,4,0.9,10.000000000000002,18,roll_sigma_21,0.011481259955388389,0.01228063006907258
ms_garch,4,0.9,10.000000000000002,18,roll_abs_r_21,0.011057198926945724,0.008934945378918563
ms_garch,4,0.9,10.000000000000002,18,roll_abs_r_matched,0.0180413770777234,0.017737223748261817
ms_garch,4,0.9,10.000000000000002,19,sigma_true,0.06473843836790516,0.06741714130270092
ms_garch,4,0.9,10.000000000000002,19,sigma_log,0.0734170307274758,0.07859607415934128
ms_garch,4,0.9,10.000000000000002,19,roll_sigma_21,0.014259809219918236,0.012178349181485491
ms_garch,4,0.9,10.000000000000002,19,roll_abs_r_21,0.009777894448619193,0.009501062750069835
ms_garch,4,0.9,10.000000000000002,19,roll_abs_r_matched,0.012494354997000624,0.013120315492805222
ms_garch,4,0.95,19.999999999999982,0,sigma_true,0.13814742837752958,0.16505405372546672
ms_garch,4,0.95,19.999999999999982,0,sigma_log,0.1202387032775448,0.17062265078119296
ms_garch,4,0.95,19.999999999999982,0,roll_sigma_21,0.045076446157345386,0.04449792612187769
ms_garch,4,0.95,19.999999999999982,0,roll_abs_r_21,0.03744637865537648,0.038310159972315475
ms_garch,4,0.95,19.999999999999982,0,roll_abs_r_matched,0.03727833338920451,0.03908851154319641
ms_garch,4,0.95,19.999999999999982,1,sigma_true,0.12424841801885209,0.12002467358582514
ms_garch,4,0.95,19.999999999999982,1,sigma_log,0.14416425260288654,0.1622850516761126
ms_garch,4,0.95,19.999999999999982,1,roll_sigma_21,0.06056867141025735,0.06596941476693192
ms_garch,4,0.95,19.999999999999982,1,roll_abs_r_21,0.021484116208235562,0.02198760197123501
ms_garch,4,0.95,19.999999999999982,1,roll_abs_r_matched,0.023217090702294253,0.022843550563504622
ms_garch,4,0.95,19.999999999999982,2,sigma_true,0.20357430225345105,0.1557865760550628
ms_garch,4,0.95,19.999999999999982,2,sigma_log,0.24875892326946297,0.19812913336810892
ms_garch,4,0.95,19.999999999999982,2,roll_sigma_21,0.0951650306255045,0.10204190499853996
ms_garch,4,0.95,19.999999999999982,2,roll_abs_r_21,0.04451820754209214,0.040734610350659284
ms_garch,4,0.95,19.999999999999982,2,roll_abs_r_matched,0.04763159646061281,0.04184563895723556
ms_garch,4,0.95,19.999999999999982,3,sigma_true,0.2157328345311685,0.2093005834971503
ms_garch,4,0.95,19.999999999999982,3,sigma_log,0.24773523719042848,0.24716659503858054
ms_garch,4,0.95,19.999999999999982,3,roll_sigma_21,0.07606200949963145,0.07786808907594933
ms_garch,4,0.95,19.999999999999982,3,roll_abs_r_21,0.05806708289502957,0.056414410848418466
ms_garch,4,0.95,19.999999999999982,3,roll_abs_r_matched,0.053698453619835676,0.058090756202897845
ms_garch,4,0.95,19.999999999999982,4,sigma_true,0.16902848341603283,0.17300011783259164
ms_garch,4,0.95,19.999999999999982,4,sigma_log,0.17400153481756753,0.16972513182120752
ms_garch,4,0.95,19.999999999999982,4,roll_sigma_21,0.049751600187595134,0.047986565460371666
ms_garch,4,0.95,19.999999999999982,4,roll_abs_r_21,0.036574386115235426,0.03263654500240603
ms_garch,4,0.95,19.999999999999982,4,roll_abs_r_matched,0.03532326867946024,0.030154723025536078
ms_garch,4,0.95,19.999999999999982,5,sigma_true,0.20080251005967092,0.19696011668842567
ms_garch,4,0.95,19.999999999999982,5,sigma_log,0.18664956665370597,0.18105858979264314
ms_garch,4,0.95,19.999999999999982,5,roll_sigma_21,0.0634669664535264,0.06264123110208246
ms_garch,4,0.95,19.999999999999982,5,roll_abs_r_21,0.0472290222713561,0.04782215525566894
ms_garch,4,0.95,19.999999999999982,5,roll_abs_r_matched,0.048129049843549696,0.04870120797844678
ms_garch,4,0.95,19.999999999999982,6,sigma_true,0.16422296796081112,0.16410924300440063
ms_garch,4,0.95,19.999999999999982,6,sigma_log,0.19618692809918614,0.1967403909285797
ms_garch,4,0.95,19.999999999999982,6,roll_sigma_21,0.04714881310709921,0.047221529367889516
ms_garch,4,0.95,19.999999999999982,6,roll_abs_r_21,0.03357237293176041,0.03458967153521679
ms_garch,4,0.95,19.999999999999982,6,roll_abs_r_matched,0.03390757772142439,0.03542801600676399
ms_garch,4,0.95,19.999999999999982,7,sigma_true,0.19334491005471113,0.1940684405419259
ms_garch,4,0.95,19.999999999999982,7,sigma_log,0.17212898067555288,0.1684601889715774
ms_garch,4,0.95,19.999999999999982,7,roll_sigma_21,0.0618428716302385,0.06136157254274225
ms_garch,4,0.95,19.999999999999982,7,roll_abs_r_21,0.05148561189221459,0.05285555267959423
ms_garch,4,0.95,19.999999999999982,7,roll_abs_r_matched,0.05238761016306887,0.05324397797048737
ms_garch,4,0.95,19.999999999999982,8,sigma_true,0.17557831572608787,0.17391433513102733
ms_garch,4,0.95,19.999999999999982,8,sigma_log,0.1259027228519796,0.11427772853593422
ms_garch,4,0.95,19.999999999999982,8,roll_sigma_21,0.05180257394524264,0.052300808178923616
ms_garch,4,0.95,19.999999999999982,8,roll_abs_r_21,0.03507023024141048,0.034187210149988226
ms_garch,4,0.95,19.999999999999982,8,roll_abs_r_matched,0.035925631516538624,0.036434955288122205
ms_garch,4,0.95,19.999999999999982,9,sigma_true,0.15175207213502215,0.15983338727941448
ms_garch,4,0.95,19.999999999999982,9,sigma_log,0.14954161323774678,0.15924159141927788
ms_garch,4,0.95,19.999999999999982,9,roll_sigma_21,0.0512959296720468,0.05012563169441341
ms_garch,4,0.95,19.999999999999982,9,roll_abs_r_21,0.03190318134649201,0.031073410560043657
ms_garch,4,0.95,19.999999999999982,9,roll_abs_r_matched,0.03404147721509662,0.03236094448653674
ms_garch,4,0.95,19.999999999999982,10,sigma_true,0.1790313982886989,0.18420014532795911
ms_garch,4,0.95,19.999999999999982,10,sigma_log,0.20198335472005416,0.19885952837702345
ms_garch,4,0.95,19.999999999999982,10,roll_sigma_21,0.05668170208642057,0.05726901541058591
ms_garch,4,0.95,19.999999999999982,10,roll_abs_r_21,0.0497574835232525,0.05004069167365661
ms_garch,4,0.95,19.999999999999982,10,roll_abs_r_matched,0.04858348016217946,0.04861120183550467
ms_garch,4,0.95,19.999999999999982,11,sigma_true,0.1637857590587034,0.1758475759911039
ms_garch,4,0.95,19.999999999999982,11,sigma_log,0.14896726820098327,0.13501440225080344
ms_garch,4,0.95,19.999999999999982,11,roll_sigma_21,0.04783170885490174,0.049400406427625373
ms_garch,4,0.95,19.999999999999982,11,roll_abs_r_21,0.026875814820924847,0.028514867672140332
ms_garch,4,0.95,19.999999999999982,11,roll_abs_r_matched,0.027931124430735126,0.029268973196587163
ms_garch,4,0.95,19.999999999999982,12,sigma_true,0.1778553747336534,0.18146608160976385
ms_garch,4,0.95,19.999999999999982,12,sigma_log,0.18140210144231284,0.18565949028675638
ms_garch,4,0.95,19.999999999999982,12,roll_sigma_21,0.054580764954829254,0.053719963033217036
ms_garch,4,0.95,19.999999999999982,12,roll_abs_r_21,0.036088059650928615,0.03683690990351823
ms_garch,4,0.95,19.999999999999982,12,roll_abs_r_matched,0.03733199779238144,0.03844287062165111
ms_garch,4,0.95,19.999999999999982,13,sigma_true,0.14242707480299058,0.15130255626804512
ms_garch,4,0.95,19.999999999999982,13,sigma_log,0.16914670296255532,0.17571993783770942
ms_garch,4,0.95,19.999999999999982,13,roll_sigma_21,0.04426776474942449,0.04521513133314148
ms_garch,4,0.95,19.999999999999982,13,roll_abs_r_21,0.025009520222343505,0.016718563170205786
ms_garch,4,0.95,19.999999999999982,13,roll_abs_r_matched,0.025002736740877846,0.01699059431957848
ms_garch,4,0.95,19.999999999999982,14,sigma_true,0.12713390920135798,0.12407790134177829
ms_garch,4,0.95,19.999999999999982,14,sigma_log,0.14878447673813802,0.15206470459820315
ms_garch,4,0.95,19.999999999999982,14,roll_sigma_21,0.03176127520100866,0.027773413387194183
ms_garch,4,0.95,19.999999999999982,14,roll_abs_r_21,0.028817418908737197,0.02750960265004354
ms_garch,4,0.95,19.999999999999982,14,roll_abs_r_matched,0.030134720072849817,0.03002387525592845
ms_garch,4,0.95,19.999999999999982,15,sigma_true,0.19143703033505424,0.1903812228413097
ms_garch,4,0.95,19.999999999999982,15,sigma_log,0.18574515320257945,0.14263666432806638
ms_garch,4,0.95,19.999999999999982,15,roll_sigma_21,0.0638651570082083,0.05786041342258897
ms_garch,4,0.95,19.999999999999982,15,roll_abs_r_21,0.04983077993732063,0.05146865567411162
ms_garch,4,0.95,19.999999999999982,15,roll_abs_r_matched,0.049514891215178714,0.053406853938903764
ms_garch,4,0.95,19.999999999999982,16,sigma_true,0.23556343206370325,0.21280012115966268
ms_garch,4,0.95,19.999999999999982,16,sigma_log,0.17665957813948302,0.1874003602992939
ms_garch,4,0.95,19.999999999999982,16,roll_sigma_21,0.0897817671591528,0.08442591493432458
ms_garch,4,0.95,19.999999999999982,16,roll_abs_r_21,0.06640698928896403,0.07001330540189514
ms_garch,4,0.95,19.999999999999982,16,roll_abs_r_matched,0.0676631579402441,0.0703313425523919
ms_garch,4,0.95,19.999999999999982,17,sigma_true,0.1863124097840559,0.19313697298384952
ms_garch,4,0.95,19.999999999999982,17,sigma_log,0.2004075488121982,0.1912207580318693
ms_garch,4,0.95,19.999999999999982,17,roll_sigma_21,0.07930468306303026,0.07866487607743843
ms_garch,4,0.95,19.999999999999982,17,roll_abs_r_21,0.05184778340287653,0.051666145444802324
ms_garch,4,0.95,19.999999999999982,17,roll_abs_r_matched,0.04986931989304213,0.05128649151996742
ms_garch,4,0.95,19.999999999999982,18,sigma_true,0.2073523663953592,0.20978326398921754
ms_garch,4,0.95,19.999999999999982,18,sigma_log,0.2343842562641089,0.23309051800100772
ms_garch,4,0.95,19.999999999999982,18,roll_sigma_21,0.06466311549921788,0.06743423332684213
ms_garch,4,0.95,19.999999999999982,18,roll_abs_r_21,0.05969828769853823,0.061225133020516534
ms_garch,4,0.95,19.999999999999982,18,roll_abs_r_matched,0.06333354580874202,0.06269517588483489
ms_garch,4,0.95,19.999999999999982,19,sigma_true,0.14556719040518662,0.14720699630724465
ms_garch,4,0.95,19.999999999999982,19,sigma_log,0.1295028825138593,0.14103216122651893
ms_garch,4,0.95,19.999999999999982,19,roll_sigma_21,0.03619119090523147,0.035873324630875836
ms_garch,4,0.95,19.999999999999982,19,roll_abs_r_21,0.02977790288617483,0.028479778640198298
ms_garch,4,0.95,19.999999999999982,19,roll_abs_r_matched,0.031171111415625116,0.030729788455187156
ms_garch,4,0.99,99.99999999999991,0,sigma_true,0.4372351866433147,0.4198807514181866
ms_garch,4,0.99,99.99999999999991,0,sigma_log,0.507387500888609,0.473385050866884
ms_garch,4,0.99,99.99999999999991,0,roll_sigma_21,0.32714106581876623,0.3318593870333464
ms_garch,4,0.99,99.99999999999991,0,roll_abs_r_21,0.19096142498845126,0.22719578155376274
ms_garch,4,0.99,99.99999999999991,0,roll_abs_r_matched,0.18642253862531788,0.1927776330200085
ms_garch,4,0.99,99.99999999999991,1,sigma_true,0.5396849048326655,0.41040635864653513
ms_garch,4,0.99,99.99999999999991,1,sigma_log,0.48909466829607884,0.4744534738770143
ms_garch,4,0.99,99.99999999999991,1,roll_sigma_21,0.43569207814232613,0.32613239768244506
ms_garch,4,0.99,99.99999999999991,1,roll_abs_r_21,0.3887978964569901,0.31820472866849564
ms_garch,4,0.99,99.99999999999991,1,roll_abs_r_matched,0.1927280668331197,0.14500254794867198
ms_garch,4,0.99,99.99999999999991,2,sigma_true,0.5328410329531109,0.46571246952128537
ms_garch,4,0.99,99.99999999999991,2,sigma_log,0.6049660367942462,0.512534530243101
ms_garch,4,0.99,99.99999999999991,2,roll_sigma_21,0.42170351050617605,0.3955192453366066
ms_garch,4,0.99,99.99999999999991,2,roll_abs_r_21,0.1502293229543799,0.15701737788231124
ms_garch,4,0.99,99.99999999999991,2,roll_abs_r_matched,0.12135827406918254,0.1325314228270343
ms_garch,4,0.99,99.99999999999991,3,sigma_true,0.43243758604641774,0.2951034396264133
ms_garch,4,0.99,99.99999999999991,3,sigma_log,0.4357054169980531,0.40372859295107477
ms_garch,4,0.99,99.99999999999991,3,roll_sigma_21,0.3424351710462065,0.3261012128328889
ms_garch,4,0.99,99.99999999999991,3,roll_abs_r_21,0.23753061747452767,0.17065878800965123
ms_garch,4,0.99,99.99999999999991,3,roll_abs_r_matched,0.09955339494049097,0.08516719064395241
ms_garch,4,0.99,99.99999999999991,4,sigma_true,0.42912902441270323,0.4332886747371522
ms_garch,4,0.99,99.99999999999991,4,sigma_log,0.5307192913136829,0.49923733011581245
ms_garch,4,0.99,99.99999999999991,4,roll_sigma_21,0.3210727438745952,0.3320268148669648
ms_garch,4,0.99,99.99999999999991,4,roll_abs_r_21,0.1854104310792868,0.2186993924665164
ms_garch,4,0.99,99.99999999999991,4,roll_abs_r_matched,0.10313776854044841,0.1015101623806946
ms_garch,4,0.99,99.99999999999991,5,sigma_true,0.3963823973685375,0.3878025875508802
ms_garch,4,0.99,99.99999999999991,5,sigma_log,0.4712535761402958,0.4434661138952079
ms_garch,4,0.99,99.99999999999991,5,roll_sigma_21,0.27259806483985605,0.27342395383492396
ms_garch,4,0.99,99.99999999999991,5,roll_abs_r_21,0.153139237141393,0.15544618943131777
ms_garch,4,0.99,99.99999999999991,5,roll_abs_r_matched,0.08399322719603779,0.09711422657183943
ms_garch,4,0.99,99.99999999999991,6,sigma_true,0.4413421679898072,0.43718128181240806
ms_garch,4,0.99,99.99999999999991,6,sigma_log,0.5419472470890908,0.5230383679867209
ms_garch,4,0.99,99.99999999999991,6,roll_sigma_21,0.3806283835216369,0.3851460286508257
ms_garch,4,0.99,99.99999999999991,6,roll_abs_r_21,0.24069044238749313,0.2558374405701138
ms_garch,4,0.99,99.99999999999991,6,roll_abs_r_matched,0.1769526591732034,0.15416133443029065
ms_garch,4,0.99,99.99999999999991,7,sigma_true,0.4512673386827167,0.4374156598047647
ms_garch,4,0.99,99.99999999999991,7,sigma_log,0.5182397407724055,0.4991368166771952
ms_garch,4,0.99,99.99999999999991,7,roll_sigma_21,0.3459490802972369,0.38952031373946266
ms_garch,4,0.99,99.99999999999991,7,roll_abs_r_21,0.18288581947337668,0.16616288894204254
ms_garch,4,0.99,99.99999999999991,7,roll_abs_r_matched,0.12777494679801002,0.13170161646960582
ms_garch,4,0.99,99.99999999999991,8,sigma_true,0.444055237646042,0.43537728039075624
ms_garch,4,0.99,99.99999999999991,8,sigma_log,0.6617858733356189,0.6298957878394341
ms_garch,4,0.99,99.99999999999991,8,roll_sigma_21,0.3556862808777781,0.37281210443549373
ms_garch,4,0.99,99.99999999999991,8,roll_abs_r_21,0.2434635435887836,0.272941264195309
ms_garch,4,0.99,99.99999999999991,8,roll_abs_r_matched,0.1695373553993458,0.17697126101301286
ms_garch,4,0.99,99.99999999999991,9,sigma_true,0.5134032221071788,0.42634984086962396
ms_garch,4,0.99,99.99999999999991,9,sigma_log,0.49074754314129876,0.43200346977978293
ms_garch,4,0.99,99.99999999999991,9,roll_sigma_21,0.4474086526109534,0.4147093169855403
ms_garch,4,0.99,99.99999999999991,9,roll_abs_r_21,0.17490249851308148,0.17737800093129685
ms_garch,4,0.99,99.99999999999991,9,roll_abs_r_matched,0.0854406052494044,0.10215647056147424
ms_garch,4,0.99,99.99999999999991,10,sigma_true,0.3974074341409942,0.3970492116103833
ms_garch,4,0.99,99.99999999999991,10,sigma_log,0.5177504245631019,0.5012077472188777
ms_garch,4,0.99,99.99999999999991,10,roll_sigma_21,0.3267503212481909,0.3194421409959408
ms_garch,4,0.99,99.99999999999991,10,roll_abs_r_21,0.2177011044483841,0.2281750885898193
ms_garch,4,0.99,99.99999999999991,10,roll_abs_r_matched,0.14988103135127515,0.1521300157109277
ms_garch,4,0.99,99.99999999999991,11,sigma_true,0.5100021694158284,0.4373936474277298
ms_garch,4,0.99,99.99999999999991,11,sigma_log,0.5577230836137844,0.52160751201687
ms_garch,4,0.99,99.99999999999991,11,roll_sigma_21,0.3896284416299005,0.3549848905446334
ms_garch,4,0.99,99.99999999999991,11,roll_abs_r_21,0.25396761182824057,0.3162345301551896
ms_garch,4,0.99,99.99999999999991,11,roll_abs_r_matched,0.1511168204875509,0.18221531417175085
ms_garch,4,0.99,99.99999999999991,12,sigma_true,0.42636265459901473,0.4286571844314109
ms_garch,4,0.99,99.99999999999991,12,sigma_log,0.5607598978024535,0.5350997054890226
ms_garch,4,0.99,99.99999999999991,12,roll_sigma_21,0.36188496009659754,0.4714603280295598
ms_garch,4,0.99,99.99999999999991,12,roll_abs_r_21,0.2504318504651027,0.2351329990435271
ms_garch,4,0.99,99.99999999999991,12,roll_abs_r_matched,0.21003359485657364,0.210766769498111
ms_garch,4,0.99,99.99999999999991,13,sigma_true,0.436798278583757,0.3530256056035753
ms_garch,4,0.99,99.99999999999991,13,sigma_log,0.5333963180670832,0.5003787845146538
ms_garch,4,0.99,99.99999999999991,13,roll_sigma_21,0.3450215389281861,0.33572108461004707
ms_garch,4,0.99,99.99999999999991,13,roll_abs_r_21,0.2638035778642024,0.23169829849306936
ms_garch,4,0.99,99.99999999999991,13,roll_abs_r_matched,0.1841503089585649,0.18044862337041934
ms_garch,4,0.99,99.99999999999991,14,sigma_true,0.44693535147374036,0.4340123338099016
ms_garch,4,0.99,99.99999999999991,14,sigma_log,0.5692887772516843,0.5422893771426677
ms_garch,4,0.99,99.99999999999991,14,roll_sigma_21,0.36654428610436,0.38725802215941707
ms_garch,4,0.99,99.99999999999991,14,roll_abs_r_21,0.22110785291312587,0.23018827851709542
ms_garch,4,0.99,99.99999999999991,14,roll_abs_r_matched,0.15170789501417806,0.15524795298193927
ms_garch,4,0.99,99.99999999999991,15,sigma_true,0.31893060285789016,0.48181929777961885
ms_garch,4,0.99,99.99999999999991,15,sigma_log,0.5931596843197298,0.5547344213909934
ms_garch,4,0.99,99.99999999999991,15,roll_sigma_21,0.3779214461477971,0.38576311299806143
ms_garch,4,0.99,99.99999999999991,15,roll_abs_r_21,0.22515306379954422,0.22757878963700767
ms_garch,4,0.99,99.99999999999991,15,roll_abs_r_matched,0.1865395050877446,0.1808814009489469
ms_garch,4,0.99,99.99999999999991,16,sigma_true,0.491583883144913,0.47028653746715615
ms_garch,4,0.99,99.99999999999991,16,sigma_log,0.6057059180174659,0.5668147066037946
ms_garch,4,0.99,99.99999999999991,16,roll_sigma_21,0.3660633652320099,0.3672409371378101
ms_garch,4,0.99,99.99999999999991,16,roll_abs_r_21,0.20015450406990096,0.18832467340588688
ms_garch,4,0.99,99.99999999999991,16,roll_abs_r_matched,0.17706383644246038,0.18318461824488683
ms_garch,4,0.99,99.99999999999991,17,sigma_true,0.42364761528614564,0.4042667916900982
ms_garch,4,0.99,99.99999999999991,17,sigma_log,0.4613838403429926,0.4273266695285528
ms_garch,4,0.99,99.99999999999991,17,roll_sigma_21,0.36568956359648686,0.34067236627161607
ms_garch,4,0.99,99.99999999999991,17,roll_abs_r_21,0.21973751471777703,0.21436188154342165
ms_garch,4,0.99,99.99999999999991,17,roll_abs_r_matched,0.1542639700378622,0.15348278630294765
ms_garch,4,0.99,99.99999999999991,18,sigma_true,0.23752848836766405,0.412442863745598
ms_garch,4,0.99,99.99999999999991,18,sigma_log,0.5845612938317464,0.5278174674849353
ms_garch,4,0.99,99.99999999999991,18,roll_sigma_21,0.3332387965363895,0.3311317517509453
ms_garch,4,0.99,99.99999999999991,18,roll_abs_r_21,0.14617387497767112,0.1470096676003072
ms_garch,4,0.99,99.99999999999991,18,roll_abs_r_matched,0.13073153519827563,0.13673864794389923
ms_garch,4,0.99,99.99999999999991,19,sigma_true,0.4409318752036562,0.4146651587310169
ms_garch,4,0.99,99.99999999999991,19,sigma_log,0.4974014419369787,0.4095275744374708
ms_garch,4,0.99,99.99999999999991,19,roll_sigma_21,0.3685944061267942,0.35248817965016804
ms_garch,4,0.99,99.99999999999991,19,roll_abs_r_21,0.11868150628482432,0.11987577133593008
ms_garch,4,0.99,99.99999999999991,19,roll_abs_r_matched,0.06282241462087944,0.06307421967940728
hmm_t,2,0.9,10.000000000000002,0,sigma_true,1.0,1.0
hmm_t,2,0.9,10.000000000000002,0,sigma_log,1.0,1.0
hmm_t,2,0.9,10.000000000000002,0,roll_sigma_21,0.12148573282537851,0.1223296669869332
hmm_t,2,0.9,10.000000000000002,0,roll_abs_r_21,0.08276449891347629,0.07644026479585248
hmm_t,2,0.9,10.000000000000002,0,roll_abs_r_matched,0.1472936179389839,0.15760535779493826
hmm_t,2,0.9,10.000000000000002,1,sigma_true,1.0,1.0
hmm_t,2,0.9,10.000000000000002,1,sigma_log,1.0,1.0
hmm_t,2,0.9,10.000000000000002,1,roll_sigma_21,0.09368830799053192,0.09368830799053192
hmm_t,2,0.9,10.000000000000002,1,roll_abs_r_21,0.03710101483900485,0.029401185076979353
hmm_t,2,0.9,10.000000000000002,1,roll_abs_r_matched,0.09161221510685846,0.08524409881609239
hmm_t,2,0.9,10.000000000000002,2,sigma_true,1.0,1.0
hmm_t,2,0.9,10.000000000000002,2,sigma_log,1.0,1.0
hmm_t,2,0.9,10.000000000000002,2,roll_sigma_21,0.08386386668699139,0.08363566825196268
hmm_t,2,0.9,10.000000000000002,2,roll_abs_r_21,0.01794640636871713,0.008146190093372477
hmm_t,2,0.9,10.000000000000002,2,roll_abs_r_matched,0.05866534400605851,0.04012720843701481
hmm_t,2,0.9,10.000000000000002,3,sigma_true,1.0,1.0
hmm_t,2,0.9,10.000000000000002,3,sigma_log,1.0,1.0
hmm_t,2,0.9,10.000000000000002,3,roll_sigma_21,0.08024501915609517,0.07599223376295122
hmm_t,2,0.9,10.000000000000002,3,roll_abs_r_21,0.046641798607888516,0.040456336475238004
hmm_t,2,0.9,10.000000000000002,3,roll_abs_r_matched,0.09791730388849362,0.1081964194092461
hmm_t,2,0.9,10.000000000000002,4,sigma_true,1.0,1.0
hmm_t,2,0.9,10.000000000000002,4,sigma_log,1.0,1.0
hmm_t,2,0.9,10.000000000000002,4,roll_sigma_21,0.09492607557933808,0.09492607557933808
hmm_t,2,0.9,10.000000000000002,4,roll_abs_r_21,0.043752381282287985,0.04203253361691255
hmm_t,2,0.9,10.000000000000002,4,roll_abs_r_matched,0.11593749335543456,0.1134288949858627
hmm_t,2,0.9,10.000000000000002,5,sigma_true,1.0,1.0
hmm_t,2,0.9,10.000000000000002,5,sigma_log,1.0,1.0
hmm_t,2,0.9,10.000000000000002,5,roll_sigma_21,0.10531602252253841,0.10792978758732032
hmm_t,2,0.9,10.000000000000002,5,roll_abs_r_21,0.07911152537525065,0.07866160974928503
hmm_t,2,0.9,10.000000000000002,5,roll_abs_r_matched,0.15317176200565547,0.16957454696419694
hmm_t,2,0.9,10.000000000000002,6,sigma_true,1.0,1.0
hmm_t,2,0.9,10.000000000000002,6,sigma_log,1.0,1.0
hmm_t,2,0.9,10.000000000000002,6,roll_sigma_21,0.09029706555630762,0.0876653885591732
hmm_t,2,0.9,10.000000000000002,6,roll_abs_r_21,0.0612995402728273,0.06269966356045314
hmm_t,2,0.9,10.000000000000002,6,roll_abs_r_matched,0.13935424564321017,0.150971511869238
hmm_t,2,0.9,10.000000000000002,7,sigma_true,1.0,1.0
hmm_t,2,0.9,10.000000000000002,7,sigma_log,1.0,1.0
hmm_t,2,0.9,10.000000000000002,7,roll_sigma_21,0.06596324450501417,0.07077811797871672
hmm_t,2,0.9,10.000000000000002,7,roll_abs_r_21,0.051428230064841964,0.048913721356585255
hmm_t,2,0.9,10.000000000000002,7,roll_abs_r_matched,0.1311558390948452,0.13028722659267442
hmm_t,2,0.9,10.000000000000002,8,sigma_true,1.0,1.0
hmm_t,2,0.9,10.000000000000002,8,sigma_log,1.0,1.0
hmm_t,2,0.9,10.000000000000002,8,roll_sigma_21,0.08457973582586127,0.07191103725967485
hmm_t,2,0.9,10.000000000000002,8,roll_abs_r_21,0.04152035131957003,0.03828316174623371
hmm_t,2,0.9,10.000000000000002,8,roll_abs_r_matched,0.08567549942630388,0.08900863616994463
hmm_t,2,0.9,10.000000000000002,9,sigma_true,1.0,1.0
hmm_t,2,0.9,10.000000000000002,9,sigma_log,1.0,1.0
hmm_t,2,0.9,10.000000000000002,9,roll_sigma_21,0.09941870478298083,0.10196393874521202
hmm_t,2,0.9,10.000000000000002,9,roll_abs_r_21,0.049578910404256576,0.036226212984296784
hmm_t,2,0.9,10.000000000000002,9,roll_abs_r_matched,0.12169944681274156,0.12226087822025171
hmm_t,2,0.9,10.000000000000002,10,sigma_true,1.0,1.0
hmm_t,2,0.9,10.000000000000002,10,sigma_log,1.0,1.0
hmm_t,2,0.9,10.000000000000002,10,roll_sigma_21,0.07821548990683823,0.07077829604850121
hmm_t,2,0.9,10.000000000000002,10,roll_abs_r_21,0.043233065963223315,0.04174240845968361
hmm_t,2,0.9,10.000000000000002,10,roll_abs_r_matched,0.10686632136486035,0.10712817897784904
hmm_t,2,0.9,10.000000000000002,11,sigma_true,1.0,1.0
hmm_t,2,0.9,10.000000000000002,11,sigma_log,1.0,1.0
hmm_t,2,0.9,10.000000000000002,11,roll_sigma_21,0.07035740868978037,0.06887868912031538
hmm_t,2,0.9,10.000000000000002,11,roll_abs_r_21,0.05857228873863524,0.05607900140359565
hmm_t,2,0.9,10.000000000000002,11,roll_abs_r_matched,0.1251492014432522,0.1254323567397739
hmm_t,2,0.9,10.000000000000002,12,sigma_true,1.0,1.0
hmm_t,2,0.9,10.000000000000002,12,sigma_log,1.0,1.0
hmm_t,2,0.9,10.000000000000002,12,roll_sigma_21,0.12288507496750346,0.11706003930133481
hmm_t,2,0.9,10.000000000000002,12,roll_abs_r_21,0.06392094581937502,0.06331415245635737
hmm_t,2,0.9,10.000000000000002,12,roll_abs_r_matched,0.1116406536803583,0.11460379962717691
hmm_t,2,0.9,10.000000000000002,13,sigma_true,1.0,1.0
hmm_t,2,0.9,10.000000000000002,13,sigma_log,1.0,1.0
hmm_t,2,0.9,10.000000000000002,13,roll_sigma_21,0.09005785209846366,0.08578149604927814
hmm_t,2,0.9,10.000000000000002,13,roll_abs_r_21,0.06844142217438955,0.06490947806872087
hmm_t,2,0.9,10.000000000000002,13,roll_abs_r_matched,0.141789186055643,0.14573823122953405
hmm_t,2,0.9,10.000000000000002,14,sigma_true,1.0,1.0
hmm_t,2,0.9,10.000000000000002,14,sigma_log,1.0,1.0
hmm_t,2,0.9,10.000000000000002,14,roll_sigma_21,0.09272143387174732,0.08790614060785744
hmm_t,2,0.9,10.000000000000002,14,roll_abs_r_21,0.051965075788235705,0.0526993357265197
hmm_t,2,0.9,10.000000000000002,14,roll_abs_r_matched,0.14603839268528654,0.15536738732692815
hmm_t,2,0.9,10.000000000000002,15,sigma_true,1.0,1.0
hmm_t,2,0.9,10.000000000000002,15,sigma_log,1.0,1.0
hmm_t,2,0.9,10.000000000000002,15,roll_sigma_21,0.10324666934889384,0.10766331171478769
hmm_t,2,0.9,10.000000000000002,15,roll_abs_r_21,0.034092914539051423,0.027057393803834293
hmm_t,2,0.9,10.000000000000002,15,roll_abs_r_matched,0.10738876715350676,0.10712565754748614
hmm_t,2,0.9,10.000000000000002,16,sigma_true,1.0,1.0
hmm_t,2,0.9,10.000000000000002,16,sigma_log,1.0,1.0
hmm_t,2,0.9,10.000000000000002,16,roll_sigma_21,0.10068326606256911,0.10042921158216099
hmm_t,2,0.9,10.000000000000002,16,roll_abs_r_21,0.06326131683829547,0.05292942261088776
hmm_t,2,0.9,10.000000000000002,16,roll_abs_r_matched,0.12417918656031916,0.11882949381802542
hmm_t,2,0.9,10.000000000000002,17,sigma_true,1.0,1.0
hmm_t,2,0.9,10.000000000000002,17,sigma_log,1.0,1.0
hmm_t,2,0.9,10.000000000000002,17,roll_sigma_21,0.0782147518166966,0.07035342376190458
hmm_t,2,0.9,10.000000000000002,17,roll_abs_r_21,0.05446067227958405,0.034488579531200395
hmm_t,2,0.9,10.000000000000002,17,roll_abs_r_matched,0.10366681722142039,0.08210163675994457
hmm_t,2,0.9,10.000000000000002,18,sigma_true,1.0,1.0
hmm_t,2,0.9,10.000000000000002,18,sigma_log,1.0,1.0
hmm_t,2,0.9,10.000000000000002,18,roll_sigma_21,0.1217082317940748,0.1129869232867651
hmm_t,2,0.9,10.000000000000002,18,roll_abs_r_21,0.06318183680200891,0.06297837530333691
hmm_t,2,0.9,10.000000000000002,18,roll_abs_r_matched,0.15724151651111073,0.16215371845332874
hmm_t,2,0.9,10.000000000000002,19,sigma_true,1.0,1.0
hmm_t,2,0.9,10.000000000000002,19,sigma_log,1.0,1.0
hmm_t,2,0.9,10.000000000000002,19,roll_sigma_21,0.09866352450495212,0.09916508603267149
hmm_t,2,0.9,10.000000000000002,19,roll_abs_r_21,0.06422864664625513,0.056234559260605735
hmm_t,2,0.9,10.000000000000002,19,roll_abs_r_matched,0.11384994721627813,0.11087415859895357
hmm_t,2,0.95,19.999999999999982,0,sigma_true,1.0,1.0
hmm_t,2,0.95,19.999999999999982,0,sigma_log,1.0,1.0
hmm_t,2,0.95,19.999999999999982,0,roll_sigma_21,0.193438727562243,0.18165409990645026
hmm_t,2,0.95,19.999999999999982,0,roll_abs_r_21,0.13643299758381336,0.1317426569196919
hmm_t,2,0.95,19.999999999999982,0,roll_abs_r_matched,0.13910743893321034,0.14030466847902393
hmm_t,2,0.95,19.999999999999982,1,sigma_true,1.0,1.0
hmm_t,2,0.95,19.999999999999982,1,sigma_log,1.0,1.0
hmm_t,2,0.95,19.999999999999982,1,roll_sigma_21,0.2446224692244944,0.2494449468564046
hmm_t,2,0.95,19.999999999999982,1,roll_abs_r_21,0.21165546966650933,0.20923887108541453
hmm_t,2,0.95,19.999999999999982,1,roll_abs_r_matched,0.21870607193453206,0.21625060139644445
hmm_t,2,0.95,19.999999999999982,2,sigma_true,1.0,1.0
hmm_t,2,0.95,19.999999999999982,2,sigma_log,1.0,1.0
hmm_t,2,0.95,19.999999999999982,2,roll_sigma_21,0.17455890930042334,0.17690807112945525
hmm_t,2,0.95,19.999999999999982,2,roll_abs_r_21,0.14241074328703002,0.15443742347761322
hmm_t,2,0.95,19.999999999999982,2,roll_abs_r_matched,0.15569869134606526,0.15855457642565343
hmm_t,2,0.95,19.999999999999982,3,sigma_true,1.0,1.0
hmm_t,2,0.95,19.999999999999982,3,sigma_log,1.0,1.0
hmm_t,2,0.95,19.999999999999982,3,roll_sigma_21,0.23101489486980703,0.23101489486980703
hmm_t,2,0.95,19.999999999999982,3,roll_abs_r_21,0.19203406478577795,0.1837130334215273
hmm_t,2,0.95,19.999999999999982,3,roll_abs_r_matched,0.1944976771917818,0.19983475050668095
hmm_t,2,0.95,19.999999999999982,4,sigma_true,1.0,1.0
hmm_t,2,0.95,19.999999999999982,4,sigma_log,1.0,1.0
hmm_t,2,0.95,19.999999999999982,4,roll_sigma_21,0.19966508174565573,0.1941404002983351
hmm_t,2,0.95,19.999999999999982,4,roll_abs_r_21,0.1248116952826728,0.17405442701544918
hmm_t,2,0.95,19.999999999999982,4,roll_abs_r_matched,0.12791855386231193,0.1840005433553824
hmm_t,2,0.95,19.999999999999982,5,sigma_true,1.0,1.0
hmm_t,2,0.95,19.999999999999982,5,sigma_log,1.0,1.0
hmm_t,2,0.95,19.999999999999982,5,roll_sigma_21,0.20269640181579865,0.18472012731293241
hmm_t,2,0.95,19.999999999999982,5,roll_abs_r_21,0.1431809743279645,0.14502912588688652
hmm_t,2,0.95,19.999999999999982,5,roll_abs_r_matched,0.153991290815383,0.15687283527625323
hmm_t,2,0.95,19.999999999999982,6,sigma_true,1.0,1.0
hmm_t,2,0.95,19.999999999999982,6,sigma_log,1.0,1.0
hmm_t,2,0.95,19.999999999999982,6,roll_sigma_21,0.2591077293484033,0.12500880544806
hmm_t,2,0.95,19.999999999999982,6,roll_abs_r_21,0.19303476118071045,0.21514037656217336
hmm_t,2,0.95,19.999999999999982,6,roll_abs_r_matched,0.19654429667391934,0.22489917888750388
hmm_t,2,0.95,19.999999999999982,7,sigma_true,1.0,1.0
hmm_t,2,0.95,19.999999999999982,7,sigma_log,1.0,1.0
hmm_t,2,0.95,19.999999999999982,7,roll_sigma_21,0.2103394894507635,0.21402605733862506
hmm_t,2,0.95,19.999999999999982,7,roll_abs_r_21,0.15037209706512739,0.1547514051690711
hmm_t,2,0.95,19.999999999999982,7,roll_abs_r_matched,0.15791526941341946,0.16337162076602138
hmm_t,2,0.95,19.999999999999982,8,sigma_true,1.0,1.0
hmm_t,2,0.95,19.999999999999982,8,sigma_log,1.0,1.0
hmm_t,2,0.95,19.999999999999982,8,roll_sigma_21,0.18680397172027918,0.19063210028356598
hmm_t,2,0.95,19.999999999999982,8,roll_abs_r_21,0.16621759831188385,0.17183727843119265
hmm_t,2,0.95,19.999999999999982,8,roll_abs_r_matched,0.16915748529276253,0.17415500084298682
hmm_t,2,0.95,19.999999999999982,9,sigma_true,1.0,1.0
hmm_t,2,0.95,19.999999999999982,9,sigma_log,1.0,1.0
hmm_t,2,0.95,19.999999999999982,9,roll_sigma_21,0.2196174463424808,0.13648828733312174
hmm_t,2,0.95,19.999999999999982,9,roll_abs_r_21,0.16728375457559827,0.20126171100986012
hmm_t,2,0.95,19.999999999999982,9,roll_abs_r_matched,0.1759047626341772,0.2129172395875358
hmm_t,2,0.95,19.999999999999982,10,sigma_true,1.0,1.0
hmm_t,2,0.95,19.999999999999982,10,sigma_log,1.0,1.0
hmm_t,2,0.95,19.999999999999982,10,roll_sigma_21,0.2155034157017318,0.1266448066454541
hmm_t,2,0.95,19.999999999999982,10,roll_abs_r_21,0.20796727031031653,0.1991120428139609
hmm_t,2,0.95,19.999999999999982,10,roll_abs_r_matched,0.2156809428901183,0.21548833171169185
hmm_t,2,0.95,19.999999999999982,11,sigma_true,1.0,1.0
hmm_t,2,0.95,19.999999999999982,11,sigma_log,1.0,1.0
hmm_t,2,0.95,19.999999999999982,11,roll_sigma_21,0.1923809477185905,0.18165279883298976
hmm_t,2,0.95,19.999999999999982,11,roll_abs_r_21,0.15886316637796868,0.1669485185971407
hmm_t,2,0.95,19.999999999999982,11,roll_abs_r_matched,0.1669398261310932,0.18165200437717147
hmm_t,2,0.95,19.999999999999982,12,sigma_true,1.0,1.0
hmm_t,2,0.95,19.999999999999982,12,sigma_log,1.0,1.0
hmm_t,2,0.95,19.999999999999982,12,roll_sigma_21,0.25545021212403196,0.25545021212403196
hmm_t,2,0.95,19.999999999999982,12,roll_abs_r_21,0.18007664689866204,0.1811716459164731
hmm_t,2,0.95,19.999999999999982,12,roll_abs_r_matched,0.18798346649091568,0.19295173496967363
hmm_t,2,0.95,19.999999999999982,13,sigma_true,1.0,1.0
hmm_t,2,0.95,19.999999999999982,13,sigma_log,1.0,1.0
hmm_t,2,0.95,19.999999999999982,13,roll_sigma_21,0.23837932683189922,0.23837932683189922
hmm_t,2,0.95,19.999999999999982,13,roll_abs_r_21,0.2203229256270507,0.2103310128505974
hmm_t,2,0.95,19.999999999999982,13,roll_abs_r_matched,0.22637361202486456,0.20125176332647787
hmm_t,2,0.95,19.999999999999982,14,sigma_true,1.0,1.0
hmm_t,2,0.95,19.999999999999982,14,sigma_log,1.0,1.0
hmm_t,2,0.95,19.999999999999982,14,roll_sigma_21,0.21662456851012496,0.21328659468686362
hmm_t,2,0.95,19.999999999999982,14,roll_abs_r_21,0.18955364306338654,0.20052897889949767
hmm_t,2,0.95,19.999999999999982,14,roll_abs_r_matched,0.19339888799472046,0.206298274408049
hmm_t,2,0.95,19.999999999999982,15,sigma_true,1.0,1.0
hmm_t,2,0.95,19.999999999999982,15,sigma_log,1.0,1.0
hmm_t,2,0.95,19.999999999999982,15,roll_sigma_21,0.19733085982967008,0.1857718118574703
hmm_t,2,0.95,19.999999999999982,15,roll_abs_r_21,0.1497549643229859,0.16760586281731568
hmm_t,2,0.95,19.999999999999982,15,roll_abs_r_matched,0.15664870478706655,0.17657165638830302
hmm_t,2,0.95,19.999999999999982,16,sigma_true,1.0,1.0
hmm_t,2,0.95,19.999999999999982,16,sigma_log,1.0,1.0
hmm_t,2,0.95,19.999999999999982,16,roll_sigma_21,0.2518288156453853,0.14979595272081456
hmm_t,2,0.95,19.999999999999982,16,roll_abs_r_21,0.20123098212223586,0.21328267982960877
hmm_t,2,0.95,19.999999999999982,16,roll_abs_r_matched,0.20702400282418304,0.23061576549076726
hmm_t,2,0.95,19.999999999999982,17,sigma_true,1.0,1.0
hmm_t,2,0.95,19.999999999999982,17,sigma_log,1.0,1.0
hmm_t,2,0.95,19.999999999999982,17,roll_sigma_21,0.18715329638211037,0.18784595730075962
hmm_t,2,0.95,19.999999999999982,17,roll_abs_r_21,0.15727666431270654,0.1695778769297763
hmm_t,2,0.95,19.999999999999982,17,roll_abs_r_matched,0.1679294066272514,0.18888880474580733
hmm_t,2,0.95,19.999999999999982,18,sigma_true,1.0,1.0
hmm_t,2,0.95,19.999999999999982,18,sigma_log,1.0,1.0
hmm_t,2,0.95,19.999999999999982,18,roll_sigma_21,0.2534643725141126,0.16708267688480985
hmm_t,2,0.95,19.999999999999982,18,roll_abs_r_21,0.19692917480364533,0.22225169100335743
hmm_t,2,0.95,19.999999999999982,18,roll_abs_r_matched,0.20012142837486938,0.22680311349579732
hmm_t,2,0.95,19.999999999999982,19,sigma_true,1.0,1.0
hmm_t,2,0.95,19.999999999999982,19,sigma_log,1.0,1.0
hmm_t,2,0.95,19.999999999999982,19,roll_sigma_21,0.1823277649662039,0.1823277649662039
hmm_t,2,0.95,19.999999999999982,19,roll_abs_r_21,0.15915191212284374,0.16498303980916282
hmm_t,2,0.95,19.999999999999982,19,roll_abs_r_matched,0.1672366974407745,0.1864527930577421
hmm_t,2,0.99,99.99999999999991,0,sigma_true,1.0,1.0
hmm_t,2,0.99,99.99999999999991,0,sigma_log,1.0,1.0
hmm_t,2,0.99,99.99999999999991,0,roll_sigma_21,0.658626280947565,0.658626280947565
hmm_t,2,0.99,99.99999999999991,0,roll_abs_r_21,0.5421927211928639,0.5732650560376011
hmm_t,2,0.99,99.99999999999991,0,roll_abs_r_matched,0.18439033613056274,0.18993172526080324
hmm_t,2,0.99,99.99999999999991,1,sigma_true,1.0,1.0
hmm_t,2,0.99,99.99999999999991,1,sigma_log,1.0,1.0
hmm_t,2,0.99,99.99999999999991,1,roll_sigma_21,0.6278233242984835,0.61457996491269
hmm_t,2,0.99,99.99999999999991,1,roll_abs_r_21,0.5492875634894038,0.5928189170725213
hmm_t,2,0.99,99.99999999999991,1,roll_abs_r_matched,0.10247672664847672,0.10145372353663129
hmm_t,2,0.99,99.99999999999991,2,sigma_true,1.0,1.0
hmm_t,2,0.99,99.99999999999991,2,sigma_log,1.0,1.0
hmm_t,2,0.99,99.99999999999991,2,roll_sigma_21,0.6828634560118008,0.6482490699999695
hmm_t,2,0.99,99.99999999999991,2,roll_abs_r_21,0.5102510031250852,0.5847333603072316
hmm_t,2,0.99,99.99999999999991,2,roll_abs_r_matched,0.1913303630889768,0.20124582205415809
hmm_t,2,0.99,99.99999999999991,3,sigma_true,1.0,1.0
hmm_t,2,0.99,99.99999999999991,3,sigma_log,1.0,1.0
hmm_t,2,0.99,99.99999999999991,3,roll_sigma_21,0.6684014302182686,0.6482587095372073
hmm_t,2,0.99,99.99999999999991,3,roll_abs_r_21,0.5732662404663428,0.617701730391582
hmm_t,2,0.99,99.99999999999991,3,roll_abs_r_matched,0.2570839542484806,0.25820186787288657
hmm_t,2,0.99,99.99999999999991,4,sigma_true,1.0,1.0
hmm_t,2,0.99,99.99999999999991,4,sigma_log,1.0,1.0
hmm_t,2,0.99,99.99999999999991,4,roll_sigma_21,0.6908315971827583,0.6502135824693389
hmm_t,2,0.99,99.99999999999991,4,roll_abs_r_21,0.5928187406273492,0.6183495419572955
hmm_t,2,0.99,99.99999999999991,4,roll_abs_r_matched,0.1826784501640163,0.16664228505107073
hmm_t,2,0.99,99.99999999999991,5,sigma_true,1.0,1.0
hmm_t,2,0.99,99.99999999999991,5,sigma_log,1.0,1.0
hmm_t,2,0.99,99.99999999999991,5,roll_sigma_21,0.7731343491130812,0.7221766446537576
hmm_t,2,0.99,99.99999999999991,5,roll_abs_r_21,0.6195530057930118,0.7367519566846309
hmm_t,2,0.99,99.99999999999991,5,roll_abs_r_matched,0.2843832231620956,0.28595789561090523
hmm_t,2,0.99,99.99999999999991,6,sigma_true,1.0,1.0
hmm_t,2,0.99,99.99999999999991,6,sigma_log,1.0,1.0
hmm_t,2,0.99,99.99999999999991,6,roll_sigma_21,0.7645021489051051,0.7478267376633729
hmm_t,2,0.99,99.99999999999991,6,roll_abs_r_21,0.6822081113210017,0.7142368348873773
hmm_t,2,0.99,99.99999999999991,6,roll_abs_r_matched,0.3793180769985644,0.3865554599803227
hmm_t,2,0.99,99.99999999999991,7,sigma_true,1.0,1.0
hmm_t,2,0.99,99.99999999999991,7,sigma_log,1.0,1.0
hmm_t,2,0.99,99.99999999999991,7,roll_sigma_21,0.6444158389270138,0.647620569370633
hmm_t,2,0.99,99.99999999999991,7,roll_abs_r_21,0.5188775922993069,0.5781133736945308
hmm_t,2,0.99,99.99999999999991,7,roll_abs_r_matched,0.0951640799559711,0.09516696730236592
hmm_t,2,0.99,99.99999999999991,8,sigma_true,1.0,1.0
hmm_t,2,0.99,99.99999999999991,8,sigma_log,1.0,1.0
hmm_t,2,0.99,99.99999999999991,8,roll_sigma_21,0.6828583635143533,0.6716582114518104
hmm_t,2,0.99,99.99999999999991,8,roll_abs_r_21,0.6233370977138509,0.641850189467434
hmm_t,2,0.99,99.99999999999991,8,roll_abs_r_matched,0.24664571385984746,0.24872125996293382
hmm_t,2,0.99,99.99999999999991,9,sigma_true,1.0,1.0
hmm_t,2,0.99,99.99999999999991,9,sigma_log,1.0,1.0
hmm_t,2,0.99,99.99999999999991,9,roll_sigma_21,0.7603360611490242,0.7673294770639494
hmm_t,2,0.99,99.99999999999991,9,roll_abs_r_21,0.6815520454587061,0.692162633461044
hmm_t,2,0.99,99.99999999999991,9,roll_abs_r_matched,0.26817768156108074,0.23722548598217066
hmm_t,2,0.99,99.99999999999991,10,sigma_true,1.0,1.0
hmm_t,2,0.99,99.99999999999991,10,sigma_log,1.0,1.0
hmm_t,2,0.99,99.99999999999991,10,roll_sigma_21,0.6560314711696669,0.6386502003913841
hmm_t,2,0.99,99.99999999999991,10,roll_abs_r_21,0.6355222587731372,0.6563608175300875
hmm_t,2,0.99,99.99999999999991,10,roll_abs_r_matched,0.1430352586466121,0.10920895161818718
hmm_t,2,0.99,99.99999999999991,11,sigma_true,1.0,1.0
hmm_t,2,0.99,99.99999999999991,11,sigma_log,1.0,1.0
hmm_t,2,0.99,99.99999999999991,11,roll_sigma_21,0.6868465402111366,0.6868465402111366
hmm_t,2,0.99,99.99999999999991,11,roll_abs_r_21,0.6196063832606122,0.5860563845821305
hmm_t,2,0.99,99.99999999999991,11,roll_abs_r_matched,0.18404799046971754,0.17021647516327862
hmm_t,2,0.99,99.99999999999991,12,sigma_true,1.0,1.0
hmm_t,2,0.99,99.99999999999991,12,sigma_log,1.0,1.0
hmm_t,2,0.99,99.99999999999991,12,roll_sigma_21,0.7575251314461366,0.7547623112863978
hmm_t,2,0.99,99.99999999999991,12,roll_abs_r_21,0.7101887633523989,0.6703666868702866
hmm_t,2,0.99,99.99999999999991,12,roll_abs_r_matched,0.4175547386153542,0.420701442370291
hmm_t,2,0.99,99.99999999999991,13,sigma_true,1.0,1.0
hmm_t,2,0.99,99.99999999999991,13,sigma_log,1.0,1.0
hmm_t,2,0.99,99.99999999999991,13,roll_sigma_21,0.6278233262823772,0.6227616780825007
hmm_t,2,0.99,99.99999999999991,13,roll_abs_r_21,0.5304726772709053,0.5171523785557909
hmm_t,2,0.99,99.99999999999991,13,roll_abs_r_matched,0.11352654284549009,0.1206499359311236
hmm_t,2,0.99,99.99999999999991,14,sigma_true,1.0,1.0
hmm_t,2,0.99,99.99999999999991,14,sigma_log,1.0,1.0
hmm_t,2,0.99,99.99999999999991,14,roll_sigma_21,0.6822123217318421,0.6769305098213927
hmm_t,2,0.99,99.99999999999991,14,roll_abs_r_21,0.6196045853043668,0.6729906338908106
hmm_t,2,0.99,99.99999999999991,14,roll_abs_r_matched,0.2871486277208868,0.28929741455680463
hmm_t,2,0.99,99.99999999999991,15,sigma_true,1.0,1.0
hmm_t,2,0.99,99.99999999999991,15,sigma_log,1.0,1.0
hmm_t,2,0.99,99.99999999999991,15,roll_sigma_21,0.7170083044596598,0.7028439973459024
hmm_t,2,0.99,99.99999999999991,15,roll_abs_r_21,0.6089018668937534,0.6158257571387481
hmm_t,2,0.99,99.99999999999991,15,roll_abs_r_matched,0.17421504160800377,0.17297404551894202
hmm_t,2,0.99,99.99999999999991,16,sigma_true,1.0,1.0
hmm_t,2,0.99,99.99999999999991,16,sigma_log,1.0,1.0
hmm_t,2,0.99,99.99999999999991,16,roll_sigma_21,0.6841892071772541,0.6638114531962895
hmm_t,2,0.99,99.99999999999991,16,roll_abs_r_21,0.5714469159735253,0.6469699856560696
hmm_t,2,0.99,99.99999999999991,16,roll_abs_r_matched,0.22299421023725327,0.23326528443027422
hmm_t,2,0.99,99.99999999999991,17,sigma_true,1.0,1.0
hmm_t,2,0.99,99.99999999999991,17,sigma_log,1.0,1.0
hmm_t,2,0.99,99.99999999999991,17,roll_sigma_21,0.7436814825658933,0.7436814825658933
hmm_t,2,0.99,99.99999999999991,17,roll_abs_r_21,0.6599217399377894,0.6855202382419511
hmm_t,2,0.99,99.99999999999991,17,roll_abs_r_matched,0.2546276313785478,0.2546276313785478
hmm_t,2,0.99,99.99999999999991,18,sigma_true,1.0,1.0
hmm_t,2,0.99,99.99999999999991,18,sigma_log,1.0,1.0
hmm_t,2,0.99,99.99999999999991,18,roll_sigma_21,0.6716784913446514,0.6716784913446514
hmm_t,2,0.99,99.99999999999991,18,roll_abs_r_21,0.5959035010735452,0.6252902774329663
hmm_t,2,0.99,99.99999999999991,18,roll_abs_r_matched,0.10453798134536589,0.12037429544182765
hmm_t,2,0.99,99.99999999999991,19,sigma_true,1.0,1.0
hmm_t,2,0.99,99.99999999999991,19,sigma_log,1.0,1.0
hmm_t,2,0.99,99.99999999999991,19,roll_sigma_21,0.6769261408831526,0.6534157991735475
hmm_t,2,0.99,99.99999999999991,19,roll_abs_r_21,0.6014758006080773,0.6482260971860657
hmm_t,2,0.99,99.99999999999991,19,roll_abs_r_matched,0.12540593397660943,0.12711947403357524
hmm_t,3,0.9,10.000000000000002,0,sigma_true,1.0,1.0
hmm_t,3,0.9,10.000000000000002,0,sigma_log,1.0,1.0
hmm_t,3,0.9,10.000000000000002,0,roll_sigma_21,0.10038010150376829,0.09918571717577723
hmm_t,3,0.9,10.000000000000002,0,roll_abs_r_21,0.07414933593631838,0.07312757081191146
hmm_t,3,0.9,10.000000000000002,0,roll_abs_r_matched,0.15831747074268207,0.16525002370443934
hmm_t,3,0.9,10.000000000000002,1,sigma_true,1.0,1.0
hmm_t,3,0.9,10.000000000000002,1,sigma_log,1.0,1.0
hmm_t,3,0.9,10.000000000000002,1,roll_sigma_21,0.07308602539226396,0.07628448172506275
hmm_t,3,0.9,10.000000000000002,1,roll_abs_r_21,0.062034351374776246,0.0621559459986724
hmm_t,3,0.9,10.000000000000002,1,roll_abs_r_matched,0.14308553667012625,0.14944009572684017
hmm_t,3,0.9,10.000000000000002,2,sigma_true,1.0,1.0
hmm_t,3,0.9,10.000000000000002,2,sigma_log,1.0,1.0
hmm_t,3,0.9,10.000000000000002,2,roll_sigma_21,0.07106775099605384,0.0650263180486739
hmm_t,3,0.9,10.000000000000002,2,roll_abs_r_21,0.04502874420037515,0.04460175502458824
hmm_t,3,0.9,10.000000000000002,2,roll_abs_r_matched,0.13088759447326556,0.1339045100699449
hmm_t,3,0.9,10.000000000000002,3,sigma_true,1.0,1.0
hmm_t,3,0.9,10.000000000000002,3,sigma_log,1.0,1.0
hmm_t,3,0.9,10.000000000000002,3,roll_sigma_21,0.10799513377491447,0.09978771039419614
hmm_t,3,0.9,10.000000000000002,3,roll_abs_r_21,0.06874462473239375,0.06493478698365449
hmm_t,3,0.9,10.000000000000002,3,roll_abs_r_matched,0.12668295229841386,0.12410772160234064
hmm_t,3,0.9,10.000000000000002,4,sigma_true,1.0,1.0
hmm_t,3,0.9,10.000000000000002,4,sigma_log,1.0,1.0
hmm_t,3,0.9,10.000000000000002,4,roll_sigma_21,0.10930891318731246,0.08372950351584096
hmm_t,3,0.9,10.000000000000002,4,roll_abs_r_21,0.056754188516522856,0.0565332465576175
hmm_t,3,0.9,10.000000000000002,4,roll_abs_r_matched,0.13799477365292506,0.13808104258752163
hmm_t,3,0.9,10.000000000000002,5,sigma_true,1.0,1.0
hmm_t,3,0.9,10.000000000000002,5,sigma_log,1.0,1.0
hmm_t,3,0.9,10.000000000000002,5,roll_sigma_21,0.0989999133665487,0.09022640715115535
hmm_t,3,0.9,10.000000000000002,5,roll_abs_r_21,0.09190794114677295,0.08885184622034661
hmm_t,3,0.9,10.000000000000002,5,roll_abs_r_matched,0.1389296927296573,0.14592424879335994
hmm_t,3,0.9,10.000000000000002,6,sigma_true,1.0,1.0
hmm_t,3,0.9,10.000000000000002,6,sigma_log,1.0,1.0
hmm_t,3,0.9,10.000000000000002,6,roll_sigma_21,0.09643809343237489,0.09111360092389977
hmm_t,3,0.9,10.000000000000002,6,roll_abs_r_21,0.06406514164508997,0.05710624344006787
hmm_t,3,0.9,10.000000000000002,6,roll_abs_r_matched,0.12571295080356745,0.14124683273578179
hmm_t,3,0.9,10.000000000000002,7,sigma_true,1.0,1.0
hmm_t,3,0.9,10.000000000000002,7,sigma_log,1.0,1.0
hmm_t,3,0.9,10.000000000000002,7,roll_sigma_21,0.07391609416325887,0.07937949472892827
hmm_t,3,0.9,10.000000000000002,7,roll_abs_r_21,0.05612151450848583,0.05463431666813473
hmm_t,3,0.9,10.000000000000002,7,roll_abs_r_matched,0.11401338120378143,0.11556199748636753
hmm_t,3,0.9,10.000000000000002,8,sigma_true,1.0,1.0
hmm_t,3,0.9,10.000000000000002,8,sigma_log,1.0,1.0
hmm_t,3,0.9,10.000000000000002,8,roll_sigma_21,0.0852825167530931,0.08294368469799819
hmm_t,3,0.9,10.000000000000002,8,roll_abs_r_21,0.06394314554913921,0.06367459977571456
hmm_t,3,0.9,10.000000000000002,8,roll_abs_r_matched,0.12429446475361788,0.12315521907935491
hmm_t,3,0.9,10.000000000000002,9,sigma_true,1.0,1.0
hmm_t,3,0.9,10.000000000000002,9,sigma_log,1.0,1.0
hmm_t,3,0.9,10.000000000000002,9,roll_sigma_21,0.09082473975497725,0.0845711968690834
hmm_t,3,0.9,10.000000000000002,9,roll_abs_r_21,0.04643132926389039,0.04873381023097129
hmm_t,3,0.9,10.000000000000002,9,roll_abs_r_matched,0.10657875108822144,0.1145378777640933
hmm_t,3,0.9,10.000000000000002,10,sigma_true,1.0,1.0
hmm_t,3,0.9,10.000000000000002,10,sigma_log,1.0,1.0
hmm_t,3,0.9,10.000000000000002,10,roll_sigma_21,0.09798545243272486,0.10142260242522712
hmm_t,3,0.9,10.000000000000002,10,roll_abs_r_21,0.06036847126605697,0.060331972624970504
hmm_t,3,0.9,10.000000000000002,10,roll_abs_r_matched,0.12134639156330401,0.12180451491057208
hmm_t,3,0.9,10.000000000000002,11,sigma_true,1.0,1.0
hmm_t,3,0.9,10.000000000000002,11,sigma_log,1.0,1.0
hmm_t,3,0.9,10.000000000000002,11,roll_sigma_21,0.112280870343193,0.10495992459207207
hmm_t,3,0.9,10.000000000000002,11,roll_abs_r_21,0.07424937967860258,0.07360035455993112
hmm_t,3,0.9,10.000000000000002,11,roll_abs_r_matched,0.12585418786645788,0.12718617465888615
hmm_t,3,0.9,10.000000000000002,12,sigma_true,1.0,1.0
hmm_t,3,0.9,10.000000000000002,12,sigma_log,1.0,1.0
hmm_t,3,0.9,10.000000000000002,12,roll_sigma_21,0.08944718652063238,0.08202668497602782
hmm_t,3,0.9,10.000000000000002,12,roll_abs_r_21,0.06719930145410312,0.07127254069347237
hmm_t,3,0.9,10.000000000000002,12,roll_abs_r_matched,0.13588823302499478,0.13444034096734714
hmm_t,3,0.9,10.000000000000002,13,sigma_true,1.0,1.0
hmm_t,3,0.9,10.000000000000002,13,sigma_log,1.0,1.0
hmm_t,3,0.9,10.000000000000002,13,roll_sigma_21,0.10530927853433707,0.0912310681883376
hmm_t,3,0.9,10.000000000000002,13,roll_abs_r_21,0.052593577851756376,0.05178148597216448
hmm_t,3,0.9,10.000000000000002,13,roll_abs_r_matched,0.10738488028071314,0.1087350689350736
hmm_t,3,0.9,10.000000000000002,14,sigma_true,1.0,1.0
hmm_t,3,0.9,10.000000000000002,14,sigma_log,1.0,1.0
hmm_t,3,0.9,10.000000000000002,14,roll_sigma_21,0.12467864250114037,0.12102719113291914
hmm_t,3,0.9,10.000000000000002,14,roll_abs_r_21,0.09162518440086925,0.09034879388298342
hmm_t,3,0.9,10.000000000000002,14,roll_abs_r_matched,0.1635427824216636,0.16206342166825244
hmm_t,3,0.9,10.000000000000002,15,sigma_true,1.0,1.0
hmm_t,3,0.9,10.000000000000002,15,sigma_log,1.0,1.0
hmm_t,3,0.9,10.000000000000002,15,roll_sigma_21,0.06990065902789405,0.06934896732330652
hmm_t,3,0.9,10.000000000000002,15,roll_abs_r_21,0.04401444088477438,0.045464684561075934
hmm_t,3,0.9,10.000000000000002,15,roll_abs_r_matched,0.10373780579261567,0.10442116701047748
hmm_t,3,0.9,10.000000000000002,16,sigma_true,1.0,1.0
hmm_t,3,0.9,10.000000000000002,16,sigma_log,1.0,1.0
hmm_t,3,0.9,10.000000000000002,16,roll_sigma_21,0.0756271686219149,0.06960348631152158
hmm_t,3,0.9,10.000000000000002,16,roll_abs_r_21,0.049155715636061484,0.04830865215471132
hmm_t,3,0.9,10.000000000000002,16,roll_abs_r_matched,0.12243956461420161,0.12092382496244
hmm_t,3,0.9,10.000000000000002,17,sigma_true,1.0,1.0
hmm_t,3,0.9,10.000000000000002,17,sigma_log,1.0,1.0
hmm_t,3,0.9,10.000000000000002,17,roll_sigma_21,0.0891350683481987,0.0886739302697613
hmm_t,3,0.9,10.000000000000002,17,roll_abs_r_21,0.06468049785849958,0.0654244294577834
hmm_t,3,0.9,10.000000000000002,17,roll_abs_r_matched,0.1476730867751683,0.16205454200015593
hmm_t,3,0.9,10.000000000000002,18,sigma_true,1.0,1.0
hmm_t,3,0.9,10.000000000000002,18,sigma_log,1.0,1.0
hmm_t,3,0.9,10.000000000000002,18,roll_sigma_21,0.09539918613999683,0.0882145720739542
hmm_t,3,0.9,10.000000000000002,18,roll_abs_r_21,0.0868227567975338,0.08532426000717035
hmm_t,3,0.9,10.000000000000002,18,roll_abs_r_matched,0.16350114996314805,0.16051648840981542
hmm_t,3,0.9,10.000000000000002,19,sigma_true,1.0,1.0
hmm_t,3,0.9,10.000000000000002,19,sigma_log,1.0,1.0
hmm_t,3,0.9,10.000000000000002,19,roll_sigma_21,0.10275317073727307,0.09324304587310053
hmm_t,3,0.9,10.000000000000002,19,roll_abs_r_21,0.06945398541033954,0.0726804535252776
hmm_t,3,0.9,10.000000000000002,19,roll_abs_r_matched,0.11504230898504267,0.12290000460644701
hmm_t,3,0.95,19.999999999999982,0,sigma_true,1.0,1.0
hmm_t,3,0.95,19.999999999999982,0,sigma_log,1.0,1.0
hmm_t,3,0.95,19.999999999999982,0,roll_sigma_21,0.2369682525342791,0.1676964411858766
hmm_t,3,0.95,19.999999999999982,0,roll_abs_r_21,0.16756116233591115,0.18930717053471227
hmm_t,3,0.95,19.999999999999982,0,roll_abs_r_matched,0.17404786174261133,0.19907190207946765
hmm_t,3,0.95,19.999999999999982,1,sigma_true,1.0,1.0
hmm_t,3,0.95,19.999999999999982,1,sigma_log,1.0,1.0
hmm_t,3,0.95,19.999999999999982,1,roll_sigma_21,0.2558754790621119,0.11496036806589255
hmm_t,3,0.95,19.999999999999982,1,roll_abs_r_21,0.18573824670088984,0.19968576917184222
hmm_t,3,0.95,19.999999999999982,1,roll_abs_r_matched,0.18976214291097457,0.20877719590505125
hmm_t,3,0.95,19.999999999999982,2,sigma_true,1.0,1.0
hmm_t,3,0.95,19.999999999999982,2,sigma_log,1.0,1.0
hmm_t,3,0.95,19.999999999999982,2,roll_sigma_21,0.21732011299377818,0.13805878475425007
hmm_t,3,0.95,19.999999999999982,2,roll_abs_r_21,0.181775995482479,0.1753905007794581
hmm_t,3,0.95,19.999999999999982,2,roll_abs_r_matched,0.1837249244310617,0.18702166239994955
hmm_t,3,0.95,19.999999999999982,3,sigma_true,1.0,1.0
hmm_t,3,0.95,19.999999999999982,3,sigma_log,1.0,1.0
hmm_t,3,0.95,19.999999999999982,3,roll_sigma_21,0.2351800950183385,0.1799369057126721
hmm_t,3,0.95,19.999999999999982,3,roll_abs_r_21,0.18354775689835942,0.20630304538792546
hmm_t,3,0.95,19.999999999999982,3,roll_abs_r_matched,0.18856308977219802,0.20652746043975317
hmm_t,3,0.95,19.999999999999982,4,sigma_true,1.0,1.0
hmm_t,3,0.95,19.999999999999982,4,sigma_log,1.0,1.0
hmm_t,3,0.95,19.999999999999982,4,roll_sigma_21,0.2332706286808027,0.09902854279078135
hmm_t,3,0.95,19.999999999999982,4,roll_abs_r_21,0.11681378517916487,0.1165293893261531
hmm_t,3,0.95,19.999999999999982,4,roll_abs_r_matched,0.11995016308446702,0.11851974523243806
hmm_t,3,0.95,19.999999999999982,5,sigma_true,1.0,1.0
hmm_t,3,0.95,19.999999999999982,5,sigma_log,1.0,1.0
hmm_t,3,0.95,19.999999999999982,5,roll_sigma_21,0.21353677744224736,0.14883488114129156
hmm_t,3,0.95,19.999999999999982,5,roll_abs_r_21,0.14509907872545322,0.17098665898126683
hmm_t,3,0.95,19.999999999999982,5,roll_abs_r_matched,0.1531627216314935,0.18356630165402207
hmm_t,3,0.95,19.999999999999982,6,sigma_true,1.0,1.0
hmm_t,3,0.95,19.999999999999982,6,sigma_log,1.0,1.0
hmm_t,3,0.95,19.999999999999982,6,roll_sigma_21,0.22977087418416187,0.10310970160060028
hmm_t,3,0.95,19.999999999999982,6,roll_abs_r_21,0.1718801056146902,0.19574964411871704
hmm_t,3,0.95,19.999999999999982,6,roll_abs_r_matched,0.18080042449331085,0.21122360145874647
hmm_t,3,0.95,19.999999999999982,7,sigma_true,1.0,1.0
hmm_t,3,0.95,19.999999999999982,7,sigma_log,1.0,1.0
hmm_t,3,0.95,19.999999999999982,7,roll_sigma_21,0.22445030965113866,0.17262731406208598
hmm_t,3,0.95,19.999999999999982,7,roll_abs_r_21,0.16238143683385473,0.16992740222019762
hmm_t,3,0.95,19.999999999999982,7,roll_abs_r_matched,0.1634743031827564,0.1783364194684702
hmm_t,3,0.95,19.999999999999982,8,sigma_true,1.0,1.0
hmm_t,3,0.95,19.999999999999982,8,sigma_log,1.0,1.0
hmm_t,3,0.95,19.999999999999982,8,roll_sigma_21,0.24435315337241842,0.08131419102368227
hmm_t,3,0.95,19.999999999999982,8,roll_abs_r_21,0.17568446677154742,0.17208956977615675
hmm_t,3,0.95,19.999999999999982,8,roll_abs_r_matched,0.1753218847262024,0.18933315034099793
hmm_t,3,0.95,19.999999999999982,9,sigma_true,1.0,1.0
hmm_t,3,0.95,19.999999999999982,9,sigma_log,1.0,1.0
hmm_t,3,0.95,19.999999999999982,9,roll_sigma_21,0.22504099092098498,0.10934933890320388
hmm_t,3,0.95,19.999999999999982,9,roll_abs_r_21,0.13013055769454832,0.1315299481261114
hmm_t,3,0.95,19.999999999999982,9,roll_abs_r_matched,0.13368167825094834,0.14649439921467158
hmm_t,3,0.95,19.999999999999982,10,sigma_true,1.0,1.0
hmm_t,3,0.95,19.999999999999982,10,sigma_log,1.0,1.0
hmm_t,3,0.95,19.999999999999982,10,roll_sigma_21,0.23543060288761455,0.16146831603575887
hmm_t,3,0.95,19.999999999999982,10,roll_abs_r_21,0.1968117960401151,0.17872595897576038
hmm_t,3,0.95,19.999999999999982,10,roll_abs_r_matched,0.20028387719300902,0.18534129749935555
hmm_t,3,0.95,19.999999999999982,11,sigma_true,1.0,1.0
hmm_t,3,0.95,19.999999999999982,11,sigma_log,1.0,1.0
hmm_t,3,0.95,19.999999999999982,11,roll_sigma_21,0.24125222316887163,0.11195140192921525
hmm_t,3,0.95,19.999999999999982,11,roll_abs_r_21,0.16505416602803977,0.1910076809217864
hmm_t,3,0.95,19.999999999999982,11,roll_abs_r_matched,0.19792356087137403,0.23245578761641278
hmm_t,3,0.95,19.999999999999982,12,sigma_true,1.0,1.0
hmm_t,3,0.95,19.999999999999982,12,sigma_log,1.0,1.0
hmm_t,3,0.95,19.999999999999982,12,roll_sigma_21,0.22952052990346491,0.13979427877416473
hmm_t,3,0.95,19.999999999999982,12,roll_abs_r_21,0.1712308411481911,0.17479532051275826
hmm_t,3,0.95,19.999999999999982,12,roll_abs_r_matched,0.1741895832417628,0.1890335380874445
hmm_t,3,0.95,19.999999999999982,13,sigma_true,1.0,1.0
hmm_t,3,0.95,19.999999999999982,13,sigma_log,1.0,1.0
hmm_t,3,0.95,19.999999999999982,13,roll_sigma_21,0.22945867328682465,0.22602165502317023
hmm_t,3,0.95,19.999999999999982,13,roll_abs_r_21,0.1402602770441099,0.15625645136867752
hmm_t,3,0.95,19.999999999999982,13,roll_abs_r_matched,0.14708627818978315,0.16549796166138137
hmm_t,3,0.95,19.999999999999982,14,sigma_true,1.0,1.0
hmm_t,3,0.95,19.999999999999982,14,sigma_log,1.0,1.0
hmm_t,3,0.95,19.999999999999982,14,roll_sigma_21,0.23119192286771928,0.09268827526896353
hmm_t,3,0.95,19.999999999999982,14,roll_abs_r_21,0.1410827973451268,0.15493904564639896
hmm_t,3,0.95,19.999999999999982,14,roll_abs_r_matched,0.1565319526827898,0.16260294320454918
hmm_t,3,0.95,19.999999999999982,15,sigma_true,1.0,1.0
hmm_t,3,0.95,19.999999999999982,15,sigma_log,1.0,1.0
hmm_t,3,0.95,19.999999999999982,15,roll_sigma_21,0.2268564535147565,0.16454982380814953
hmm_t,3,0.95,19.999999999999982,15,roll_abs_r_21,0.16220610758996465,0.21847551710445945
hmm_t,3,0.95,19.999999999999982,15,roll_abs_r_matched,0.18007772429216704,0.23055695694431297
hmm_t,3,0.95,19.999999999999982,16,sigma_true,1.0,1.0
hmm_t,3,0.95,19.999999999999982,16,sigma_log,1.0,1.0
hmm_t,3,0.95,19.999999999999982,16,roll_sigma_21,0.263949570808317,0.1669917677657118
hmm_t,3,0.95,19.999999999999982,16,roll_abs_r_21,0.1500909373750018,0.1605080685255334
hmm_t,3,0.95,19.999999999999982,16,roll_abs_r_matched,0.14722326734156974,0.15894538139651276
hmm_t,3,0.95,19.999999999999982,17,sigma_true,1.0,1.0
hmm_t,3,0.95,19.999999999999982,17,sigma_log,1.0,1.0
hmm_t,3,0.95,19.999999999999982,17,roll_sigma_21,0.23189326723969603,0.10536166136355837
hmm_t,3,0.95,19.999999999999982,17,roll_abs_r_21,0.18373534815614528,0.18809354537155346
hmm_t,3,0.95,19.999999999999982,17,roll_abs_r_matched,0.19245613107324594,0.20081308872079576
hmm_t,3,0.95,19.999999999999982,18,sigma_true,1.0,1.0
hmm_t,3,0.95,19.999999999999982,18,sigma_log,1.0,1.0
hmm_t,3,0.95,19.999999999999982,18,roll_sigma_21,0.23048487950920654,0.13432037617306772
hmm_t,3,0.95,19.999999999999982,18,roll_abs_r_21,0.14387235799882683,0.16394901639903903
hmm_t,3,0.95,19.999999999999982,18,roll_abs_r_matched,0.15456339058982552,0.1748640476727536
hmm_t,3,0.95,19.999999999999982,19,sigma_true,1.0,1.0
hmm_t,3,0.95,19.999999999999982,19,sigma_log,1.0,1.0
hmm_t,3,0.95,19.999999999999982,19,roll_sigma_21,0.24367930581843883,0.13393764039374242
hmm_t,3,0.95,19.999999999999982,19,roll_abs_r_21,0.15895734665383693,0.19912422200346394
hmm_t,3,0.95,19.999999999999982,19,roll_abs_r_matched,0.16266811284471255,0.21077315964184565
hmm_t,3,0.99,99.99999999999991,0,sigma_true,1.0,1.0
hmm_t,3,0.99,99.99999999999991,0,sigma_log,1.0,1.0
hmm_t,3,0.99,99.99999999999991,0,roll_sigma_21,0.6986570860780772,0.6383126018991274
hmm_t,3,0.99,99.99999999999991,0,roll_abs_r_21,0.5850349620733665,0.6026024471873241
hmm_t,3,0.99,99.99999999999991,0,roll_abs_r_matched,0.18554958959126075,0.11843320862571038
hmm_t,3,0.99,99.99999999999991,1,sigma_true,1.0,1.0
hmm_t,3,0.99,99.99999999999991,1,sigma_log,1.0,1.0
hmm_t,3,0.99,99.99999999999991,1,roll_sigma_21,0.7704412471978015,0.7280599754457727
hmm_t,3,0.99,99.99999999999991,1,roll_abs_r_21,0.7022233766437909,0.6814674842802224
hmm_t,3,0.99,99.99999999999991,1,roll_abs_r_matched,0.35542450439514506,0.3244881394539631
hmm_t,3,0.99,99.99999999999991,2,sigma_true,1.0,1.0
hmm_t,3,0.99,99.99999999999991,2,sigma_log,1.0,1.0
hmm_t,3,0.99,99.99999999999991,2,roll_sigma_21,0.714192904887002,0.6592130061898295
hmm_t,3,0.99,99.99999999999991,2,roll_abs_r_21,0.5457501223150255,0.6345093167149451
hmm_t,3,0.99,99.99999999999991,2,roll_abs_r_matched,0.22022316758750063,0.19740903305372562
hmm_t,3,0.99,99.99999999999991,3,sigma_true,1.0,1.0
hmm_t,3,0.99,99.99999999999991,3,sigma_log,1.0,1.0
hmm_t,3,0.99,99.99999999999991,3,roll_sigma_21,0.6774849609838629,0.6307988127971206
hmm_t,3,0.99,99.99999999999991,3,roll_abs_r_21,0.4536539594865234,0.5649618015886819
hmm_t,3,0.99,99.99999999999991,3,roll_abs_r_matched,0.20566958912171376,0.18011099178236334
hmm_t,3,0.99,99.99999999999991,4,sigma_true,1.0,1.0
hmm_t,3,0.99,99.99999999999991,4,sigma_log,1.0,1.0
hmm_t,3,0.99,99.99999999999991,4,roll_sigma_21,0.6775934748996695,0.6093799806703288
hmm_t,3,0.99,99.99999999999991,4,roll_abs_r_21,0.5623402948544839,0.5701982485507557
hmm_t,3,0.99,99.99999999999991,4,roll_abs_r_matched,0.208760012271679,0.14437230316947758
hmm_t,3,0.99,99.99999999999991,5,sigma_true,1.0,1.0
hmm_t,3,0.99,99.99999999999991,5,sigma_log,1.0,1.0
hmm_t,3,0.99,99.99999999999991,5,roll_sigma_21,0.6875627755714627,0.6459090921530023
hmm_t,3,0.99,99.99999999999991,5,roll_abs_r_21,0.5080558065040939,0.6242252731293599
hmm_t,3,0.99,99.99999999999991,5,roll_abs_r_matched,0.2864141124640633,0.22575628783299376
hmm_t,3,0.99,99.99999999999991,6,sigma_true,1.0,1.0
hmm_t,3,0.99,99.99999999999991,6,sigma_log,1.0,1.0
hmm_t,3,0.99,99.99999999999991,6,roll_sigma_21,0.6823936733294257,0.6331090346730941
hmm_t,3,0.99,99.99999999999991,6,roll_abs_r_21,0.3035218245082396,0.3523599360086056
hmm_t,3,0.99,99.99999999999991,6,roll_abs_r_matched,0.277446003183069,0.28318804649424983
hmm_t,3,0.99,99.99999999999991,7,sigma_true,1.0,1.0
hmm_t,3,0.99,99.99999999999991,7,sigma_log,1.0,1.0
hmm_t,3,0.99,99.99999999999991,7,roll_sigma_21,0.6716166597203105,0.6076823233103967
hmm_t,3,0.99,99.99999999999991,7,roll_abs_r_21,0.5686213686835963,0.6097033484054967
hmm_t,3,0.99,99.99999999999991,7,roll_abs_r_matched,0.1444663161592364,0.14769193547777099
hmm_t,3,0.99,99.99999999999991,8,sigma_true,1.0,1.0
hmm_t,3,0.99,99.99999999999991,8,sigma_log,1.0,1.0
hmm_t,3,0.99,99.99999999999991,8,roll_sigma_21,0.6757273135129227,0.6269854290459986
hmm_t,3,0.99,99.99999999999991,8,roll_abs_r_21,0.5338218314176933,0.623823271017238
hmm_t,3,0.99,99.99999999999991,8,roll_abs_r_matched,0.23381439877658303,0.24598482380469958
hmm_t,3,0.99,99.99999999999991,9,sigma_true,1.0,1.0
hmm_t,3,0.99,99.99999999999991,9,sigma_log,1.0,1.0
hmm_t,3,0.99,99.99999999999991,9,roll_sigma_21,0.7705705991585143,0.7277167720339413
hmm_t,3,0.99,99.99999999999991,9,roll_abs_r_21,0.5379438529832155,0.6252779481949012
hmm_t,3,0.99,99.99999999999991,9,roll_abs_r_matched,0.3593922252827129,0.29667901475737035
hmm_t,3,0.99,99.99999999999991,10,sigma_true,1.0,1.0
hmm_t,3,0.99,99.99999999999991,10,sigma_log,1.0,1.0
hmm_t,3,0.99,99.99999999999991,10,roll_sigma_21,0.6955584352345026,0.6229154552345271
hmm_t,3,0.99,99.99999999999991,10,roll_abs_r_21,0.5032309373300307,0.5831006275701819
hmm_t,3,0.99,99.99999999999991,10,roll_abs_r_matched,0.17855201522233619,0.13297208361275634
hmm_t,3,0.99,99.99999999999991,11,sigma_true,1.0,1.0
hmm_t,3,0.99,99.99999999999991,11,sigma_log,1.0,1.0
hmm_t,3,0.99,99.99999999999991,11,roll_sigma_21,0.6916868324045464,0.6617947930080171
hmm_t,3,0.99,99.99999999999991,11,roll_abs_r_21,0.5870613922447352,0.6015606343998802
hmm_t,3,0.99,99.99999999999991,11,roll_abs_r_matched,0.2705261194440454,0.19246095884789152
hmm_t,3,0.99,99.99999999999991,12,sigma_true,1.0,1.0
hmm_t,3,0.99,99.99999999999991,12,sigma_log,1.0,1.0
hmm_t,3,0.99,99.99999999999991,12,roll_sigma_21,0.7075881190425258,0.6765337077914182
hmm_t,3,0.99,99.99999999999991,12,roll_abs_r_21,0.35513115986698185,0.4737065979547781
hmm_t,3,0.99,99.99999999999991,12,roll_abs_r_matched,0.30561922989857465,0.26609669177606143
hmm_t,3,0.99,99.99999999999991,13,sigma_true,1.0,1.0
hmm_t,3,0.99,99.99999999999991,13,sigma_log,1.0,1.0
hmm_t,3,0.99,99.99999999999991,13,roll_sigma_21,0.7234817662354303,0.6581575992654498
hmm_t,3,0.99,99.99999999999991,13,roll_abs_r_21,0.6067791445535651,0.6290340514402689
hmm_t,3,0.99,99.99999999999991,13,roll_abs_r_matched,0.2639081904312188,0.23263976118556892
hmm_t,3,0.99,99.99999999999991,14,sigma_true,1.0,1.0
hmm_t,3,0.99,99.99999999999991,14,sigma_log,1.0,1.0
hmm_t,3,0.99,99.99999999999991,14,roll_sigma_21,0.7152009634098482,0.6664421839357405
hmm_t,3,0.99,99.99999999999991,14,roll_abs_r_21,0.41122860040008874,0.589283766048208
hmm_t,3,0.99,99.99999999999991,14,roll_abs_r_matched,0.25379084755295905,0.2367668605523806
hmm_t,3,0.99,99.99999999999991,15,sigma_true,1.0,1.0
hmm_t,3,0.99,99.99999999999991,15,sigma_log,1.0,1.0
hmm_t,3,0.99,99.99999999999991,15,roll_sigma_21,0.760218904146452,0.7150481322077795
hmm_t,3,0.99,99.99999999999991,15,roll_abs_r_21,0.6862414913192777,0.7117040905926149
hmm_t,3,0.99,99.99999999999991,15,roll_abs_r_matched,0.3329471968453122,0.28042247110227314
hmm_t,3,0.99,99.99999999999991,16,sigma_true,1.0,1.0
hmm_t,3,0.99,99.99999999999991,16,sigma_log,1.0,1.0
hmm_t,3,0.99,99.99999999999991,16,roll_sigma_21,0.7104945305188624,0.6580526153198969
hmm_t,3,0.99,99.99999999999991,16,roll_abs_r_21,0.46787244321674354,0.6179964620492283
hmm_t,3,0.99,99.99999999999991,16,roll_abs_r_matched,0.22075035320543718,0.21480611549557144
hmm_t,3,0.99,99.99999999999991,17,sigma_true,1.0,1.0
hmm_t,3,0.99,99.99999999999991,17,sigma_log,1.0,1.0
hmm_t,3,0.99,99.99999999999991,17,roll_sigma_21,0.6828785305876142,0.6476755426613766
hmm_t,3,0.99,99.99999999999991,17,roll_abs_r_21,0.47649886363330224,0.5826337533759487
hmm_t,3,0.99,99.99999999999991,17,roll_abs_r_matched,0.2358645677276096,0.17917425381491997
hmm_t,3,0.99,99.99999999999991,18,sigma_true,1.0,1.0
hmm_t,3,0.99,99.99999999999991,18,sigma_log,1.0,1.0
hmm_t,3,0.99,99.99999999999991,18,roll_sigma_21,0.756638579488437,0.7084289871240415
hmm_t,3,0.99,99.99999999999991,18,roll_abs_r_21,0.5417369536029638,0.6877947305800937
hmm_t,3,0.99,99.99999999999991,18,roll_abs_r_matched,0.3169881190524319,0.30108913516574487
hmm_t,3,0.99,99.99999999999991,19,sigma_true,1.0,1.0
hmm_t,3,0.99,99.99999999999991,19,sigma_log,1.0,1.0
hmm_t,3,0.99,99.99999999999991,19,roll_sigma_21,0.6920293194488378,0.6428383100318648
hmm_t,3,0.99,99.99999999999991,19,roll_abs_r_21,0.5963523458261027,0.6300038517481464
hmm_t,3,0.99,99.99999999999991,19,roll_abs_r_matched,0.3601556070323019,0.25920723613373914
hmm_t,4,0.9,10.000000000000002,0,sigma_true,1.0,1.0
hmm_t,4,0.9,10.000000000000002,0,sigma_log,1.0,1.0
hmm_t,4,0.9,10.000000000000002,0,roll_sigma_21,0.0804491872204865,0.07632218758847507
hmm_t,4,0.9,10.000000000000002,0,roll_abs_r_21,0.056319854133889465,0.060431572408746706
hmm_t,4,0.9,10.000000000000002,0,roll_abs_r_matched,0.12392365414110075,0.1249997188276217
hmm_t,4,0.9,10.000000000000002,1,sigma_true,1.0,1.0
hmm_t,4,0.9,10.000000000000002,1,sigma_log,1.0,1.0
hmm_t,4,0.9,10.000000000000002,1,roll_sigma_21,0.07502523699822329,0.07339289749159207
hmm_t,4,0.9,10.000000000000002,1,roll_abs_r_21,0.07768179491205676,0.07283678272317412
hmm_t,4,0.9,10.000000000000002,1,roll_abs_r_matched,0.15243800628860174,0.152816194537384
hmm_t,4,0.9,10.000000000000002,2,sigma_true,1.0,1.0
hmm_t,4,0.9,10.000000000000002,2,sigma_log,1.0,1.0
hmm_t,4,0.9,10.000000000000002,2,roll_sigma_21,0.06506115846388374,0.061675307293633824
hmm_t,4,0.9,10.000000000000002,2,roll_abs_r_21,0.04918159001172067,0.05065448895819203
hmm_t,4,0.9,10.000000000000002,2,roll_abs_r_matched,0.11913353087146886,0.11852552281910628
hmm_t,4,0.9,10.000000000000002,3,sigma_true,1.0,1.0
hmm_t,4,0.9,10.000000000000002,3,sigma_log,1.0,1.0
hmm_t,4,0.9,10.000000000000002,3,roll_sigma_21,0.07164917261697042,0.06934342174921419
hmm_t,4,0.9,10.000000000000002,3,roll_abs_r_21,0.05368476707586653,0.0539014053277493
hmm_t,4,0.9,10.000000000000002,3,roll_abs_r_matched,0.1409405515179134,0.14390307776682887
hmm_t,4,0.9,10.000000000000002,4,sigma_true,1.0,1.0
hmm_t,4,0.9,10.000000000000002,4,sigma_log,1.0,1.0
hmm_t,4,0.9,10.000000000000002,4,roll_sigma_21,0.09334051383327129,0.09092698642846499
hmm_t,4,0.9,10.000000000000002,4,roll_abs_r_21,0.08093772270031414,0.07848459279535819
hmm_t,4,0.9,10.000000000000002,4,roll_abs_r_matched,0.17085395793289554,0.175899090868339
hmm_t,4,0.9,10.000000000000002,5,sigma_true,1.0,1.0
hmm_t,4,0.9,10.000000000000002,5,sigma_log,1.0,1.0
hmm_t,4,0.9,10.000000000000002,5,roll_sigma_21,0.09523061075131775,0.08796073581247488
hmm_t,4,0.9,10.000000000000002,5,roll_abs_r_21,0.07220242423885564,0.07348388917474721
hmm_t,4,0.9,10.000000000000002,5,roll_abs_r_matched,0.15006505499650766,0.14950239858810194
hmm_t,4,0.9,10.000000000000002,6,sigma_true,1.0,1.0
hmm_t,4,0.9,10.000000000000002,6,sigma_log,1.0,1.0
hmm_t,4,0.9,10.000000000000002,6,roll_sigma_21,0.08830812795706729,0.08572381997915486
hmm_t,4,0.9,10.000000000000002,6,roll_abs_r_21,0.07422269628011315,0.07174769426032637
hmm_t,4,0.9,10.000000000000002,6,roll_abs_r_matched,0.14904193760902304,0.15767079436561315
hmm_t,4,0.9,10.000000000000002,7,sigma_true,1.0,1.0
hmm_t,4,0.9,10.000000000000002,7,sigma_log,1.0,1.0
hmm_t,4,0.9,10.000000000000002,7,roll_sigma_21,0.0674684248909756,0.06813749199734406
hmm_t,4,0.9,10.000000000000002,7,roll_abs_r_21,0.0501896276687972,0.049895488630626685
hmm_t,4,0.9,10.000000000000002,7,roll_abs_r_matched,0.1332113938168227,0.13255547062518686
hmm_t,4,0.9,10.000000000000002,8,sigma_true,1.0,1.0
hmm_t,4,0.9,10.000000000000002,8,sigma_log,1.0,1.0
hmm_t,4,0.9,10.000000000000002,8,roll_sigma_21,0.07205502469944265,0.06872724691708483
hmm_t,4,0.9,10.000000000000002,8,roll_abs_r_21,0.06181836993746283,0.06217566272583762
hmm_t,4,0.9,10.000000000000002,8,roll_abs_r_matched,0.1359943853212752,0.13477148457460303
hmm_t,4,0.9,10.000000000000002,9,sigma_true,1.0,1.0
hmm_t,4,0.9,10.000000000000002,9,sigma_log,1.0,1.0
hmm_t,4,0.9,10.000000000000002,9,roll_sigma_21,0.08497598353558856,0.08589239579688632
hmm_t,4,0.9,10.000000000000002,9,roll_abs_r_21,0.05627072007505243,0.0560348739014931
hmm_t,4,0.9,10.000000000000002,9,roll_abs_r_matched,0.13500592987983584,0.1358266924709189
hmm_t,4,0.9,10.000000000000002,10,sigma_true,1.0,1.0
hmm_t,4,0.9,10.000000000000002,10,sigma_log,1.0,1.0
hmm_t,4,0.9,10.000000000000002,10,roll_sigma_21,0.06434287727887074,0.062270251789177
hmm_t,4,0.9,10.000000000000002,10,roll_abs_r_21,0.04758543531271882,0.04833204738083006
hmm_t,4,0.9,10.000000000000002,10,roll_abs_r_matched,0.12284331588229863,0.12432259970711788
hmm_t,4,0.9,10.000000000000002,11,sigma_true,1.0,1.0
hmm_t,4,0.9,10.000000000000002,11,sigma_log,1.0,1.0
hmm_t,4,0.9,10.000000000000002,11,roll_sigma_21,0.0919323941942486,0.08255515549243131
hmm_t,4,0.9,10.000000000000002,11,roll_abs_r_21,0.06186344168605152,0.06439431682812781
hmm_t,4,0.9,10.000000000000002,11,roll_abs_r_matched,0.15957029753028704,0.16175909314550507
hmm_t,4,0.9,10.000000000000002,12,sigma_true,1.0,1.0
hmm_t,4,0.9,10.000000000000002,12,sigma_log,1.0,1.0
hmm_t,4,0.9,10.000000000000002,12,roll_sigma_21,0.06382344036035838,0.06318625758260765
hmm_t,4,0.9,10.000000000000002,12,roll_abs_r_21,0.055450270493433644,0.05559250413303068
hmm_t,4,0.9,10.000000000000002,12,roll_abs_r_matched,0.1477687985234216,0.14612155990637596
hmm_t,4,0.9,10.000000000000002,13,sigma_true,1.0,1.0
hmm_t,4,0.9,10.000000000000002,13,sigma_log,1.0,1.0
hmm_t,4,0.9,10.000000000000002,13,roll_sigma_21,0.0903153303923166,0.09431401432371289
hmm_t,4,0.9,10.000000000000002,13,roll_abs_r_21,0.0710401540029712,0.07112978098192904
hmm_t,4,0.9,10.000000000000002,13,roll_abs_r_matched,0.13114561123174995,0.13413537617868423
hmm_t,4,0.9,10.000000000000002,14,sigma_true,1.0,1.0
hmm_t,4,0.9,10.000000000000002,14,sigma_log,1.0,1.0
hmm_t,4,0.9,10.000000000000002,14,roll_sigma_21,0.08232993704672228,0.08321421499035198
hmm_t,4,0.9,10.000000000000002,14,roll_abs_r_21,0.06747516938981173,0.06959069406529152
hmm_t,4,0.9,10.000000000000002,14,roll_abs_r_matched,0.15160082282756152,0.15237803346928966
hmm_t,4,0.9,10.000000000000002,15,sigma_true,1.0,1.0
hmm_t,4,0.9,10.000000000000002,15,sigma_log,1.0,1.0
hmm_t,4,0.9,10.000000000000002,15,roll_sigma_21,0.09821415091297597,0.09533457195295504
hmm_t,4,0.9,10.000000000000002,15,roll_abs_r_21,0.08315897578891907,0.08325816601817443
hmm_t,4,0.9,10.000000000000002,15,roll_abs_r_matched,0.17050807943658525,0.16820918850147715
hmm_t,4,0.9,10.000000000000002,16,sigma_true,1.0,1.0
hmm_t,4,0.9,10.000000000000002,16,sigma_log,1.0,1.0
hmm_t,4,0.9,10.000000000000002,16,roll_sigma_21,0.07214764543722349,0.07002578270091686
hmm_t,4,0.9,10.000000000000002,16,roll_abs_r_21,0.06899707980111221,0.06676492075962893
hmm_t,4,0.9,10.000000000000002,16,roll_abs_r_matched,0.13782146268327017,0.13887126386651857
hmm_t,4,0.9,10.000000000000002,17,sigma_true,1.0,1.0
hmm_t,4,0.9,10.000000000000002,17,sigma_log,1.0,1.0
hmm_t,4,0.9,10.000000000000002,17,roll_sigma_21,0.09562411267992756,0.09245895222108631
hmm_t,4,0.9,10.000000000000002,17,roll_abs_r_21,0.0696121499103018,0.07429821735709695
hmm_t,4,0.9,10.000000000000002,17,roll_abs_r_matched,0.14317511247981568,0.15788645800807338
hmm_t,4,0.9,10.000000000000002,18,sigma_true,1.0,1.0
hmm_t,4,0.9,10.000000000000002,18,sigma_log,1.0,1.0
hmm_t,4,0.9,10.000000000000002,18,roll_sigma_21,0.09592566321369855,0.09214485641236855
hmm_t,4,0.9,10.000000000000002,18,roll_abs_r_21,0.07133669419607848,0.07295553243351116
hmm_t,4,0.9,10.000000000000002,18,roll_abs_r_matched,0.14850224408131157,0.14873683197142243
hmm_t,4,0.9,10.000000000000002,19,sigma_true,1.0,1.0
hmm_t,4,0.9,10.000000000000002,19,sigma_log,1.0,1.0
hmm_t,4,0.9,10.000000000000002,19,roll_sigma_21,0.10728092978722775,0.10432953136970989
hmm_t,4,0.9,10.000000000000002,19,roll_abs_r_21,0.07533242983810402,0.07447835598480455
hmm_t,4,0.9,10.000000000000002,19,roll_abs_r_matched,0.1533898068844225,0.15817003863415463
hmm_t,4,0.95,19.999999999999982,0,sigma_true,1.0,1.0
hmm_t,4,0.95,19.999999999999982,0,sigma_log,1.0,1.0
hmm_t,4,0.95,19.999999999999982,0,roll_sigma_21,0.23594831262841362,0.207213727762879
hmm_t,4,0.95,19.999999999999982,0,roll_abs_r_21,0.17113193388369255,0.1740011234218121
hmm_t,4,0.95,19.999999999999982,0,roll_abs_r_matched,0.17995800562039654,0.18225796752965998
hmm_t,4,0.95,19.999999999999982,1,sigma_true,1.0,1.0
hmm_t,4,0.95,19.999999999999982,1,sigma_log,1.0,1.0
hmm_t,4,0.95,19.999999999999982,1,roll_sigma_21,0.23223428483323066,0.21745371227803467
hmm_t,4,0.95,19.999999999999982,1,roll_abs_r_21,0.17408195551502684,0.1618892763223013
hmm_t,4,0.95,19.999999999999982,1,roll_abs_r_matched,0.17843222205723694,0.17544934496944406
hmm_t,4,0.95,19.999999999999982,2,sigma_true,1.0,1.0
hmm_t,4,0.95,19.999999999999982,2,sigma_log,1.0,1.0
hmm_t,4,0.95,19.999999999999982,2,roll_sigma_21,0.23081421780120936,0.1875112167926325
hmm_t,4,0.95,19.999999999999982,2,roll_abs_r_21,0.17759188730985676,0.18000153884178222
hmm_t,4,0.95,19.999999999999982,2,roll_abs_r_matched,0.18234470191832314,0.18265946033787359
hmm_t,4,0.95,19.999999999999982,3,sigma_true,1.0,1.0
hmm_t,4,0.95,19.999999999999982,3,sigma_log,1.0,1.0
hmm_t,4,0.95,19.999999999999982,3,roll_sigma_21,0.2548223535024043,0.1990288616694644
hmm_t,4,0.95,19.999999999999982,3,roll_abs_r_21,0.1978181368556084,0.23541059099634204
hmm_t,4,0.95,19.999999999999982,3,roll_abs_r_matched,0.21545044464240962,0.2412973354433735
hmm_t,4,0.95,19.999999999999982,4,sigma_true,1.0,1.0
hmm_t,4,0.95,19.999999999999982,4,sigma_log,1.0,1.0
hmm_t,4,0.95,19.999999999999982,4,roll_sigma_21,0.19353694271647154,0.1836004847629264
hmm_t,4,0.95,19.999999999999982,4,roll_abs_r_21,0.142634000782981,0.153225181702538
hmm_t,4,0.95,19.999999999999982,4,roll_abs_r_matched,0.15594929107531028,0.16090618700962364
hmm_t,4,0.95,19.999999999999982,5,sigma_true,1.0,1.0
hmm_t,4,0.95,19.999999999999982,5,sigma_log,1.0,1.0
hmm_t,4,0.95,19.999999999999982,5,roll_sigma_21,0.21447065655449257,0.18374062473432543
hmm_t,4,0.95,19.999999999999982,5,roll_abs_r_21,0.14319929452744282,0.14525369842751262
hmm_t,4,0.95,19.999999999999982,5,roll_abs_r_matched,0.15303219344914956,0.1537027308222561
hmm_t,4,0.95,19.999999999999982,6,sigma_true,1.0,1.0
hmm_t,4,0.95,19.999999999999982,6,sigma_log,1.0,1.0
hmm_t,4,0.95,19.999999999999982,6,roll_sigma_21,0.20663740370090242,0.1928717384814843
hmm_t,4,0.95,19.999999999999982,6,roll_abs_r_21,0.17562814531254006,0.1765256581458233
hmm_t,4,0.95,19.999999999999982,6,roll_abs_r_matched,0.17987258472051473,0.18233063711984654
hmm_t,4,0.95,19.999999999999982,7,sigma_true,1.0,1.0
hmm_t,4,0.95,19.999999999999982,7,sigma_log,1.0,1.0
hmm_t,4,0.95,19.999999999999982,7,roll_sigma_21,0.1970740834679347,0.1899633932373666
hmm_t,4,0.95,19.999999999999982,7,roll_abs_r_21,0.14599801302836088,0.1507721660501118
hmm_t,4,0.95,19.999999999999982,7,roll_abs_r_matched,0.15392463421714483,0.15468482795393712
hmm_t,4,0.95,19.999999999999982,8,sigma_true,1.0,1.0
hmm_t,4,0.95,19.999999999999982,8,sigma_log,1.0,1.0
hmm_t,4,0.95,19.999999999999982,8,roll_sigma_21,0.1739514884406596,0.19050883701178317
hmm_t,4,0.95,19.999999999999982,8,roll_abs_r_21,0.15256980764831107,0.15691465280026345
hmm_t,4,0.95,19.999999999999982,8,roll_abs_r_matched,0.16256234516734067,0.16296898881832922
hmm_t,4,0.95,19.999999999999982,9,sigma_true,1.0,1.0
hmm_t,4,0.95,19.999999999999982,9,sigma_log,1.0,1.0
hmm_t,4,0.95,19.999999999999982,9,roll_sigma_21,0.20854450832024285,0.18502355781449983
hmm_t,4,0.95,19.999999999999982,9,roll_abs_r_21,0.16559373963747248,0.16260221741295666
hmm_t,4,0.95,19.999999999999982,9,roll_abs_r_matched,0.17171696478402568,0.16555672323915768
hmm_t,4,0.95,19.999999999999982,10,sigma_true,1.0,1.0
hmm_t,4,0.95,19.999999999999982,10,sigma_log,1.0,1.0
hmm_t,4,0.95,19.999999999999982,10,roll_sigma_21,0.19255339270241653,0.17222921663220556
hmm_t,4,0.95,19.999999999999982,10,roll_abs_r_21,0.12933278721023425,0.11162395951536311
hmm_t,4,0.95,19.999999999999982,10,roll_abs_r_matched,0.13499151624579248,0.12411798821943876
hmm_t,4,0.95,19.999999999999982,11,sigma_true,1.0,1.0
hmm_t,4,0.95,19.999999999999982,11,sigma_log,1.0,1.0
hmm_t,4,0.95,19.999999999999982,11,roll_sigma_21,0.2169913056255553,0.172490997059434
hmm_t,4,0.95,19.999999999999982,11,roll_abs_r_21,0.1730650224734394,0.1675460309379174
hmm_t,4,0.95,19.999999999999982,11,roll_abs_r_matched,0.18125945438367203,0.1728192306752472
hmm_t,4,0.95,19.999999999999982,12,sigma_true,1.0,1.0
hmm_t,4,0.95,19.999999999999982,12,sigma_log,1.0,1.0
hmm_t,4,0.95,19.999999999999982,12,roll_sigma_21,0.17328650031392856,0.13682099912091011
hmm_t,4,0.95,19.999999999999982,12,roll_abs_r_21,0.1356826446298258,0.14122772499799408
hmm_t,4,0.95,19.999999999999982,12,roll_abs_r_matched,0.1458201306317758,0.1470255271434979
hmm_t,4,0.95,19.999999999999982,13,sigma_true,1.0,1.0
hmm_t,4,0.95,19.999999999999982,13,sigma_log,1.0,1.0
hmm_t,4,0.95,19.999999999999982,13,roll_sigma_21,0.19694117633109534,0.16319982971629934
hmm_t,4,0.95,19.999999999999982,13,roll_abs_r_21,0.15875666296685198,0.16213973961198547
hmm_t,4,0.95,19.999999999999982,13,roll_abs_r_matched,0.16168111794519852,0.16854319312952828
hmm_t,4,0.95,19.999999999999982,14,sigma_true,1.0,1.0
hmm_t,4,0.95,19.999999999999982,14,sigma_log,1.0,1.0
hmm_t,4,0.95,19.999999999999982,14,roll_sigma_21,0.21022364878421798,0.21605791730491397
hmm_t,4,0.95,19.999999999999982,14,roll_abs_r_21,0.17011957501487884,0.1629921389643832
hmm_t,4,0.95,19.999999999999982,14,roll_abs_r_matched,0.1716211681908565,0.16881821889225615
hmm_t,4,0.95,19.999999999999982,15,sigma_true,1.0,1.0
hmm_t,4,0.95,19.999999999999982,15,sigma_log,1.0,1.0
hmm_t,4,0.95,19.999999999999982,15,roll_sigma_21,0.17086764633450638,0.16081310761250525
hmm_t,4,0.95,19.999999999999982,15,roll_abs_r_21,0.13900129893882562,0.13863213864752477
hmm_t,4,0.95,19.999999999999982,15,roll_abs_r_matched,0.14502623254746574,0.1489879379737155
hmm_t,4,0.95,19.999999999999982,16,sigma_true,1.0,1.0
hmm_t,4,0.95,19.999999999999982,16,sigma_log,1.0,1.0
hmm_t,4,0.95,19.999999999999982,16,roll_sigma_21,0.24512938874942622,0.19851173393718724
hmm_t,4,0.95,19.999999999999982,16,roll_abs_r_21,0.19976539236509866,0.1985969359097503
hmm_t,4,0.95,19.999999999999982,16,roll_abs_r_matched,0.1985287577847521,0.20995686247094364
hmm_t,4,0.95,19.999999999999982,17,sigma_true,1.0,1.0
hmm_t,4,0.95,19.999999999999982,17,sigma_log,1.0,1.0
hmm_t,4,0.95,19.999999999999982,17,roll_sigma_21,0.19266553803677008,0.14602914808583956
hmm_t,4,0.95,19.999999999999982,17,roll_abs_r_21,0.125718621983284,0.12257621911091739
hmm_t,4,0.95,19.999999999999982,17,roll_abs_r_matched,0.13268486991786857,0.13028568336140298
hmm_t,4,0.95,19.999999999999982,18,sigma_true,1.0,1.0
hmm_t,4,0.95,19.999999999999982,18,sigma_log,1.0,1.0
hmm_t,4,0.95,19.999999999999982,18,roll_sigma_21,0.21100643518605694,0.19300295215365662
hmm_t,4,0.95,19.999999999999982,18,roll_abs_r_21,0.15043583090870521,0.15417916492474706
hmm_t,4,0.95,19.999999999999982,18,roll_abs_r_matched,0.15974952155430258,0.16263252531726607
hmm_t,4,0.95,19.999999999999982,19,sigma_true,1.0,1.0
hmm_t,4,0.95,19.999999999999982,19,sigma_log,1.0,1.0
hmm_t,4,0.95,19.999999999999982,19,roll_sigma_21,0.19953264353271838,0.15966997387971119
hmm_t,4,0.95,19.999999999999982,19,roll_abs_r_21,0.15360101176109697,0.1535142671125066
hmm_t,4,0.95,19.999999999999982,19,roll_abs_r_matched,0.16017127488734395,0.16204683350490556
hmm_t,4,0.99,99.99999999999991,0,sigma_true,1.0,1.0
hmm_t,4,0.99,99.99999999999991,0,sigma_log,1.0,1.0
hmm_t,4,0.99,99.99999999999991,0,roll_sigma_21,0.7490710686334816,0.7078147033495595
hmm_t,4,0.99,99.99999999999991,0,roll_abs_r_21,0.4106785803178819,0.4181278469442551
hmm_t,4,0.99,99.99999999999991,0,roll_abs_r_matched,0.22605373860103561,0.24126902554734073
hmm_t,4,0.99,99.99999999999991,1,sigma_true,1.0,1.0
hmm_t,4,0.99,99.99999999999991,1,sigma_log,1.0,1.0
hmm_t,4,0.99,99.99999999999991,1,roll_sigma_21,0.6756856297110648,0.5864264450267604
hmm_t,4,0.99,99.99999999999991,1,roll_abs_r_21,0.42120305694428617,0.5914212514733947
hmm_t,4,0.99,99.99999999999991,1,roll_abs_r_matched,0.21097399417594784,0.21680400229602012
hmm_t,4,0.99,99.99999999999991,2,sigma_true,1.0,1.0
hmm_t,4,0.99,99.99999999999991,2,sigma_log,1.0,1.0
hmm_t,4,0.99,99.99999999999991,2,roll_sigma_21,0.7347486106327218,0.6892269622153658
hmm_t,4,0.99,99.99999999999991,2,roll_abs_r_21,0.4016659015378745,0.40124866552002497
hmm_t,4,0.99,99.99999999999991,2,roll_abs_r_matched,0.1940790991051093,0.18808202411343622
hmm_t,4,0.99,99.99999999999991,3,sigma_true,1.0,1.0
hmm_t,4,0.99,99.99999999999991,3,sigma_log,1.0,1.0
hmm_t,4,0.99,99.99999999999991,3,roll_sigma_21,0.6909637959226169,0.6228333210321684
hmm_t,4,0.99,99.99999999999991,3,roll_abs_r_21,0.37148245330024604,0.5587422846312019
hmm_t,4,0.99,99.99999999999991,3,roll_abs_r_matched,0.18959322288654196,0.18303275810505606
hmm_t,4,0.99,99.99999999999991,4,sigma_true,1.0,1.0
hmm_t,4,0.99,99.99999999999991,4,sigma_log,1.0,1.0
hmm_t,4,0.99,99.99999999999991,4,roll_sigma_21,0.7662283475802938,0.7594617274093244
hmm_t,4,0.99,99.99999999999991,4,roll_abs_r_21,0.5247200455768762,0.45635367547997413
hmm_t,4,0.99,99.99999999999991,4,roll_abs_r_matched,0.30664849142113787,0.33658071932630024
hmm_t,4,0.99,99.99999999999991,5,sigma_true,1.0,1.0
hmm_t,4,0.99,99.99999999999991,5,sigma_log,1.0,1.0
hmm_t,4,0.99,99.99999999999991,5,roll_sigma_21,0.7206359674184794,0.6699523854672528
hmm_t,4,0.99,99.99999999999991,5,roll_abs_r_21,0.39319008632064106,0.39857715846070735
hmm_t,4,0.99,99.99999999999991,5,roll_abs_r_matched,0.18566854165081997,0.17901500298694212
hmm_t,4,0.99,99.99999999999991,6,sigma_true,1.0,1.0
hmm_t,4,0.99,99.99999999999991,6,sigma_log,1.0,1.0
hmm_t,4,0.99,99.99999999999991,6,roll_sigma_21,0.7363543501648991,0.636898853686393
hmm_t,4,0.99,99.99999999999991,6,roll_abs_r_21,0.4903852496340156,0.49498602201068603
hmm_t,4,0.99,99.99999999999991,6,roll_abs_r_matched,0.2606148637746158,0.26570400343118494
hmm_t,4,0.99,99.99999999999991,7,sigma_true,1.0,1.0
hmm_t,4,0.99,99.99999999999991,7,sigma_log,1.0,1.0
hmm_t,4,0.99,99.99999999999991,7,roll_sigma_21,0.7462281963672741,0.7080718640689129
hmm_t,4,0.99,99.99999999999991,7,roll_abs_r_21,0.40646681560019854,0.4171960235840008
hmm_t,4,0.99,99.99999999999991,7,roll_abs_r_matched,0.22549081184593975,0.26255719870240546
hmm_t,4,0.99,99.99999999999991,8,sigma_true,1.0,1.0
hmm_t,4,0.99,99.99999999999991,8,sigma_log,1.0,1.0
hmm_t,4,0.99,99.99999999999991,8,roll_sigma_21,0.7602900966186305,0.6976055952313185
hmm_t,4,0.99,99.99999999999991,8,roll_abs_r_21,0.5620113635507172,0.5310161540864557
hmm_t,4,0.99,99.99999999999991,8,roll_abs_r_matched,0.3478990553448923,0.3219099438629412
hmm_t,4,0.99,99.99999999999991,9,sigma_true,1.0,1.0
hmm_t,4,0.99,99.99999999999991,9,sigma_log,1.0,1.0
hmm_t,4,0.99,99.99999999999991,9,roll_sigma_21,0.7330722238834446,0.6739484227817593
hmm_t,4,0.99,99.99999999999991,9,roll_abs_r_21,0.47343832816712694,0.4647338743350668
hmm_t,4,0.99,99.99999999999991,9,roll_abs_r_matched,0.27318296394125446,0.2972156832661265
hmm_t,4,0.99,99.99999999999991,10,sigma_true,1.0,1.0
hmm_t,4,0.99,99.99999999999991,10,sigma_log,1.0,1.0
hmm_t,4,0.99,99.99999999999991,10,roll_sigma_21,0.7411465966559443,0.7403845922440587
hmm_t,4,0.99,99.99999999999991,10,roll_abs_r_21,0.4292962494741077,0.544087657772141
hmm_t,4,0.99,99.99999999999991,10,roll_abs_r_matched,0.2605700852414691,0.24783281797916634
hmm_t,4,0.99,99.99999999999991,11,sigma_true,1.0,1.0
hmm_t,4,0.99,99.99999999999991,11,sigma_log,1.0,1.0
hmm_t,4,0.99,99.99999999999991,11,roll_sigma_21,0.7624412711170246,0.704753036096771
hmm_t,4,0.99,99.99999999999991,11,roll_abs_r_21,0.4254908401021616,0.4820332498789676
hmm_t,4,0.99,99.99999999999991,11,roll_abs_r_matched,0.21705946965028436,0.2301311239797569
hmm_t,4,0.99,99.99999999999991,12,sigma_true,1.0,1.0
hmm_t,4,0.99,99.99999999999991,12,sigma_log,1.0,1.0
hmm_t,4,0.99,99.99999999999991,12,roll_sigma_21,0.7625761559765076,0.6981096853316792
hmm_t,4,0.99,99.99999999999991,12,roll_abs_r_21,0.41949329075313857,0.6094897001988755
hmm_t,4,0.99,99.99999999999991,12,roll_abs_r_matched,0.2509501653983288,0.2688269658261527
hmm_t,4,0.99,99.99999999999991,13,sigma_true,1.0,1.0
hmm_t,4,0.99,99.99999999999991,13,sigma_log,1.0,1.0
hmm_t,4,0.99,99.99999999999991,13,roll_sigma_21,0.7857240749671917,0.742860595863123
hmm_t,4,0.99,99.99999999999991,13,roll_abs_r_21,0.4243333484729192,0.7239587470516007
hmm_t,4,0.99,99.99999999999991,13,roll_abs_r_matched,0.24935395788744366,0.3136805491493537
hmm_t,4,0.99,99.99999999999991,14,sigma_true,1.0,1.0
hmm_t,4,0.99,99.99999999999991,14,sigma_log,1.0,1.0
hmm_t,4,0.99,99.99999999999991,14,roll_sigma_21,0.7370220285773057,0.6932423234921309
hmm_t,4,0.99,99.99999999999991,14,roll_abs_r_21,0.560474471961222,0.5642618027285684
hmm_t,4,0.99,99.99999999999991,14,roll_abs_r_matched,0.22979975644317557,0.21088102335020611
hmm_t,4,0.99,99.99999999999991,15,sigma_true,1.0,1.0
hmm_t,4,0.99,99.99999999999991,15,sigma_log,1.0,1.0
hmm_t,4,0.99,99.99999999999991,15,roll_sigma_21,0.7088447248266468,0.6541136313376041
hmm_t,4,0.99,99.99999999999991,15,roll_abs_r_21,0.4187592322855926,0.42413454066429207
hmm_t,4,0.99,99.99999999999991,15,roll_abs_r_matched,0.18076682888459952,0.17714453534061897
hmm_t,4,0.99,99.99999999999991,16,sigma_true,1.0,1.0
hmm_t,4,0.99,99.99999999999991,16,sigma_log,1.0,1.0
hmm_t,4,0.99,99.99999999999991,16,roll_sigma_21,0.6958614781182927,0.6616286262824769
hmm_t,4,0.99,99.99999999999991,16,roll_abs_r_21,0.3822198188849283,0.38906004925763643
hmm_t,4,0.99,99.99999999999991,16,roll_abs_r_matched,0.1680160934377262,0.16423324266735068
hmm_t,4,0.99,99.99999999999991,17,sigma_true,1.0,1.0
hmm_t,4,0.99,99.99999999999991,17,sigma_log,1.0,1.0
hmm_t,4,0.99,99.99999999999991,17,roll_sigma_21,0.7077203289358563,0.6484293251200346
hmm_t,4,0.99,99.99999999999991,17,roll_abs_r_21,0.3859422918040159,0.385151307680253
hmm_t,4,0.99,99.99999999999991,17,roll_abs_r_matched,0.18627984011463708,0.16645981002013796
hmm_t,4,0.99,99.99999999999991,18,sigma_true,1.0,1.0
hmm_t,4,0.99,99.99999999999991,18,sigma_log,1.0,1.0
hmm_t,4,0.99,99.99999999999991,18,roll_sigma_21,0.7410439976584938,0.7053472513269595
hmm_t,4,0.99,99.99999999999991,18,roll_abs_r_21,0.5166834567135477,0.5167496298674776
hmm_t,4,0.99,99.99999999999991,18,roll_abs_r_matched,0.25724947933101183,0.2238391437179342
hmm_t,4,0.99,99.99999999999991,19,sigma_true,1.0,1.0
hmm_t,4,0.99,99.99999999999991,19,sigma_log,1.0,1.0
hmm_t,4,0.99,99.99999999999991,19,roll_sigma_21,0.7386697965499224,0.7040158010041961
hmm_t,4,0.99,99.99999999999991,19,roll_abs_r_21,0.5007041113923446,0.47261792455336615
hmm_t,4,0.99,99.99999999999991,19,roll_abs_r_matched,0.2643467598877295,0.242713678221959
